[2026-04-21T05:36:00.703Z] {"timestamp":1776749758479,"level":"DEBUG","args":["[Manus] Debug collector initialized (no rrweb, UI events only)"],"stack":null}
[2026-04-21T05:36:00.704Z] {"timestamp":1776749758730,"level":"DEBUG","args":["[vite] connected."],"stack":null}
[2026-04-21T05:36:10.634Z] {"timestamp":1776749768629,"level":"DEBUG","args":["[Manus] Debug collector initialized (no rrweb, UI events only)"],"stack":null}
[2026-04-21T05:36:10.634Z] {"timestamp":1776749768645,"level":"DEBUG","args":["[vite] connected."],"stack":null}
[2026-04-21T05:36:10.634Z] {"timestamp":1776749768831,"level":"INFO","args":["%cDownload the React DevTools for a better development experience: https://react.dev/link/react-devtools","font-weight:bold"],"stack":null}
[2026-04-21T05:36:24.240Z] {"timestamp":1776749784157,"level":"WARN","args":["Geolocation error:",{}],"stack":null}
[2026-04-21T05:36:31.609Z] {"timestamp":1776749789844,"level":"DEBUG","args":["[Manus] Debug collector initialized (no rrweb, UI events only)"],"stack":null}
[2026-04-21T05:36:31.609Z] {"timestamp":1776749790101,"level":"DEBUG","args":["[vite] connected."],"stack":null}
[2026-04-21T05:36:33.603Z] {"timestamp":1776749792272,"level":"DEBUG","args":["[vite]","hot updated: /src/index.css"],"stack":null}
[2026-04-21T05:36:33.603Z] {"timestamp":1776749793370,"level":"WARN","args":["Geolocation error:",{}],"stack":null}
[2026-04-21T05:36:41.909Z] {"timestamp":1776749800141,"level":"DEBUG","args":["[Manus] Debug collector initialized (no rrweb, UI events only)"],"stack":null}
[2026-04-21T05:36:41.910Z] {"timestamp":1776749800396,"level":"DEBUG","args":["[vite] connected."],"stack":null}
[2026-04-21T05:36:45.903Z] {"timestamp":1776749804511,"level":"WARN","args":["Geolocation error:",{}],"stack":null}
[2026-04-21T05:36:49.072Z] {"timestamp":1776749807310,"level":"DEBUG","args":["[Manus] Debug collector initialized (no rrweb, UI events only)"],"stack":null}
[2026-04-21T05:36:49.073Z] {"timestamp":1776749807563,"level":"DEBUG","args":["[vite] connected."],"stack":null}
[2026-04-21T05:36:53.067Z] {"timestamp":1776749812874,"level":"WARN","args":["Geolocation error:",{}],"stack":null}
[2026-04-21T05:36:57.862Z] {"timestamp":1776749816098,"level":"DEBUG","args":["[Manus] Debug collector initialized (no rrweb, UI events only)"],"stack":null}
[2026-04-21T05:36:57.862Z] {"timestamp":1776749816350,"level":"DEBUG","args":["[vite] connected."],"stack":null}
[2026-04-21T05:37:08.077Z] {"timestamp":1776749826315,"level":"DEBUG","args":["[Manus] Debug collector initialized (no rrweb, UI events only)"],"stack":null}
[2026-04-21T05:37:08.077Z] {"timestamp":1776749826573,"level":"DEBUG","args":["[vite] connected."],"stack":null}
[2026-04-21T05:37:12.178Z] {"timestamp":1776749831255,"level":"WARN","args":["Geolocation error:",{}],"stack":null}
[2026-04-21T05:37:17.765Z] {"timestamp":1776749835759,"level":"DEBUG","args":["[Manus] Debug collector initialized (no rrweb, UI events only)"],"stack":null}
[2026-04-21T05:37:17.765Z] {"timestamp":1776749835777,"level":"DEBUG","args":["[vite] connected."],"stack":null}
[2026-04-21T05:37:17.765Z] {"timestamp":1776749835976,"level":"INFO","args":["%cDownload the React DevTools for a better development experience: https://react.dev/link/react-devtools","font-weight:bold"],"stack":null}
[2026-04-21T05:37:17.927Z] {"timestamp":1776749836167,"level":"DEBUG","args":["[Manus] Debug collector initialized (no rrweb, UI events only)"],"stack":null}
[2026-04-21T05:37:17.927Z] {"timestamp":1776749836420,"level":"DEBUG","args":["[vite] connected."],"stack":null}
[2026-04-21T05:38:13.652Z] {"timestamp":1776749891884,"level":"DEBUG","args":["[Manus] Debug collector initialized (no rrweb, UI events only)"],"stack":null}
[2026-04-21T05:38:13.652Z] {"timestamp":1776749892140,"level":"DEBUG","args":["[vite] connected."],"stack":null}
[2026-04-21T05:38:16.029Z] {"timestamp":1776749894258,"level":"DEBUG","args":["[Manus] Debug collector initialized (no rrweb, UI events only)"],"stack":null}
[2026-04-21T05:38:16.029Z] {"timestamp":1776749894509,"level":"DEBUG","args":["[vite] connected."],"stack":null}
[2026-04-21T05:38:26.023Z] {"timestamp":1776749905909,"level":"WARN","args":["Geolocation error:",{}],"stack":null}
[2026-04-21T05:39:39.699Z] {"timestamp":1776749976939,"level":"DEBUG","args":["[Manus] Debug collector initialized (no rrweb, UI events only)"],"stack":null}
[2026-04-21T05:39:39.699Z] {"timestamp":1776749977203,"level":"DEBUG","args":["[vite] connected."],"stack":null}
[2026-04-21T05:39:39.699Z] {"timestamp":1776749977649,"level":"WARN","args":["Geolocation error:",{}],"stack":null}
[2026-04-21T05:39:42.694Z] {"timestamp":1776749980427,"level":"DEBUG","args":["[Manus] Debug collector initialized (no rrweb, UI events only)"],"stack":null}
[2026-04-21T05:39:42.695Z] {"timestamp":1776749980680,"level":"DEBUG","args":["[vite] connected."],"stack":null}
[2026-04-21T05:39:42.695Z] {"timestamp":1776749982037,"level":"WARN","args":["Geolocation error:",{}],"stack":null}
[2026-04-21T05:41:04.214Z] {"timestamp":1776750062818,"level":"WARN","args":["Geolocation error:",{}],"stack":null}
[2026-04-21T05:41:04.214Z] {"timestamp":1776750062819,"level":"WARN","args":["Geolocation watch error:",{}],"stack":null}
[2026-04-21T05:41:04.214Z] {"timestamp":1776750064436,"level":"WARN","args":["Google Maps JavaScript API has been loaded directly without loading=async. This can result in suboptimal performance. For best-practice loading patterns please see https://goo.gle/js-api-loading"],"stack":null}
[2026-04-21T05:41:04.214Z] {"timestamp":1776750064459,"level":"WARN","args":["As of February 21st, 2024, google.maps.Marker is deprecated. Please use google.maps.marker.AdvancedMarkerElement instead. At this time, google.maps.Marker is not scheduled to be discontinued, but google.maps.marker.AdvancedMarkerElement is recommended over google.maps.Marker. While google.maps.Marker will continue to receive bug fixes for any major regressions, existing bugs in google.maps.Marker will not be addressed. At least 12 months notice will be given before support is discontinued. Please see https://developers.google.com/maps/deprecations for additional details and https://developers.google.com/maps/documentation/javascript/advanced-markers/migration for the migration guide."],"stack":null}
[2026-04-21T05:41:16.373Z] {"timestamp":1776750074613,"level":"DEBUG","args":["[Manus] Debug collector initialized (no rrweb, UI events only)"],"stack":null}
[2026-04-21T05:41:16.373Z] {"timestamp":1776750074863,"level":"DEBUG","args":["[vite] connected."],"stack":null}
[2026-04-21T05:41:24.372Z] {"timestamp":1776750083242,"level":"WARN","args":["Geolocation error:",{}],"stack":null}
[2026-04-21T05:41:42.380Z] {"timestamp":1776750102329,"level":"DEBUG","args":["[vite]","hot updated: /src/pages/Onboarding.tsx"],"stack":null}
[2026-04-21T05:41:42.380Z] {"timestamp":1776750102329,"level":"DEBUG","args":["[vite]","hot updated: /src/index.css"],"stack":null}
[2026-04-21T05:41:46.908Z] {"timestamp":1776750105134,"level":"DEBUG","args":["[Manus] Debug collector initialized (no rrweb, UI events only)"],"stack":null}
[2026-04-21T05:41:46.908Z] {"timestamp":1776750105386,"level":"DEBUG","args":["[vite] connected."],"stack":null}
[2026-04-21T05:41:49.519Z] {"timestamp":1776750107760,"level":"DEBUG","args":["[Manus] Debug collector initialized (no rrweb, UI events only)"],"stack":null}
[2026-04-21T05:41:49.520Z] {"timestamp":1776750108014,"level":"DEBUG","args":["[vite] connected."],"stack":null}
[2026-04-21T05:42:03.527Z] {"timestamp":1776750122592,"level":"DEBUG","args":["[vite]","invalidate /src/contexts/I18nContext.tsx: Could not Fast Refresh (\"useI18n\" export is incompatible). Learn more at https://github.com/vitejs/vite-plugin-react/tree/main/packages/plugin-react#consistent-components-exports"],"stack":null}
[2026-04-21T05:42:03.527Z] {"timestamp":1776750122593,"level":"DEBUG","args":["[vite]","hot updated: /src/contexts/I18nContext.tsx"],"stack":null}
[2026-04-21T05:42:03.527Z] {"timestamp":1776750122593,"level":"DEBUG","args":["[vite]","hot updated: /src/index.css"],"stack":null}
[2026-04-21T05:42:03.527Z] {"timestamp":1776750123143,"level":"DEBUG","args":["[vite]","hot updated: /src/App.tsx"],"stack":null}
[2026-04-21T05:42:03.527Z] {"timestamp":1776750123143,"level":"DEBUG","args":["[vite]","hot updated: /src/pages/Onboarding.tsx"],"stack":null}
[2026-04-21T05:42:03.527Z] {"timestamp":1776750123143,"level":"DEBUG","args":["[vite]","hot updated: /src/pages/SafeRoute.tsx"],"stack":null}
[2026-04-21T05:42:03.527Z] {"timestamp":1776750123143,"level":"DEBUG","args":["[vite]","hot updated: /src/pages/Settings.tsx"],"stack":null}
[2026-04-21T05:42:03.527Z] {"timestamp":1776750123143,"level":"DEBUG","args":["[vite]","hot updated: /src/pages/ActionGuide.tsx"],"stack":null}
[2026-04-21T05:42:03.527Z] {"timestamp":1776750123143,"level":"DEBUG","args":["[vite]","hot updated: /src/pages/FamilyTracker.tsx"],"stack":null}
[2026-04-21T05:42:03.527Z] {"timestamp":1776750123143,"level":"DEBUG","args":["[vite]","hot updated: /src/pages/Dashboard.tsx"],"stack":null}
[2026-04-21T05:42:09.701Z] {"timestamp":1776750127939,"level":"DEBUG","args":["[Manus] Debug collector initialized (no rrweb, UI events only)"],"stack":null}
[2026-04-21T05:42:09.701Z] {"timestamp":1776750128183,"level":"DEBUG","args":["[vite] connected."],"stack":null}
[2026-04-21T05:42:14.720Z] {"timestamp":1776750132963,"level":"DEBUG","args":["[Manus] Debug collector initialized (no rrweb, UI events only)"],"stack":null}
[2026-04-21T05:42:14.720Z] {"timestamp":1776750133214,"level":"DEBUG","args":["[vite] connected."],"stack":null}
[2026-04-21T05:42:18.723Z] {"timestamp":1776750138902,"level":"WARN","args":["Geolocation error:",{}],"stack":null}
[2026-04-21T05:42:24.717Z] {"timestamp":1776750143178,"level":"DEBUG","args":["[vite]","hot updated: /src/pages/Onboarding.tsx"],"stack":null}
[2026-04-21T05:42:24.717Z] {"timestamp":1776750143178,"level":"DEBUG","args":["[vite]","hot updated: /src/index.css"],"stack":null}
[2026-04-21T05:42:27.608Z] {"timestamp":1776750145844,"level":"DEBUG","args":["[Manus] Debug collector initialized (no rrweb, UI events only)"],"stack":null}
[2026-04-21T05:42:27.608Z] {"timestamp":1776750146097,"level":"DEBUG","args":["[vite] connected."],"stack":null}
[2026-04-21T05:42:27.608Z] {"timestamp":1776750146483,"level":"WARN","args":["Geolocation error:",{}],"stack":null}
[2026-04-21T05:42:30.044Z] {"timestamp":1776750148287,"level":"DEBUG","args":["[Manus] Debug collector initialized (no rrweb, UI events only)"],"stack":null}
[2026-04-21T05:42:30.044Z] {"timestamp":1776750148542,"level":"DEBUG","args":["[vite] connected."],"stack":null}
[2026-04-21T05:42:30.044Z] {"timestamp":1776750148938,"level":"WARN","args":["Geolocation error:",{}],"stack":null}
[2026-04-21T05:42:42.046Z] {"timestamp":1776750161248,"level":"DEBUG","args":["[vite]","hot updated: /src/App.tsx"],"stack":null}
[2026-04-21T05:42:42.046Z] {"timestamp":1776750161248,"level":"DEBUG","args":["[vite]","hot updated: /src/index.css"],"stack":null}
[2026-04-21T05:42:42.046Z] {"timestamp":1776750161278,"level":"WARN","args":["Geolocation error:",{}],"stack":null}
[2026-04-21T05:42:47.138Z] {"timestamp":1776750165378,"level":"DEBUG","args":["[Manus] Debug collector initialized (no rrweb, UI events only)"],"stack":null}
[2026-04-21T05:42:47.138Z] {"timestamp":1776750165627,"level":"DEBUG","args":["[vite] connected."],"stack":null}
[2026-04-21T05:42:47.138Z] {"timestamp":1776750165964,"level":"WARN","args":["Geolocation error:",{}],"stack":null}
[2026-04-21T05:42:49.440Z] {"timestamp":1776750167686,"level":"DEBUG","args":["[Manus] Debug collector initialized (no rrweb, UI events only)"],"stack":null}
[2026-04-21T05:42:49.440Z] {"timestamp":1776750167941,"level":"DEBUG","args":["[vite] connected."],"stack":null}
[2026-04-21T05:42:49.440Z] {"timestamp":1776750168263,"level":"WARN","args":["Geolocation error:",{}],"stack":null}
[2026-04-21T05:44:45.688Z] {"timestamp":1776750284041,"level":"DEBUG","args":["[vite]","invalidate /src/contexts/I18nContext.tsx: Could not Fast Refresh (\"useI18n\" export is incompatible). Learn more at https://github.com/vitejs/vite-plugin-react/tree/main/packages/plugin-react#consistent-components-exports"],"stack":null}
[2026-04-21T05:44:45.688Z] {"timestamp":1776750284041,"level":"DEBUG","args":["[vite]","hot updated: /src/contexts/I18nContext.tsx"],"stack":null}
[2026-04-21T05:44:45.688Z] {"timestamp":1776750284041,"level":"DEBUG","args":["[vite]","hot updated: /src/pages/Onboarding.tsx"],"stack":null}
[2026-04-21T05:44:45.688Z] {"timestamp":1776750284041,"level":"DEBUG","args":["[vite]","hot updated: /src/pages/Settings.tsx"],"stack":null}
[2026-04-21T05:44:45.688Z] {"timestamp":1776750284601,"level":"DEBUG","args":["[vite]","hot updated: /src/App.tsx"],"stack":null}
[2026-04-21T05:44:45.688Z] {"timestamp":1776750284601,"level":"DEBUG","args":["[vite]","hot updated: /src/pages/Onboarding.tsx"],"stack":null}
[2026-04-21T05:44:45.688Z] {"timestamp":1776750284601,"level":"DEBUG","args":["[vite]","hot updated: /src/pages/SafeRoute.tsx"],"stack":null}
[2026-04-21T05:44:45.688Z] {"timestamp":1776750284601,"level":"DEBUG","args":["[vite]","hot updated: /src/pages/Settings.tsx"],"stack":null}
[2026-04-21T05:44:45.688Z] {"timestamp":1776750284602,"level":"DEBUG","args":["[vite]","hot updated: /src/pages/ActionGuide.tsx"],"stack":null}
[2026-04-21T05:44:45.688Z] {"timestamp":1776750284602,"level":"DEBUG","args":["[vite]","hot updated: /src/pages/FamilyTracker.tsx"],"stack":null}
[2026-04-21T05:44:45.688Z] {"timestamp":1776750284602,"level":"DEBUG","args":["[vite]","hot updated: /src/pages/Dashboard.tsx"],"stack":null}
[2026-04-21T05:44:45.688Z] {"timestamp":1776750284952,"level":"WARN","args":["Geolocation error:",{}],"stack":null}
[2026-04-21T05:45:00.689Z] {"timestamp":1776750298733,"level":"DEBUG","args":["[Manus] Debug collector initialized (no rrweb, UI events only)"],"stack":null}
[2026-04-21T05:45:00.689Z] {"timestamp":1776750298984,"level":"DEBUG","args":["[vite] connected."],"stack":null}
[2026-04-21T05:45:00.689Z] {"timestamp":1776750300220,"level":"WARN","args":["Geolocation error:",{}],"stack":null}
[2026-04-21T05:45:14.697Z] {"timestamp":1776750312606,"level":"DEBUG","args":["[Manus] Debug collector initialized (no rrweb, UI events only)"],"stack":null}
[2026-04-21T05:45:14.697Z] {"timestamp":1776750312859,"level":"DEBUG","args":["[vite] connected."],"stack":null}
[2026-04-21T05:45:14.697Z] {"timestamp":1776750314316,"level":"WARN","args":["Geolocation error:",{}],"stack":null}
[2026-04-21T05:45:24.667Z] {"timestamp":1776750322914,"level":"DEBUG","args":["[Manus] Debug collector initialized (no rrweb, UI events only)"],"stack":null}
[2026-04-21T05:45:24.667Z] {"timestamp":1776750323176,"level":"DEBUG","args":["[vite] connected."],"stack":null}
[2026-04-21T05:45:24.667Z] {"timestamp":1776750323529,"level":"WARN","args":["Geolocation error:",{}],"stack":null}
[2026-04-21T05:46:08.675Z] {"timestamp":1776750367379,"level":"DEBUG","args":["[vite]","hot updated: /src/pages/Home.tsx"],"stack":null}
[2026-04-21T05:46:08.675Z] {"timestamp":1776750367379,"level":"DEBUG","args":["[vite]","hot updated: /src/index.css"],"stack":null}
[2026-04-21T05:46:12.028Z] {"timestamp":1776750370272,"level":"DEBUG","args":["[Manus] Debug collector initialized (no rrweb, UI events only)"],"stack":null}
[2026-04-21T05:46:12.028Z] {"timestamp":1776750370539,"level":"DEBUG","args":["[vite] connected."],"stack":null}
[2026-04-21T05:46:14.374Z] {"timestamp":1776750372625,"level":"DEBUG","args":["[Manus] Debug collector initialized (no rrweb, UI events only)"],"stack":null}
[2026-04-21T05:46:14.374Z] {"timestamp":1776750372873,"level":"DEBUG","args":["[vite] connected."],"stack":null}
[2026-04-21T05:46:23.367Z] {"timestamp":1776750381611,"level":"DEBUG","args":["[Manus] Debug collector initialized (no rrweb, UI events only)"],"stack":null}
[2026-04-21T05:46:23.367Z] {"timestamp":1776750381867,"level":"DEBUG","args":["[vite] connected."],"stack":null}
[2026-04-21T05:46:37.366Z] {"timestamp":1776750397267,"level":"DEBUG","args":["[vite]","hot updated: /src/pages/EmergencyContacts.tsx"],"stack":null}
[2026-04-21T05:46:37.366Z] {"timestamp":1776750397267,"level":"DEBUG","args":["[vite]","hot updated: /src/index.css"],"stack":null}
[2026-04-21T05:46:41.735Z] {"timestamp":1776750399973,"level":"DEBUG","args":["[Manus] Debug collector initialized (no rrweb, UI events only)"],"stack":null}
[2026-04-21T05:46:41.735Z] {"timestamp":1776750400230,"level":"DEBUG","args":["[vite] connected."],"stack":null}
[2026-04-21T05:46:44.101Z] {"timestamp":1776750402348,"level":"DEBUG","args":["[Manus] Debug collector initialized (no rrweb, UI events only)"],"stack":null}
[2026-04-21T05:46:44.101Z] {"timestamp":1776750402605,"level":"DEBUG","args":["[vite] connected."],"stack":null}
[2026-04-21T05:47:10.101Z] {"timestamp":1776750428860,"level":"DEBUG","args":["[vite]","hot updated: /src/pages/DisasterGuide.tsx"],"stack":null}
[2026-04-21T05:47:10.102Z] {"timestamp":1776750428860,"level":"DEBUG","args":["[vite]","hot updated: /src/index.css"],"stack":null}
[2026-04-21T05:47:14.169Z] {"timestamp":1776750432412,"level":"DEBUG","args":["[Manus] Debug collector initialized (no rrweb, UI events only)"],"stack":null}
[2026-04-21T05:47:14.169Z] {"timestamp":1776750432663,"level":"DEBUG","args":["[vite] connected."],"stack":null}
[2026-04-21T05:47:19.066Z] {"timestamp":1776750437311,"level":"DEBUG","args":["[Manus] Debug collector initialized (no rrweb, UI events only)"],"stack":null}
[2026-04-21T05:47:19.066Z] {"timestamp":1776750437561,"level":"DEBUG","args":["[vite] connected."],"stack":null}
[2026-04-21T05:47:31.075Z] {"timestamp":1776750449951,"level":"DEBUG","args":["[vite]","hot updated: /src/pages/DisasterGuide.tsx"],"stack":null}
[2026-04-21T05:47:31.075Z] {"timestamp":1776750449951,"level":"DEBUG","args":["[vite]","hot updated: /src/index.css"],"stack":null}
[2026-04-21T05:48:00.683Z] {"timestamp":1776750478537,"level":"DEBUG","args":["[Manus] Debug collector initialized (no rrweb, UI events only)"],"stack":null}
[2026-04-21T05:48:00.683Z] {"timestamp":1776750478787,"level":"DEBUG","args":["[vite] connected."],"stack":null}
[2026-04-21T05:48:05.692Z] {"timestamp":1776750483836,"level":"DEBUG","args":["[Manus] Debug collector initialized (no rrweb, UI events only)"],"stack":null}
[2026-04-21T05:48:05.692Z] {"timestamp":1776750484094,"level":"DEBUG","args":["[vite] connected."],"stack":null}
[2026-04-21T05:48:23.683Z] {"timestamp":1776750503054,"level":"DEBUG","args":["[vite]","hot updated: /src/pages/Map.tsx"],"stack":null}
[2026-04-21T05:48:23.683Z] {"timestamp":1776750503054,"level":"DEBUG","args":["[vite]","hot updated: /src/index.css"],"stack":null}
[2026-04-21T05:48:27.800Z] {"timestamp":1776750506035,"level":"DEBUG","args":["[Manus] Debug collector initialized (no rrweb, UI events only)"],"stack":null}
[2026-04-21T05:48:27.800Z] {"timestamp":1776750506296,"level":"DEBUG","args":["[vite] connected."],"stack":null}
[2026-04-21T05:48:30.686Z] {"timestamp":1776750508523,"level":"DEBUG","args":["[Manus] Debug collector initialized (no rrweb, UI events only)"],"stack":null}
[2026-04-21T05:48:30.686Z] {"timestamp":1776750508774,"level":"DEBUG","args":["[vite] connected."],"stack":null}
[2026-04-21T05:48:50.686Z] {"timestamp":1776750530051,"level":"DEBUG","args":["[vite]","hot updated: /src/pages/Settings.tsx"],"stack":null}
[2026-04-21T05:48:50.686Z] {"timestamp":1776750530051,"level":"DEBUG","args":["[vite]","hot updated: /src/index.css"],"stack":null}
[2026-04-21T05:48:59.687Z] {"timestamp":1776750537834,"level":"DEBUG","args":["[Manus] Debug collector initialized (no rrweb, UI events only)"],"stack":null}
[2026-04-21T05:48:59.687Z] {"timestamp":1776750538083,"level":"DEBUG","args":["[vite] connected."],"stack":null}
[2026-04-21T05:50:29.683Z] {"timestamp":1776750629596,"level":"DEBUG","args":["[vite]","hot updated: /src/pages/Settings.tsx"],"stack":null}
[2026-04-21T05:50:29.683Z] {"timestamp":1776750629596,"level":"DEBUG","args":["[vite]","hot updated: /src/index.css"],"stack":null}
[2026-04-21T05:50:36.687Z] {"timestamp":1776750634886,"level":"DEBUG","args":["[Manus] Debug collector initialized (no rrweb, UI events only)"],"stack":null}
[2026-04-21T05:50:36.687Z] {"timestamp":1776750635144,"level":"DEBUG","args":["[vite] connected."],"stack":null}
[2026-04-21T05:50:58.691Z] {"timestamp":1776750657265,"level":"DEBUG","args":["[vite]","hot updated: /src/pages/Dashboard.tsx"],"stack":null}
[2026-04-21T05:50:58.691Z] {"timestamp":1776750657266,"level":"DEBUG","args":["[vite]","hot updated: /src/index.css"],"stack":null}
[2026-04-21T05:51:05.681Z] {"timestamp":1776750663030,"level":"DEBUG","args":["[Manus] Debug collector initialized (no rrweb, UI events only)"],"stack":null}
[2026-04-21T05:51:05.681Z] {"timestamp":1776750663290,"level":"DEBUG","args":["[vite] connected."],"stack":null}
[2026-04-21T05:51:25.687Z] {"timestamp":1776750684873,"level":"DEBUG","args":["[vite]","hot updated: /src/pages/FamilyTracker.tsx"],"stack":null}
[2026-04-21T05:51:25.687Z] {"timestamp":1776750684873,"level":"DEBUG","args":["[vite]","hot updated: /src/index.css"],"stack":null}
[2026-04-21T05:51:33.683Z] {"timestamp":1776750691203,"level":"DEBUG","args":["[Manus] Debug collector initialized (no rrweb, UI events only)"],"stack":null}
[2026-04-21T05:51:33.683Z] {"timestamp":1776750691463,"level":"DEBUG","args":["[vite] connected."],"stack":null}
[2026-04-21T05:51:36.687Z] {"timestamp":1776750694373,"level":"DEBUG","args":["[Manus] Debug collector initialized (no rrweb, UI events only)"],"stack":null}
[2026-04-21T05:51:36.687Z] {"timestamp":1776750694631,"level":"DEBUG","args":["[vite] connected."],"stack":null}
[2026-04-21T05:52:00.681Z] {"timestamp":1776750720508,"level":"DEBUG","args":["[vite]","hot updated: /src/pages/SafeRoute.tsx"],"stack":null}
[2026-04-21T05:52:00.681Z] {"timestamp":1776750720508,"level":"DEBUG","args":["[vite]","hot updated: /src/index.css"],"stack":null}
[2026-04-21T05:52:07.693Z] {"timestamp":1776750725916,"level":"DEBUG","args":["[Manus] Debug collector initialized (no rrweb, UI events only)"],"stack":null}
[2026-04-21T05:52:07.693Z] {"timestamp":1776750726174,"level":"DEBUG","args":["[vite] connected."],"stack":null}
[2026-04-21T05:52:34.688Z] {"timestamp":1776750752411,"level":"DEBUG","args":["[Manus] Debug collector initialized (no rrweb, UI events only)"],"stack":null}
[2026-04-21T05:52:34.688Z] {"timestamp":1776750752676,"level":"DEBUG","args":["[vite] connected."],"stack":null}
[2026-04-21T05:52:39.685Z] {"timestamp":1776750757410,"level":"DEBUG","args":["[Manus] Debug collector initialized (no rrweb, UI events only)"],"stack":null}
[2026-04-21T05:52:39.685Z] {"timestamp":1776750757671,"level":"DEBUG","args":["[vite] connected."],"stack":null}
[2026-04-21T05:53:13.677Z] {"timestamp":1776750791286,"level":"DEBUG","args":["[Manus] Debug collector initialized (no rrweb, UI events only)"],"stack":null}
[2026-04-21T05:53:13.677Z] {"timestamp":1776750791540,"level":"DEBUG","args":["[vite] connected."],"stack":null}
[2026-04-21T05:53:17.678Z] {"timestamp":1776750795309,"level":"DEBUG","args":["[Manus] Debug collector initialized (no rrweb, UI events only)"],"stack":null}
[2026-04-21T05:53:17.678Z] {"timestamp":1776750795565,"level":"DEBUG","args":["[vite] connected."],"stack":null}
[2026-04-21T05:53:19.686Z] {"timestamp":1776750798041,"level":"DEBUG","args":["[vite]","hot updated: /src/App.tsx"],"stack":null}
[2026-04-21T05:53:19.686Z] {"timestamp":1776750798041,"level":"DEBUG","args":["[vite]","hot updated: /src/index.css"],"stack":null}
[2026-04-21T05:53:23.682Z] {"timestamp":1776750801109,"level":"DEBUG","args":["[Manus] Debug collector initialized (no rrweb, UI events only)"],"stack":null}
[2026-04-21T05:53:23.682Z] {"timestamp":1776750801367,"level":"DEBUG","args":["[vite] connected."],"stack":null}
[2026-04-21T05:53:27.678Z] {"timestamp":1776750805307,"level":"DEBUG","args":["[Manus] Debug collector initialized (no rrweb, UI events only)"],"stack":null}
[2026-04-21T05:53:27.678Z] {"timestamp":1776750805555,"level":"DEBUG","args":["[vite] connected."],"stack":null}
[2026-04-21T05:54:04.683Z] {"timestamp":1776750842128,"level":"DEBUG","args":["[Manus] Debug collector initialized (no rrweb, UI events only)"],"stack":null}
[2026-04-21T05:54:04.683Z] {"timestamp":1776750842385,"level":"DEBUG","args":["[vite] connected."],"stack":null}
[2026-04-21T05:54:17.962Z] {"timestamp":1776750856215,"level":"DEBUG","args":["[Manus] Debug collector initialized (no rrweb, UI events only)"],"stack":null}
[2026-04-21T05:54:17.962Z] {"timestamp":1776750856463,"level":"DEBUG","args":["[vite] connected."],"stack":null}
[2026-04-21T05:54:22.391Z] {"timestamp":1776750860641,"level":"DEBUG","args":["[Manus] Debug collector initialized (no rrweb, UI events only)"],"stack":null}
[2026-04-21T05:54:22.391Z] {"timestamp":1776750860890,"level":"DEBUG","args":["[vite] connected."],"stack":null}
[2026-04-21T05:54:31.620Z] {"timestamp":1776750869863,"level":"DEBUG","args":["[Manus] Debug collector initialized (no rrweb, UI events only)"],"stack":null}
[2026-04-21T05:54:31.620Z] {"timestamp":1776750870115,"level":"DEBUG","args":["[vite] connected."],"stack":null}
[2026-04-21T05:54:35.273Z] {"timestamp":1776750873267,"level":"DEBUG","args":["[Manus] Debug collector initialized (no rrweb, UI events only)"],"stack":null}
[2026-04-21T05:54:35.273Z] {"timestamp":1776750873280,"level":"DEBUG","args":["[vite] connected."],"stack":null}
[2026-04-21T05:54:35.273Z] {"timestamp":1776750873531,"level":"INFO","args":["%cDownload the React DevTools for a better development experience: https://react.dev/link/react-devtools","font-weight:bold"],"stack":null}
[2026-04-21T05:54:39.638Z] {"timestamp":1776750877889,"level":"DEBUG","args":["[Manus] Debug collector initialized (no rrweb, UI events only)"],"stack":null}
[2026-04-21T05:54:39.638Z] {"timestamp":1776750878143,"level":"DEBUG","args":["[vite] connected."],"stack":null}
[2026-04-21T05:54:42.055Z] {"timestamp":1776750880303,"level":"DEBUG","args":["[Manus] Debug collector initialized (no rrweb, UI events only)"],"stack":null}
[2026-04-21T05:54:42.055Z] {"timestamp":1776750880558,"level":"DEBUG","args":["[vite] connected."],"stack":null}
[2026-04-21T05:55:04.804Z] {"timestamp":1776750903056,"level":"DEBUG","args":["[Manus] Debug collector initialized (no rrweb, UI events only)"],"stack":null}
[2026-04-21T05:55:04.804Z] {"timestamp":1776750903309,"level":"DEBUG","args":["[vite] connected."],"stack":null}
[2026-04-21T05:55:22.049Z] {"timestamp":1776750920302,"level":"DEBUG","args":["[Manus] Debug collector initialized (no rrweb, UI events only)"],"stack":null}
[2026-04-21T05:55:22.049Z] {"timestamp":1776750920558,"level":"DEBUG","args":["[vite] connected."],"stack":null}
[2026-04-21T05:55:26.119Z] {"timestamp":1776750924958,"level":"WARN","args":["Google Maps JavaScript API has been loaded directly without loading=async. This can result in suboptimal performance. For best-practice loading patterns please see https://goo.gle/js-api-loading"],"stack":null}
[2026-04-21T05:55:26.119Z] {"timestamp":1776750924979,"level":"WARN","args":["As of February 21st, 2024, google.maps.Marker is deprecated. Please use google.maps.marker.AdvancedMarkerElement instead. At this time, google.maps.Marker is not scheduled to be discontinued, but google.maps.marker.AdvancedMarkerElement is recommended over google.maps.Marker. While google.maps.Marker will continue to receive bug fixes for any major regressions, existing bugs in google.maps.Marker will not be addressed. At least 12 months notice will be given before support is discontinued. Please see https://developers.google.com/maps/deprecations for additional details and https://developers.google.com/maps/documentation/javascript/advanced-markers/migration for the migration guide."],"stack":null}
[2026-04-21T05:55:33.487Z] {"timestamp":1776750931739,"level":"DEBUG","args":["[Manus] Debug collector initialized (no rrweb, UI events only)"],"stack":null}
[2026-04-21T05:55:33.487Z] {"timestamp":1776750932000,"level":"DEBUG","args":["[vite] connected."],"stack":null}
[2026-04-21T05:55:53.558Z] {"timestamp":1776750951813,"level":"DEBUG","args":["[Manus] Debug collector initialized (no rrweb, UI events only)"],"stack":null}
[2026-04-21T05:55:53.558Z] {"timestamp":1776750952064,"level":"DEBUG","args":["[vite] connected."],"stack":null}
[2026-04-21T05:57:37.916Z] {"timestamp":1776751057540,"level":"DEBUG","args":["[vite]","invalidate /src/contexts/I18nContext.tsx: Could not Fast Refresh (\"useI18n\" export is incompatible). Learn more at https://github.com/vitejs/vite-plugin-react/tree/main/packages/plugin-react#consistent-components-exports"],"stack":null}
[2026-04-21T05:57:37.916Z] {"timestamp":1776751057540,"level":"DEBUG","args":["[vite]","hot updated: /src/contexts/I18nContext.tsx"],"stack":null}
[2026-04-21T05:57:37.916Z] {"timestamp":1776751057540,"level":"DEBUG","args":["[vite]","hot updated: /src/pages/Onboarding.tsx"],"stack":null}
[2026-04-21T05:57:37.916Z] {"timestamp":1776751057540,"level":"DEBUG","args":["[vite]","hot updated: /src/pages/Settings.tsx"],"stack":null}
[2026-04-21T05:57:37.916Z] {"timestamp":1776751057571,"level":"ERROR","args":["%o\n\n%s\n\n%s\n",{"type":"Error","message":"useI18n must be used within I18nProvider","stack":"Error: useI18n must be used within I18nProvider\n    at useI18n (https://3000-iwi3fzzw46c2utma7n3fo-5ac9c38d.sg1.manus.computer/src/contexts/I18nContext.tsx:76:11)\n    at OnboardingGuard (https://3000-iwi3fzzw46c2utma7n3fo-5ac9c38d.sg1.manus.computer/src/App.tsx:23:37)\n    at Object.react_stack_bottom_frame (https://3000-iwi3fzzw46c2utma7n3fo-5ac9c38d.sg1.manus.computer/@fs/home/ubuntu/crisispath/node_modules/.vite/deps/react-dom_client.js?v=ec4d0a3a:18509:20)\n    at renderWithHooks (https://3000-iwi3fzzw46c2utma7n3fo-5ac9c38d.sg1.manus.computer/@fs/home/ubuntu/crisispath/node_modules/.vite/deps/react-dom_client.js?v=ec4d0a3a:5654:24)\n    at updateFunctionComponent (https://3000-iwi3fzzw46c2utma7n3fo-5ac9c38d.sg1.manus.computer/@fs/home/ubuntu/crisispath/node_modules/.vite/deps/react-dom_client.js?v=ec4d0a3a:7475:21)\n    at beginWork (https://3000-iwi3fzzw46c2utma7n3fo-5ac9c38d.sg1.manus.computer/@fs/home/ubuntu/crisispath/node_modules/.vite/deps/react-dom_client.js?v=ec4d0a3a:8525:20)\n    at runWithFiberInDEV (https://3000-iwi3fzzw46c2utma7n3fo-5ac9c38d.sg1.manus.computer/@fs/home/ubuntu/crisispath/node_modules/.vite/deps/react-dom_client.js?v=ec4d0a3a:997:72)\n    at performUnitOfWork (https://3000-iwi3fzzw46c2utma7n3fo-5ac9c38d.sg1.manus.computer/@fs/home/ubuntu/crisispath/node_modules/.vite/deps/react-dom_client.js?v=ec4d0a3a:12561:98)\n    at workLoopSync (https://3000-iwi3fzzw46c2utma7n3fo-5ac9c38d.sg1.manus.computer/@fs/home/ubuntu/crisispath/node_modules/.vite/deps/react-dom_client.js?v=ec4d0a3a:12424:43)\n    at renderRootSync (https://3000-iwi3fzzw46c2utma7n3fo-5ac9c38d.sg1.manus.computer/@fs/home/ubuntu/crisispath/node_modules/.vite/deps/react-dom_client.js?v=ec4d0a3a:12408:13)"},"The above error occurred in the <OnboardingGuard> component.","React will try to recreate this component tree from scratch using the error boundary you provided, ErrorBoundary."],"stack":"Error\n    at console.<computed> [as error] (https://3000-iwi3fzzw46c2utma7n3fo-5ac9c38d.sg1.manus.computer/__manus__/debug-collector.js:391:37)\n    at defaultOnCaughtError (https://3000-iwi3fzzw46c2utma7n3fo-5ac9c38d.sg1.manus.computer/@fs/home/ubuntu/crisispath/node_modules/.vite/deps/react-dom_client.js?v=ec4d0a3a:7001:19)\n    at logCaughtError (https://3000-iwi3fzzw46c2utma7n3fo-5ac9c38d.sg1.manus.computer/@fs/home/ubuntu/crisispath/node_modules/.vite/deps/react-dom_client.js?v=ec4d0a3a:7033:11)\n    at runWithFiberInDEV (https://3000-iwi3fzzw46c2utma7n3fo-5ac9c38d.sg1.manus.computer/@fs/home/ubuntu/crisispath/node_modules/.vite/deps/react-dom_client.js?v=ec4d0a3a:997:72)\n    at update.callback (https://3000-iwi3fzzw46c2utma7n3fo-5ac9c38d.sg1.manus.computer/@fs/home/ubuntu/crisispath/node_modules/.vite/deps/react-dom_client.js?v=ec4d0a3a:7066:13)\n    at callCallback (https://3000-iwi3fzzw46c2utma7n3fo-5ac9c38d.sg1.manus.computer/@fs/home/ubuntu/crisispath/node_modules/.vite/deps/react-dom_client.js?v=ec4d0a3a:5491:18)\n    at commitCallbacks (https://3000-iwi3fzzw46c2utma7n3fo-5ac9c38d.sg1.manus.computer/@fs/home/ubuntu/crisispath/node_modules/.vite/deps/react-dom_client.js?v=ec4d0a3a:5503:13)\n    at runWithFiberInDEV (https://3000-iwi3fzzw46c2utma7n3fo-5ac9c38d.sg1.manus.computer/@fs/home/ubuntu/crisispath/node_modules/.vite/deps/react-dom_client.js?v=ec4d0a3a:997:72)\n    at commitClassCallbacks (https://3000-iwi3fzzw46c2utma7n3fo-5ac9c38d.sg1.manus.computer/@fs/home/ubuntu/crisispath/node_modules/.vite/deps/react-dom_client.js?v=ec4d0a3a:9490:13)\n    at commitLayoutEffectOnFiber (https://3000-iwi3fzzw46c2utma7n3fo-5ac9c38d.sg1.manus.computer/@fs/home/ubuntu/crisispath/node_modules/.vite/deps/react-dom_client.js?v=ec4d0a3a:9958:27)"}
[2026-04-21T05:57:39.568Z] {"timestamp":1776751058340,"level":"DEBUG","args":["[vite]","hot updated: /src/App.tsx"],"stack":null}
[2026-04-21T05:57:39.568Z] {"timestamp":1776751058340,"level":"DEBUG","args":["[vite]","hot updated: /src/pages/Onboarding.tsx"],"stack":null}
[2026-04-21T05:57:39.568Z] {"timestamp":1776751058340,"level":"DEBUG","args":["[vite]","hot updated: /src/pages/ActionGuide.tsx"],"stack":null}
[2026-04-21T05:57:39.568Z] {"timestamp":1776751058340,"level":"DEBUG","args":["[vite]","hot updated: /src/pages/Dashboard.tsx"],"stack":null}
[2026-04-21T05:57:39.568Z] {"timestamp":1776751058340,"level":"DEBUG","args":["[vite]","hot updated: /src/pages/FamilyTracker.tsx"],"stack":null}
[2026-04-21T05:57:39.568Z] {"timestamp":1776751058341,"level":"DEBUG","args":["[vite]","hot updated: /src/pages/EmergencyContacts.tsx"],"stack":null}
[2026-04-21T05:57:39.568Z] {"timestamp":1776751058341,"level":"DEBUG","args":["[vite]","hot updated: /src/pages/Settings.tsx"],"stack":null}
[2026-04-21T05:57:39.568Z] {"timestamp":1776751058341,"level":"DEBUG","args":["[vite]","hot updated: /src/pages/SafeRoute.tsx"],"stack":null}
[2026-04-21T05:57:39.568Z] {"timestamp":1776751058341,"level":"DEBUG","args":["[vite]","hot updated: /src/pages/DisasterGuide.tsx"],"stack":null}
[2026-04-21T05:57:39.568Z] {"timestamp":1776751058341,"level":"DEBUG","args":["[vite]","hot updated: /src/pages/Privacy.tsx"],"stack":null}
[2026-04-21T05:57:39.568Z] {"timestamp":1776751058341,"level":"DEBUG","args":["[vite]","hot updated: /src/pages/Map.tsx"],"stack":null}
[2026-04-21T05:57:39.568Z] {"timestamp":1776751058341,"level":"DEBUG","args":["[vite]","hot updated: /src/pages/Home.tsx"],"stack":null}
[2026-04-21T05:57:43.566Z] {"timestamp":1776751061820,"level":"DEBUG","args":["[Manus] Debug collector initialized (no rrweb, UI events only)"],"stack":null}
[2026-04-21T05:57:43.566Z] {"timestamp":1776751062073,"level":"DEBUG","args":["[vite] connected."],"stack":null}
[2026-04-21T05:57:45.999Z] {"timestamp":1776751064251,"level":"DEBUG","args":["[Manus] Debug collector initialized (no rrweb, UI events only)"],"stack":null}
[2026-04-21T05:57:45.999Z] {"timestamp":1776751064503,"level":"DEBUG","args":["[vite] connected."],"stack":null}
[2026-04-21T05:57:56.020Z] {"timestamp":1776751075597,"level":"DEBUG","args":["[vite]","invalidate /src/contexts/I18nContext.tsx: Could not Fast Refresh (\"useI18n\" export is incompatible). Learn more at https://github.com/vitejs/vite-plugin-react/tree/main/packages/plugin-react#consistent-components-exports"],"stack":null}
[2026-04-21T05:57:56.020Z] {"timestamp":1776751075597,"level":"DEBUG","args":["[vite]","hot updated: /src/contexts/I18nContext.tsx"],"stack":null}
[2026-04-21T05:57:56.020Z] {"timestamp":1776751075597,"level":"DEBUG","args":["[vite]","hot updated: /src/pages/Onboarding.tsx"],"stack":null}
[2026-04-21T05:57:56.020Z] {"timestamp":1776751075597,"level":"DEBUG","args":["[vite]","hot updated: /src/pages/Settings.tsx"],"stack":null}
[2026-04-21T05:57:56.020Z] {"timestamp":1776751075620,"level":"ERROR","args":["%o\n\n%s\n\n%s\n",{"type":"Error","message":"useI18n must be used within I18nProvider","stack":"Error: useI18n must be used within I18nProvider\n    at useI18n (https://3000-iwi3fzzw46c2utma7n3fo-5ac9c38d.sg1.manus.computer/src/contexts/I18nContext.tsx?t=1776751056964:76:11)\n    at OnboardingGuard (https://3000-iwi3fzzw46c2utma7n3fo-5ac9c38d.sg1.manus.computer/src/App.tsx?t=1776751056964:23:37)\n    at Object.react_stack_bottom_frame (https://3000-iwi3fzzw46c2utma7n3fo-5ac9c38d.sg1.manus.computer/@fs/home/ubuntu/crisispath/node_modules/.vite/deps/react-dom_client.js?v=ec4d0a3a:18509:20)\n    at renderWithHooks (https://3000-iwi3fzzw46c2utma7n3fo-5ac9c38d.sg1.manus.computer/@fs/home/ubuntu/crisispath/node_modules/.vite/deps/react-dom_client.js?v=ec4d0a3a:5654:24)\n    at updateFunctionComponent (https://3000-iwi3fzzw46c2utma7n3fo-5ac9c38d.sg1.manus.computer/@fs/home/ubuntu/crisispath/node_modules/.vite/deps/react-dom_client.js?v=ec4d0a3a:7475:21)\n    at beginWork (https://3000-iwi3fzzw46c2utma7n3fo-5ac9c38d.sg1.manus.computer/@fs/home/ubuntu/crisispath/node_modules/.vite/deps/react-dom_client.js?v=ec4d0a3a:8525:20)\n    at runWithFiberInDEV (https://3000-iwi3fzzw46c2utma7n3fo-5ac9c38d.sg1.manus.computer/@fs/home/ubuntu/crisispath/node_modules/.vite/deps/react-dom_client.js?v=ec4d0a3a:997:72)\n    at performUnitOfWork (https://3000-iwi3fzzw46c2utma7n3fo-5ac9c38d.sg1.manus.computer/@fs/home/ubuntu/crisispath/node_modules/.vite/deps/react-dom_client.js?v=ec4d0a3a:12561:98)\n    at workLoopSync (https://3000-iwi3fzzw46c2utma7n3fo-5ac9c38d.sg1.manus.computer/@fs/home/ubuntu/crisispath/node_modules/.vite/deps/react-dom_client.js?v=ec4d0a3a:12424:43)\n    at renderRootSync (https://3000-iwi3fzzw46c2utma7n3fo-5ac9c38d.sg1.manus.computer/@fs/home/ubuntu/crisispath/node_modules/.vite/deps/react-dom_client.js?v=ec4d0a3a:12408:13)"},"The above error occurred in the <OnboardingGuard> component.","React will try to recreate this component tree from scratch using the error boundary you provided, ErrorBoundary."],"stack":"Error\n    at console.<computed> [as error] (https://3000-iwi3fzzw46c2utma7n3fo-5ac9c38d.sg1.manus.computer/__manus__/debug-collector.js:391:37)\n    at defaultOnCaughtError (https://3000-iwi3fzzw46c2utma7n3fo-5ac9c38d.sg1.manus.computer/@fs/home/ubuntu/crisispath/node_modules/.vite/deps/react-dom_client.js?v=ec4d0a3a:7001:19)\n    at logCaughtError (https://3000-iwi3fzzw46c2utma7n3fo-5ac9c38d.sg1.manus.computer/@fs/home/ubuntu/crisispath/node_modules/.vite/deps/react-dom_client.js?v=ec4d0a3a:7033:11)\n    at runWithFiberInDEV (https://3000-iwi3fzzw46c2utma7n3fo-5ac9c38d.sg1.manus.computer/@fs/home/ubuntu/crisispath/node_modules/.vite/deps/react-dom_client.js?v=ec4d0a3a:997:72)\n    at update.callback (https://3000-iwi3fzzw46c2utma7n3fo-5ac9c38d.sg1.manus.computer/@fs/home/ubuntu/crisispath/node_modules/.vite/deps/react-dom_client.js?v=ec4d0a3a:7066:13)\n    at callCallback (https://3000-iwi3fzzw46c2utma7n3fo-5ac9c38d.sg1.manus.computer/@fs/home/ubuntu/crisispath/node_modules/.vite/deps/react-dom_client.js?v=ec4d0a3a:5491:18)\n    at commitCallbacks (https://3000-iwi3fzzw46c2utma7n3fo-5ac9c38d.sg1.manus.computer/@fs/home/ubuntu/crisispath/node_modules/.vite/deps/react-dom_client.js?v=ec4d0a3a:5503:13)\n    at runWithFiberInDEV (https://3000-iwi3fzzw46c2utma7n3fo-5ac9c38d.sg1.manus.computer/@fs/home/ubuntu/crisispath/node_modules/.vite/deps/react-dom_client.js?v=ec4d0a3a:997:72)\n    at commitClassCallbacks (https://3000-iwi3fzzw46c2utma7n3fo-5ac9c38d.sg1.manus.computer/@fs/home/ubuntu/crisispath/node_modules/.vite/deps/react-dom_client.js?v=ec4d0a3a:9490:13)\n    at commitLayoutEffectOnFiber (https://3000-iwi3fzzw46c2utma7n3fo-5ac9c38d.sg1.manus.computer/@fs/home/ubuntu/crisispath/node_modules/.vite/deps/react-dom_client.js?v=ec4d0a3a:9958:27)"}
[2026-04-21T05:57:57.995Z] {"timestamp":1776751076350,"level":"DEBUG","args":["[vite]","hot updated: /src/App.tsx"],"stack":null}
[2026-04-21T05:57:57.995Z] {"timestamp":1776751076350,"level":"DEBUG","args":["[vite]","hot updated: /src/pages/Onboarding.tsx"],"stack":null}
[2026-04-21T05:57:57.995Z] {"timestamp":1776751076350,"level":"DEBUG","args":["[vite]","hot updated: /src/pages/ActionGuide.tsx"],"stack":null}
[2026-04-21T05:57:57.995Z] {"timestamp":1776751076350,"level":"DEBUG","args":["[vite]","hot updated: /src/pages/Dashboard.tsx"],"stack":null}
[2026-04-21T05:57:57.995Z] {"timestamp":1776751076350,"level":"DEBUG","args":["[vite]","hot updated: /src/pages/FamilyTracker.tsx"],"stack":null}
[2026-04-21T05:57:57.995Z] {"timestamp":1776751076350,"level":"DEBUG","args":["[vite]","hot updated: /src/pages/EmergencyContacts.tsx"],"stack":null}
[2026-04-21T05:57:57.995Z] {"timestamp":1776751076350,"level":"DEBUG","args":["[vite]","hot updated: /src/pages/Settings.tsx"],"stack":null}
[2026-04-21T05:57:57.995Z] {"timestamp":1776751076350,"level":"DEBUG","args":["[vite]","hot updated: /src/pages/SafeRoute.tsx"],"stack":null}
[2026-04-21T05:57:57.995Z] {"timestamp":1776751076350,"level":"DEBUG","args":["[vite]","hot updated: /src/pages/DisasterGuide.tsx"],"stack":null}
[2026-04-21T05:57:57.995Z] {"timestamp":1776751076350,"level":"DEBUG","args":["[vite]","hot updated: /src/pages/Privacy.tsx"],"stack":null}
[2026-04-21T05:57:57.995Z] {"timestamp":1776751076350,"level":"DEBUG","args":["[vite]","hot updated: /src/pages/Map.tsx"],"stack":null}
[2026-04-21T05:57:57.995Z] {"timestamp":1776751076350,"level":"DEBUG","args":["[vite]","hot updated: /src/pages/Home.tsx"],"stack":null}
[2026-04-21T05:58:01.642Z] {"timestamp":1776751079895,"level":"DEBUG","args":["[Manus] Debug collector initialized (no rrweb, UI events only)"],"stack":null}
[2026-04-21T05:58:01.642Z] {"timestamp":1776751080152,"level":"DEBUG","args":["[vite] connected."],"stack":null}
[2026-04-21T05:58:04.028Z] {"timestamp":1776751082279,"level":"DEBUG","args":["[Manus] Debug collector initialized (no rrweb, UI events only)"],"stack":null}
[2026-04-21T05:58:04.028Z] {"timestamp":1776751082529,"level":"DEBUG","args":["[vite] connected."],"stack":null}
[2026-04-21T05:58:06.027Z] {"timestamp":1776751084362,"level":"DEBUG","args":["[vite]","hot updated: /src/pages/FamilyTracker.tsx"],"stack":null}
[2026-04-21T05:58:06.027Z] {"timestamp":1776751084362,"level":"DEBUG","args":["[vite]","hot updated: /src/index.css"],"stack":null}
[2026-04-21T05:58:08.796Z] {"timestamp":1776751087041,"level":"DEBUG","args":["[Manus] Debug collector initialized (no rrweb, UI events only)"],"stack":null}
[2026-04-21T05:58:08.796Z] {"timestamp":1776751087296,"level":"DEBUG","args":["[vite] connected."],"stack":null}
[2026-04-21T05:58:11.194Z] {"timestamp":1776751089444,"level":"DEBUG","args":["[Manus] Debug collector initialized (no rrweb, UI events only)"],"stack":null}
[2026-04-21T05:58:11.194Z] {"timestamp":1776751089701,"level":"DEBUG","args":["[vite] connected."],"stack":null}
[2026-04-21T05:58:35.195Z] {"timestamp":1776751113625,"level":"DEBUG","args":["[vite]","hot updated: /src/pages/ActionGuide.tsx"],"stack":null}
[2026-04-21T05:58:35.195Z] {"timestamp":1776751113625,"level":"DEBUG","args":["[vite]","hot updated: /src/index.css"],"stack":null}
[2026-04-21T05:58:40.209Z] {"timestamp":1776751118466,"level":"DEBUG","args":["[Manus] Debug collector initialized (no rrweb, UI events only)"],"stack":null}
[2026-04-21T05:58:40.209Z] {"timestamp":1776751118722,"level":"DEBUG","args":["[vite] connected."],"stack":null}
[2026-04-21T05:59:01.759Z] {"timestamp":1776751140009,"level":"DEBUG","args":["[Manus] Debug collector initialized (no rrweb, UI events only)"],"stack":null}
[2026-04-21T05:59:01.759Z] {"timestamp":1776751140265,"level":"DEBUG","args":["[vite] connected."],"stack":null}
[2026-04-21T05:59:04.108Z] {"timestamp":1776751142358,"level":"DEBUG","args":["[Manus] Debug collector initialized (no rrweb, UI events only)"],"stack":null}
[2026-04-21T05:59:04.108Z] {"timestamp":1776751142622,"level":"DEBUG","args":["[vite] connected."],"stack":null}
[2026-04-21T05:59:15.049Z] {"timestamp":1776751153296,"level":"DEBUG","args":["[Manus] Debug collector initialized (no rrweb, UI events only)"],"stack":null}
[2026-04-21T05:59:15.049Z] {"timestamp":1776751153553,"level":"DEBUG","args":["[vite] connected."],"stack":null}
[2026-04-21T05:59:46.782Z] {"timestamp":1776751185038,"level":"DEBUG","args":["[Manus] Debug collector initialized (no rrweb, UI events only)"],"stack":null}
[2026-04-21T05:59:46.782Z] {"timestamp":1776751185289,"level":"DEBUG","args":["[vite] connected."],"stack":null}
[2026-04-21T05:59:56.655Z] {"timestamp":1776751194902,"level":"DEBUG","args":["[Manus] Debug collector initialized (no rrweb, UI events only)"],"stack":null}
[2026-04-21T05:59:56.655Z] {"timestamp":1776751195151,"level":"DEBUG","args":["[vite] connected."],"stack":null}
[2026-04-21T05:59:59.040Z] {"timestamp":1776751197298,"level":"DEBUG","args":["[Manus] Debug collector initialized (no rrweb, UI events only)"],"stack":null}
[2026-04-21T05:59:59.040Z] {"timestamp":1776751197554,"level":"DEBUG","args":["[vite] connected."],"stack":null}
[2026-04-21T06:00:14.430Z] {"timestamp":1776751212418,"level":"DEBUG","args":["[Manus] Debug collector initialized (no rrweb, UI events only)"],"stack":null}
[2026-04-21T06:00:14.430Z] {"timestamp":1776751212427,"level":"DEBUG","args":["[vite] connected."],"stack":null}
[2026-04-21T06:00:14.430Z] {"timestamp":1776751213381,"level":"INFO","args":["%cDownload the React DevTools for a better development experience: https://react.dev/link/react-devtools","font-weight:bold"],"stack":null}
[2026-04-21T06:00:15.583Z] {"timestamp":1776751213758,"level":"DEBUG","args":["[Manus] Debug collector initialized (no rrweb, UI events only)"],"stack":null}
[2026-04-21T06:00:15.583Z] {"timestamp":1776751214012,"level":"DEBUG","args":["[vite] connected."],"stack":null}
[2026-04-21T06:00:15.583Z] {"timestamp":1776751214377,"level":"WARN","args":["Google Maps JavaScript API has been loaded directly without loading=async. This can result in suboptimal performance. For best-practice loading patterns please see https://goo.gle/js-api-loading"],"stack":null}
[2026-04-21T06:00:15.583Z] {"timestamp":1776751214386,"level":"WARN","args":["As of February 21st, 2024, google.maps.Marker is deprecated. Please use google.maps.marker.AdvancedMarkerElement instead. At this time, google.maps.Marker is not scheduled to be discontinued, but google.maps.marker.AdvancedMarkerElement is recommended over google.maps.Marker. While google.maps.Marker will continue to receive bug fixes for any major regressions, existing bugs in google.maps.Marker will not be addressed. At least 12 months notice will be given before support is discontinued. Please see https://developers.google.com/maps/deprecations for additional details and https://developers.google.com/maps/documentation/javascript/advanced-markers/migration for the migration guide."],"stack":null}
[2026-04-21T06:00:39.509Z] {"timestamp":1776751238855,"level":"DEBUG","args":["[vite]","hot updated: /src/index.css"],"stack":null}
[2026-04-21T06:01:05.504Z] {"timestamp":1776751265609,"level":"WARN","args":["Warning: Missing `Description` or `aria-describedby={undefined}` for {DialogContent}."],"stack":null}
[2026-04-21T06:01:23.773Z] {"timestamp":1776751281768,"level":"DEBUG","args":["[Manus] Debug collector initialized (no rrweb, UI events only)"],"stack":null}
[2026-04-21T06:01:23.773Z] {"timestamp":1776751281783,"level":"DEBUG","args":["[vite] connected."],"stack":null}
[2026-04-21T06:01:23.773Z] {"timestamp":1776751281962,"level":"INFO","args":["%cDownload the React DevTools for a better development experience: https://react.dev/link/react-devtools","font-weight:bold"],"stack":null}
[2026-04-21T06:02:25.818Z] {"timestamp":1776751344054,"level":"DEBUG","args":["[Manus] Debug collector initialized (no rrweb, UI events only)"],"stack":null}
[2026-04-21T06:02:25.818Z] {"timestamp":1776751344315,"level":"DEBUG","args":["[vite] connected."],"stack":null}
[2026-04-21T06:02:29.674Z] {"timestamp":1776751347394,"level":"DEBUG","args":["[Manus] Debug collector initialized (no rrweb, UI events only)"],"stack":null}
[2026-04-21T06:02:29.674Z] {"timestamp":1776751347643,"level":"DEBUG","args":["[vite] connected."],"stack":null}
[2026-04-21T06:02:49.219Z] {"timestamp":1776751367555,"level":"WARN","args":["Google Maps JavaScript API has been loaded directly without loading=async. This can result in suboptimal performance. For best-practice loading patterns please see https://goo.gle/js-api-loading"],"stack":null}
[2026-04-21T06:02:49.219Z] {"timestamp":1776751367567,"level":"WARN","args":["As of February 21st, 2024, google.maps.Marker is deprecated. Please use google.maps.marker.AdvancedMarkerElement instead. At this time, google.maps.Marker is not scheduled to be discontinued, but google.maps.marker.AdvancedMarkerElement is recommended over google.maps.Marker. While google.maps.Marker will continue to receive bug fixes for any major regressions, existing bugs in google.maps.Marker will not be addressed. At least 12 months notice will be given before support is discontinued. Please see https://developers.google.com/maps/deprecations for additional details and https://developers.google.com/maps/documentation/javascript/advanced-markers/migration for the migration guide."],"stack":null}
[2026-04-21T06:03:12.682Z] {"timestamp":1776751390422,"level":"DEBUG","args":["[Manus] Debug collector initialized (no rrweb, UI events only)"],"stack":null}
[2026-04-21T06:03:12.682Z] {"timestamp":1776751390677,"level":"DEBUG","args":["[vite] connected."],"stack":null}
[2026-04-21T06:03:12.682Z] {"timestamp":1776751392041,"level":"WARN","args":["Google Maps JavaScript API has been loaded directly without loading=async. This can result in suboptimal performance. For best-practice loading patterns please see https://goo.gle/js-api-loading"],"stack":null}
[2026-04-21T06:03:12.682Z] {"timestamp":1776751392051,"level":"WARN","args":["As of February 21st, 2024, google.maps.Marker is deprecated. Please use google.maps.marker.AdvancedMarkerElement instead. At this time, google.maps.Marker is not scheduled to be discontinued, but google.maps.marker.AdvancedMarkerElement is recommended over google.maps.Marker. While google.maps.Marker will continue to receive bug fixes for any major regressions, existing bugs in google.maps.Marker will not be addressed. At least 12 months notice will be given before support is discontinued. Please see https://developers.google.com/maps/deprecations for additional details and https://developers.google.com/maps/documentation/javascript/advanced-markers/migration for the migration guide."],"stack":null}
[2026-04-21T06:03:17.681Z] {"timestamp":1776751395226,"level":"DEBUG","args":["[Manus] Debug collector initialized (no rrweb, UI events only)"],"stack":null}
[2026-04-21T06:03:17.681Z] {"timestamp":1776751395479,"level":"DEBUG","args":["[vite] connected."],"stack":null}
[2026-04-21T06:03:17.681Z] {"timestamp":1776751396866,"level":"WARN","args":["Google Maps JavaScript API has been loaded directly without loading=async. This can result in suboptimal performance. For best-practice loading patterns please see https://goo.gle/js-api-loading"],"stack":null}
[2026-04-21T06:03:17.681Z] {"timestamp":1776751396898,"level":"WARN","args":["As of February 21st, 2024, google.maps.Marker is deprecated. Please use google.maps.marker.AdvancedMarkerElement instead. At this time, google.maps.Marker is not scheduled to be discontinued, but google.maps.marker.AdvancedMarkerElement is recommended over google.maps.Marker. While google.maps.Marker will continue to receive bug fixes for any major regressions, existing bugs in google.maps.Marker will not be addressed. At least 12 months notice will be given before support is discontinued. Please see https://developers.google.com/maps/deprecations for additional details and https://developers.google.com/maps/documentation/javascript/advanced-markers/migration for the migration guide."],"stack":null}
[2026-04-21T06:03:28.679Z] {"timestamp":1776751406326,"level":"DEBUG","args":["[Manus] Debug collector initialized (no rrweb, UI events only)"],"stack":null}
[2026-04-21T06:03:28.679Z] {"timestamp":1776751406613,"level":"DEBUG","args":["[vite] connected."],"stack":null}
[2026-04-21T06:03:28.679Z] {"timestamp":1776751407959,"level":"WARN","args":["Google Maps JavaScript API has been loaded directly without loading=async. This can result in suboptimal performance. For best-practice loading patterns please see https://goo.gle/js-api-loading"],"stack":null}
[2026-04-21T06:03:28.679Z] {"timestamp":1776751407973,"level":"WARN","args":["As of February 21st, 2024, google.maps.Marker is deprecated. Please use google.maps.marker.AdvancedMarkerElement instead. At this time, google.maps.Marker is not scheduled to be discontinued, but google.maps.marker.AdvancedMarkerElement is recommended over google.maps.Marker. While google.maps.Marker will continue to receive bug fixes for any major regressions, existing bugs in google.maps.Marker will not be addressed. At least 12 months notice will be given before support is discontinued. Please see https://developers.google.com/maps/deprecations for additional details and https://developers.google.com/maps/documentation/javascript/advanced-markers/migration for the migration guide."],"stack":null}
[2026-04-21T06:03:32.675Z] {"timestamp":1776751410305,"level":"DEBUG","args":["[Manus] Debug collector initialized (no rrweb, UI events only)"],"stack":null}
[2026-04-21T06:03:32.675Z] {"timestamp":1776751410555,"level":"DEBUG","args":["[vite] connected."],"stack":null}
[2026-04-21T06:03:32.675Z] {"timestamp":1776751411890,"level":"WARN","args":["Google Maps JavaScript API has been loaded directly without loading=async. This can result in suboptimal performance. For best-practice loading patterns please see https://goo.gle/js-api-loading"],"stack":null}
[2026-04-21T06:03:32.675Z] {"timestamp":1776751411900,"level":"WARN","args":["As of February 21st, 2024, google.maps.Marker is deprecated. Please use google.maps.marker.AdvancedMarkerElement instead. At this time, google.maps.Marker is not scheduled to be discontinued, but google.maps.marker.AdvancedMarkerElement is recommended over google.maps.Marker. While google.maps.Marker will continue to receive bug fixes for any major regressions, existing bugs in google.maps.Marker will not be addressed. At least 12 months notice will be given before support is discontinued. Please see https://developers.google.com/maps/deprecations for additional details and https://developers.google.com/maps/documentation/javascript/advanced-markers/migration for the migration guide."],"stack":null}
[2026-04-21T06:03:47.918Z] {"timestamp":1776751426177,"level":"DEBUG","args":["[Manus] Debug collector initialized (no rrweb, UI events only)"],"stack":null}
[2026-04-21T06:03:47.918Z] {"timestamp":1776751426434,"level":"DEBUG","args":["[vite] connected."],"stack":null}
[2026-04-21T06:04:10.525Z] {"timestamp":1776751448768,"level":"DEBUG","args":["[Manus] Debug collector initialized (no rrweb, UI events only)"],"stack":null}
[2026-04-21T06:04:10.525Z] {"timestamp":1776751449039,"level":"DEBUG","args":["[vite] connected."],"stack":null}
[2026-04-21T06:04:13.891Z] {"timestamp":1776751452143,"level":"DEBUG","args":["[Manus] Debug collector initialized (no rrweb, UI events only)"],"stack":null}
[2026-04-21T06:04:13.891Z] {"timestamp":1776751452414,"level":"DEBUG","args":["[vite] connected."],"stack":null}
[2026-04-21T06:04:20.681Z] {"timestamp":1776751460074,"level":"DEBUG","args":["[vite]","hot updated: /src/App.tsx"],"stack":null}
[2026-04-21T06:04:20.681Z] {"timestamp":1776751460074,"level":"DEBUG","args":["[vite]","hot updated: /src/index.css"],"stack":null}
[2026-04-21T06:04:24.667Z] {"timestamp":1776751462745,"level":"DEBUG","args":["[Manus] Debug collector initialized (no rrweb, UI events only)"],"stack":null}
[2026-04-21T06:04:24.667Z] {"timestamp":1776751463011,"level":"DEBUG","args":["[vite] connected."],"stack":null}
[2026-04-21T06:04:29.673Z] {"timestamp":1776751467337,"level":"DEBUG","args":["[Manus] Debug collector initialized (no rrweb, UI events only)"],"stack":null}
[2026-04-21T06:04:29.673Z] {"timestamp":1776751467594,"level":"DEBUG","args":["[vite] connected."],"stack":null}
[2026-04-21T06:04:33.673Z] {"timestamp":1776751473359,"level":"DEBUG","args":["[vite]","hot updated: /src/pages/Settings.tsx"],"stack":null}
[2026-04-21T06:04:33.673Z] {"timestamp":1776751473359,"level":"DEBUG","args":["[vite]","hot updated: /src/index.css"],"stack":null}
[2026-04-21T06:04:41.670Z] {"timestamp":1776751479305,"level":"DEBUG","args":["[Manus] Debug collector initialized (no rrweb, UI events only)"],"stack":null}
[2026-04-21T06:04:41.670Z] {"timestamp":1776751479558,"level":"DEBUG","args":["[vite] connected."],"stack":null}
[2026-04-21T06:05:35.736Z] {"timestamp":1776751533997,"level":"DEBUG","args":["[Manus] Debug collector initialized (no rrweb, UI events only)"],"stack":null}
[2026-04-21T06:05:35.736Z] {"timestamp":1776751534254,"level":"DEBUG","args":["[vite] connected."],"stack":null}
[2026-04-21T06:05:38.163Z] {"timestamp":1776751536420,"level":"DEBUG","args":["[Manus] Debug collector initialized (no rrweb, UI events only)"],"stack":null}
[2026-04-21T06:05:38.163Z] {"timestamp":1776751536673,"level":"DEBUG","args":["[vite] connected."],"stack":null}
[2026-04-21T06:05:57.436Z] {"timestamp":1776751555311,"level":"DEBUG","args":["[Manus] Debug collector initialized (no rrweb, UI events only)"],"stack":null}
[2026-04-21T06:05:57.436Z] {"timestamp":1776751555556,"level":"DEBUG","args":["[vite] connected."],"stack":null}
[2026-04-21T06:06:00.805Z] {"timestamp":1776751559066,"level":"DEBUG","args":["[Manus] Debug collector initialized (no rrweb, UI events only)"],"stack":null}
[2026-04-21T06:06:00.805Z] {"timestamp":1776751559317,"level":"DEBUG","args":["[vite] connected."],"stack":null}
[2026-04-21T06:06:15.211Z] {"timestamp":1776751573466,"level":"DEBUG","args":["[Manus] Debug collector initialized (no rrweb, UI events only)"],"stack":null}
[2026-04-21T06:06:15.211Z] {"timestamp":1776751573713,"level":"DEBUG","args":["[vite] connected."],"stack":null}
[2026-04-21T06:06:19.439Z] {"timestamp":1776751577696,"level":"DEBUG","args":["[Manus] Debug collector initialized (no rrweb, UI events only)"],"stack":null}
[2026-04-21T06:06:19.439Z] {"timestamp":1776751577946,"level":"DEBUG","args":["[vite] connected."],"stack":null}
[2026-04-21T06:06:32.588Z] {"timestamp":1776751590849,"level":"DEBUG","args":["[Manus] Debug collector initialized (no rrweb, UI events only)"],"stack":null}
[2026-04-21T06:06:32.588Z] {"timestamp":1776751591104,"level":"DEBUG","args":["[vite] connected."],"stack":null}
[2026-04-21T06:06:34.602Z] {"timestamp":1776751594851,"level":"WARN","args":["Google Maps JavaScript API has been loaded directly without loading=async. This can result in suboptimal performance. For best-practice loading patterns please see https://goo.gle/js-api-loading"],"stack":null}
[2026-04-21T06:06:34.602Z] {"timestamp":1776751594864,"level":"WARN","args":["As of February 21st, 2024, google.maps.Marker is deprecated. Please use google.maps.marker.AdvancedMarkerElement instead. At this time, google.maps.Marker is not scheduled to be discontinued, but google.maps.marker.AdvancedMarkerElement is recommended over google.maps.Marker. While google.maps.Marker will continue to receive bug fixes for any major regressions, existing bugs in google.maps.Marker will not be addressed. At least 12 months notice will be given before support is discontinued. Please see https://developers.google.com/maps/deprecations for additional details and https://developers.google.com/maps/documentation/javascript/advanced-markers/migration for the migration guide."],"stack":null}
[2026-04-21T06:07:18.984Z] {"timestamp":1776751637242,"level":"DEBUG","args":["[Manus] Debug collector initialized (no rrweb, UI events only)"],"stack":null}
[2026-04-21T06:07:18.984Z] {"timestamp":1776751637487,"level":"DEBUG","args":["[vite] connected."],"stack":null}
[2026-04-21T06:07:28.610Z] {"timestamp":1776751646862,"level":"DEBUG","args":["[Manus] Debug collector initialized (no rrweb, UI events only)"],"stack":null}
[2026-04-21T06:07:28.610Z] {"timestamp":1776751647119,"level":"DEBUG","args":["[vite] connected."],"stack":null}
[2026-04-21T06:07:32.285Z] {"timestamp":1776751650279,"level":"DEBUG","args":["[Manus] Debug collector initialized (no rrweb, UI events only)"],"stack":null}
[2026-04-21T06:07:32.285Z] {"timestamp":1776751650289,"level":"DEBUG","args":["[vite] connected."],"stack":null}
[2026-04-21T06:07:32.285Z] {"timestamp":1776751650508,"level":"INFO","args":["%cDownload the React DevTools for a better development experience: https://react.dev/link/react-devtools","font-weight:bold"],"stack":null}
[2026-04-21T06:07:52.603Z] {"timestamp":1776751672376,"level":"DEBUG","args":["[vite]","hot updated: /src/index.css"],"stack":null}
[2026-04-21T06:08:42.774Z] {"timestamp":1776751720769,"level":"DEBUG","args":["[Manus] Debug collector initialized (no rrweb, UI events only)"],"stack":null}
[2026-04-21T06:08:42.774Z] {"timestamp":1776751720785,"level":"DEBUG","args":["[vite] connected."],"stack":null}
[2026-04-21T06:08:42.774Z] {"timestamp":1776751721013,"level":"INFO","args":["%cDownload the React DevTools for a better development experience: https://react.dev/link/react-devtools","font-weight:bold"],"stack":null}
[2026-04-21T06:12:18.674Z] {"timestamp":1776751936823,"level":"DEBUG","args":["[Manus] Debug collector initialized (no rrweb, UI events only)"],"stack":null}
[2026-04-21T06:12:18.674Z] {"timestamp":1776751937080,"level":"DEBUG","args":["[vite] connected."],"stack":null}
[2026-04-21T06:15:42.666Z] {"timestamp":1776752142549,"level":"DEBUG","args":["[vite]","hot updated: /src/pages/Onboarding.tsx"],"stack":null}
[2026-04-21T06:15:42.666Z] {"timestamp":1776752142549,"level":"DEBUG","args":["[vite]","hot updated: /src/index.css"],"stack":null}
[2026-04-21T06:15:51.667Z] {"timestamp":1776752149256,"level":"DEBUG","args":["[Manus] Debug collector initialized (no rrweb, UI events only)"],"stack":null}
[2026-04-21T06:15:51.667Z] {"timestamp":1776752149512,"level":"DEBUG","args":["[vite] connected."],"stack":null}
[2026-04-21T06:18:39.678Z] {"timestamp":1776752319056,"level":"DEBUG","args":["[vite]","hot updated: /src/pages/Home.tsx"],"stack":null}
[2026-04-21T06:18:39.678Z] {"timestamp":1776752319056,"level":"DEBUG","args":["[vite]","hot updated: /src/index.css"],"stack":null}
[2026-04-21T06:18:46.665Z] {"timestamp":1776752324109,"level":"DEBUG","args":["[Manus] Debug collector initialized (no rrweb, UI events only)"],"stack":null}
[2026-04-21T06:18:46.665Z] {"timestamp":1776752324373,"level":"DEBUG","args":["[vite] connected."],"stack":null}
[2026-04-21T06:21:26.869Z] {"timestamp":1776752484855,"level":"DEBUG","args":["[Manus] Debug collector initialized (no rrweb, UI events only)"],"stack":null}
[2026-04-21T06:21:26.869Z] {"timestamp":1776752484866,"level":"DEBUG","args":["[vite] connected."],"stack":null}
[2026-04-21T06:21:26.869Z] {"timestamp":1776752485958,"level":"INFO","args":["%cDownload the React DevTools for a better development experience: https://react.dev/link/react-devtools","font-weight:bold"],"stack":null}
[2026-04-21T06:24:41.894Z] {"timestamp":1776752679880,"level":"DEBUG","args":["[Manus] Debug collector initialized (no rrweb, UI events only)"],"stack":null}
[2026-04-21T06:24:41.894Z] {"timestamp":1776752679892,"level":"DEBUG","args":["[vite] connected."],"stack":null}
[2026-04-21T06:24:41.894Z] {"timestamp":1776752680966,"level":"INFO","args":["%cDownload the React DevTools for a better development experience: https://react.dev/link/react-devtools","font-weight:bold"],"stack":null}
[2026-04-21T06:27:21.068Z] {"timestamp":1776752839055,"level":"DEBUG","args":["[Manus] Debug collector initialized (no rrweb, UI events only)"],"stack":null}
[2026-04-21T06:27:21.068Z] {"timestamp":1776752839073,"level":"DEBUG","args":["[vite] connected."],"stack":null}
[2026-04-21T06:27:21.068Z] {"timestamp":1776752840070,"level":"INFO","args":["%cDownload the React DevTools for a better development experience: https://react.dev/link/react-devtools","font-weight:bold"],"stack":null}
[2026-04-21T06:29:48.545Z] {"timestamp":1776752986531,"level":"DEBUG","args":["[Manus] Debug collector initialized (no rrweb, UI events only)"],"stack":null}
[2026-04-21T06:29:48.545Z] {"timestamp":1776752986542,"level":"DEBUG","args":["[vite] connected."],"stack":null}
[2026-04-21T06:29:48.545Z] {"timestamp":1776752987649,"level":"INFO","args":["%cDownload the React DevTools for a better development experience: https://react.dev/link/react-devtools","font-weight:bold"],"stack":null}
[2026-04-21T06:35:29.583Z] {"timestamp":1776753327567,"level":"DEBUG","args":["[Manus] Debug collector initialized (no rrweb, UI events only)"],"stack":null}
[2026-04-21T06:35:29.583Z] {"timestamp":1776753327580,"level":"DEBUG","args":["[vite] connected."],"stack":null}
[2026-04-21T06:35:29.583Z] {"timestamp":1776753328779,"level":"INFO","args":["%cDownload the React DevTools for a better development experience: https://react.dev/link/react-devtools","font-weight:bold"],"stack":null}
[2026-04-21T06:36:44.653Z] {"timestamp":1776753402300,"level":"DEBUG","args":["[Manus] Debug collector initialized (no rrweb, UI events only)"],"stack":null}
[2026-04-21T06:36:44.653Z] {"timestamp":1776753402807,"level":"DEBUG","args":["[vite] connected."],"stack":null}
[2026-04-21T06:36:50.997Z] {"timestamp":1776753408249,"level":"DEBUG","args":["[Manus] Debug collector initialized (no rrweb, UI events only)"],"stack":null}
[2026-04-21T06:36:50.997Z] {"timestamp":1776753408506,"level":"DEBUG","args":["[vite] connected."],"stack":null}
[2026-04-21T06:36:50.997Z] {"timestamp":1776753408916,"level":"LOG","args":["[vite] server connection lost. Polling for restart..."],"stack":null}
[2026-04-21T06:36:59.646Z] {"timestamp":1776753416945,"level":"DEBUG","args":["[Manus] Debug collector initialized (no rrweb, UI events only)"],"stack":null}
[2026-04-21T06:36:59.646Z] {"timestamp":1776753417205,"level":"DEBUG","args":["[vite] connected."],"stack":null}
[2026-04-21T06:37:46.698Z] {"timestamp":1776753464683,"level":"DEBUG","args":["[Manus] Debug collector initialized (no rrweb, UI events only)"],"stack":null}
[2026-04-21T06:37:46.698Z] {"timestamp":1776753464696,"level":"DEBUG","args":["[vite] connected."],"stack":null}
[2026-04-21T06:37:46.698Z] {"timestamp":1776753465830,"level":"INFO","args":["%cDownload the React DevTools for a better development experience: https://react.dev/link/react-devtools","font-weight:bold"],"stack":null}
[2026-04-21T06:38:44.649Z] {"timestamp":1776753522252,"level":"DEBUG","args":["[Manus] Debug collector initialized (no rrweb, UI events only)"],"stack":null}
[2026-04-21T06:38:44.649Z] {"timestamp":1776753522504,"level":"DEBUG","args":["[vite] connected."],"stack":null}
[2026-04-21T06:38:48.639Z] {"timestamp":1776753526319,"level":"DEBUG","args":["[Manus] Debug collector initialized (no rrweb, UI events only)"],"stack":null}
[2026-04-21T06:38:48.639Z] {"timestamp":1776753526565,"level":"DEBUG","args":["[vite] connected."],"stack":null}
[2026-04-21T06:39:08.469Z] {"timestamp":1776753546456,"level":"DEBUG","args":["[Manus] Debug collector initialized (no rrweb, UI events only)"],"stack":null}
[2026-04-21T06:39:08.469Z] {"timestamp":1776753546471,"level":"DEBUG","args":["[vite] connected."],"stack":null}
[2026-04-21T06:39:08.469Z] {"timestamp":1776753547808,"level":"INFO","args":["%cDownload the React DevTools for a better development experience: https://react.dev/link/react-devtools","font-weight:bold"],"stack":null}
[2026-04-21T06:39:26.799Z] {"timestamp":1776753565089,"level":"DEBUG","args":["[Manus] Debug collector initialized (no rrweb, UI events only)"],"stack":null}
[2026-04-21T06:39:26.799Z] {"timestamp":1776753565354,"level":"DEBUG","args":["[vite] connected."],"stack":null}
[2026-04-21T06:39:35.650Z] {"timestamp":1776753573796,"level":"DEBUG","args":["[Manus] Debug collector initialized (no rrweb, UI events only)"],"stack":null}
[2026-04-21T06:39:35.650Z] {"timestamp":1776753574047,"level":"DEBUG","args":["[vite] connected."],"stack":null}
[2026-04-21T06:39:40.648Z] {"timestamp":1776753578309,"level":"DEBUG","args":["[Manus] Debug collector initialized (no rrweb, UI events only)"],"stack":null}
[2026-04-21T06:39:40.648Z] {"timestamp":1776753578558,"level":"DEBUG","args":["[vite] connected."],"stack":null}
[2026-04-21T06:39:54.641Z] {"timestamp":1776753593706,"level":"DEBUG","args":["[vite]","hot updated: /src/index.css"],"stack":null}
[2026-04-21T06:40:39.151Z] {"timestamp":1776753637146,"level":"DEBUG","args":["[Manus] Debug collector initialized (no rrweb, UI events only)"],"stack":null}
[2026-04-21T06:40:39.151Z] {"timestamp":1776753637153,"level":"DEBUG","args":["[vite] connected."],"stack":null}
[2026-04-21T06:40:39.151Z] {"timestamp":1776753637362,"level":"INFO","args":["%cDownload the React DevTools for a better development experience: https://react.dev/link/react-devtools","font-weight:bold"],"stack":null}
[2026-04-21T07:00:10.629Z] {"timestamp":1776754808290,"level":"DEBUG","args":["[Manus] Debug collector initialized (no rrweb, UI events only)"],"stack":null}
[2026-04-21T07:00:10.629Z] {"timestamp":1776754808549,"level":"DEBUG","args":["[vite] connected."],"stack":null}
[2026-04-21T07:00:13.623Z] {"timestamp":1776754811445,"level":"DEBUG","args":["[Manus] Debug collector initialized (no rrweb, UI events only)"],"stack":null}
[2026-04-21T07:00:13.623Z] {"timestamp":1776754811698,"level":"DEBUG","args":["[vite] connected."],"stack":null}
[2026-04-21T07:02:11.632Z] {"timestamp":1776754930586,"level":"DEBUG","args":["[vite]","hot updated: /src/pages/Home.tsx"],"stack":null}
[2026-04-21T07:02:11.632Z] {"timestamp":1776754930586,"level":"DEBUG","args":["[vite]","hot updated: /src/index.css"],"stack":null}
[2026-04-21T07:02:11.632Z] {"timestamp":1776754931002,"level":"WARN","args":["Google Maps JavaScript API has been loaded directly without loading=async. This can result in suboptimal performance. For best-practice loading patterns please see https://goo.gle/js-api-loading"],"stack":null}
[2026-04-21T07:02:15.623Z] {"timestamp":1776754933799,"level":"DEBUG","args":["[Manus] Debug collector initialized (no rrweb, UI events only)"],"stack":null}
[2026-04-21T07:02:15.623Z] {"timestamp":1776754934062,"level":"DEBUG","args":["[vite] connected."],"stack":null}
[2026-04-21T07:02:15.623Z] {"timestamp":1776754934593,"level":"WARN","args":["Google Maps JavaScript API has been loaded directly without loading=async. This can result in suboptimal performance. For best-practice loading patterns please see https://goo.gle/js-api-loading"],"stack":null}
[2026-04-21T07:02:18.627Z] {"timestamp":1776754936592,"level":"DEBUG","args":["[Manus] Debug collector initialized (no rrweb, UI events only)"],"stack":null}
[2026-04-21T07:02:18.627Z] {"timestamp":1776754936851,"level":"DEBUG","args":["[vite] connected."],"stack":null}
[2026-04-21T07:02:18.627Z] {"timestamp":1776754937390,"level":"WARN","args":["Google Maps JavaScript API has been loaded directly without loading=async. This can result in suboptimal performance. For best-practice loading patterns please see https://goo.gle/js-api-loading"],"stack":null}
[2026-04-21T07:02:22.637Z] {"timestamp":1776754941093,"level":"DEBUG","args":["[vite]","hot updated: /src/pages/Home.tsx"],"stack":null}
[2026-04-21T07:02:22.637Z] {"timestamp":1776754941094,"level":"DEBUG","args":["[vite]","hot updated: /src/index.css"],"stack":null}
[2026-04-21T07:02:22.637Z] {"timestamp":1776754941956,"level":"WARN","args":["Element with name \"gmp-internal-loading-text\" already defined."],"stack":null}
[2026-04-21T07:02:22.637Z] {"timestamp":1776754941956,"level":"WARN","args":["Element with name \"gmp-internal-request-error-text\" already defined."],"stack":null}
[2026-04-21T07:02:22.637Z] {"timestamp":1776754941956,"level":"WARN","args":["Element with name \"gmp-internal-back-button\" already defined."],"stack":null}
[2026-04-21T07:02:22.637Z] {"timestamp":1776754941956,"level":"WARN","args":["Element with name \"gmp-internal-dialog\" already defined."],"stack":null}
[2026-04-21T07:02:22.637Z] {"timestamp":1776754941956,"level":"WARN","args":["Element with name \"gmp-internal-disclosure\" already defined."],"stack":null}
[2026-04-21T07:02:22.637Z] {"timestamp":1776754941956,"level":"WARN","args":["Element with name \"gmp-internal-disclosure-section\" already defined."],"stack":null}
[2026-04-21T07:02:22.637Z] {"timestamp":1776754941956,"level":"WARN","args":["Element with name \"gmp-internal-attribution\" already defined."],"stack":null}
[2026-04-21T07:02:22.637Z] {"timestamp":1776754941956,"level":"WARN","args":["Element with name \"gmp-internal-element-support-verification\" already defined."],"stack":null}
[2026-04-21T07:02:22.637Z] {"timestamp":1776754941957,"level":"ERROR","args":["You have included the Google Maps JavaScript API multiple times on this page. This may cause unexpected errors."],"stack":"Error\n    at console.<computed> [as error] (https://3000-iwi3fzzw46c2utma7n3fo-5ac9c38d.sg1.manus.computer/__manus__/debug-collector.js:391:37)\n    at Cea (https://forge.manus.ai/v1/maps/proxy/maps/api/js?key=cvZzDbPkXuMKHHX2jcgL3z&v=weekly&libraries=marker,places,geocoding,geometry:2168:273)\n    at Kea (https://forge.manus.ai/v1/maps/proxy/maps/api/js?key=cvZzDbPkXuMKHHX2jcgL3z&v=weekly&libraries=marker,places,geocoding,geometry:2161:81)\n    at google.maps.Load (https://forge.manus.ai/v1/maps/proxy/maps/api/js?key=cvZzDbPkXuMKHHX2jcgL3z&v=weekly&libraries=marker,places,geocoding,geometry:14:5)\n    at https://forge.manus.ai/v1/maps/proxy/maps/api/js?key=cvZzDbPkXuMKHHX2jcgL3z&v=weekly&libraries=marker,places,geocoding,geometry:2467:267\n    at https://forge.manus.ai/v1/maps/proxy/maps/api/js?key=cvZzDbPkXuMKHHX2jcgL3z&v=weekly&libraries=marker,places,geocoding,geometry:2467:280"}
[2026-04-21T07:02:22.637Z] {"timestamp":1776754942002,"level":"WARN","args":["Google Maps JavaScript API has been loaded directly without loading=async. This can result in suboptimal performance. For best-practice loading patterns please see https://goo.gle/js-api-loading"],"stack":null}
[2026-04-21T07:02:22.637Z] {"timestamp":1776754942003,"level":"WARN","args":["Element with name \"gmp-internal-rating\" already defined."],"stack":null}
[2026-04-21T07:02:22.637Z] {"timestamp":1776754942003,"level":"WARN","args":["Element with name \"gmp-place-all-content\" already defined."],"stack":null}
[2026-04-21T07:02:22.637Z] {"timestamp":1776754942004,"level":"WARN","args":["Element with name \"gmp-internal-link-button\" already defined."],"stack":null}
[2026-04-21T07:02:22.637Z] {"timestamp":1776754942004,"level":"WARN","args":["Element with name \"gmp-internal-menu\" already defined."],"stack":null}
[2026-04-21T07:02:22.637Z] {"timestamp":1776754942004,"level":"WARN","args":["Element with name \"gmp-internal-place-opening-hours\" already defined."],"stack":null}
[2026-04-21T07:02:22.637Z] {"timestamp":1776754942004,"level":"WARN","args":["Element with name \"gmp-internal-place-review\" already defined."],"stack":null}
[2026-04-21T07:02:22.637Z] {"timestamp":1776754942004,"level":"WARN","args":["Element with name \"gmp-internal-tabbed-layout\" already defined."],"stack":null}
[2026-04-21T07:02:22.637Z] {"timestamp":1776754942004,"level":"WARN","args":["Element with name \"gmp-internal-lightbox\" already defined."],"stack":null}
[2026-04-21T07:02:22.637Z] {"timestamp":1776754942004,"level":"WARN","args":["Element with name \"gmp-internal-collage\" already defined."],"stack":null}
[2026-04-21T07:02:22.637Z] {"timestamp":1776754942004,"level":"WARN","args":["Element with name \"gmp-internal-place-rating-summary\" already defined."],"stack":null}
[2026-04-21T07:02:22.637Z] {"timestamp":1776754942005,"level":"WARN","args":["Element with name \"gmp-place-content-config\" already defined."],"stack":null}
[2026-04-21T07:02:22.637Z] {"timestamp":1776754942005,"level":"WARN","args":["Element with name \"gmp-place-standard-content\" already defined."],"stack":null}
[2026-04-21T07:02:22.637Z] {"timestamp":1776754942005,"level":"WARN","args":["Element with name \"gmp-internal-place-basic-info\" already defined."],"stack":null}
[2026-04-21T07:02:22.637Z] {"timestamp":1776754942005,"level":"WARN","args":["Element with name \"gmp-place-details-location-request\" already defined."],"stack":null}
[2026-04-21T07:02:22.637Z] {"timestamp":1776754942005,"level":"WARN","args":["Element with name \"gmp-place-details-place-request\" already defined."],"stack":null}
[2026-04-21T07:02:22.637Z] {"timestamp":1776754942005,"level":"WARN","args":["Element with name \"gmp-internal-circular-loader\" already defined."],"stack":null}
[2026-04-21T07:02:22.637Z] {"timestamp":1776754942005,"level":"WARN","args":["Element with name \"gmp-place-details-compact\" already defined."],"stack":null}
[2026-04-21T07:02:22.637Z] {"timestamp":1776754942005,"level":"WARN","args":["Element with name \"gmp-internal-use-place-details-compact\" already defined."],"stack":null}
[2026-04-21T07:02:22.637Z] {"timestamp":1776754942005,"level":"WARN","args":["Element with name \"gmp-place-media\" already defined."],"stack":null}
[2026-04-21T07:02:22.637Z] {"timestamp":1776754942005,"level":"WARN","args":["Element with name \"gmp-place-address\" already defined."],"stack":null}
[2026-04-21T07:02:22.637Z] {"timestamp":1776754942005,"level":"WARN","args":["Element with name \"gmp-place-rating\" already defined."],"stack":null}
[2026-04-21T07:02:22.637Z] {"timestamp":1776754942005,"level":"WARN","args":["Element with name \"gmp-place-type\" already defined."],"stack":null}
[2026-04-21T07:02:22.637Z] {"timestamp":1776754942005,"level":"WARN","args":["Element with name \"gmp-place-price\" already defined."],"stack":null}
[2026-04-21T07:02:22.637Z] {"timestamp":1776754942005,"level":"WARN","args":["Element with name \"gmp-place-accessible-entrance-icon\" already defined."],"stack":null}
[2026-04-21T07:02:22.637Z] {"timestamp":1776754942005,"level":"WARN","args":["Element with name \"gmp-place-open-now-status\" already defined."],"stack":null}
[2026-04-21T07:02:22.637Z] {"timestamp":1776754942005,"level":"WARN","args":["Element with name \"gmp-place-attribution\" already defined."],"stack":null}
[2026-04-21T07:02:22.637Z] {"timestamp":1776754942005,"level":"WARN","args":["Element with name \"gmp-place-website\" already defined."],"stack":null}
[2026-04-21T07:02:22.637Z] {"timestamp":1776754942005,"level":"WARN","args":["Element with name \"gmp-place-phone-number\" already defined."],"stack":null}
[2026-04-21T07:02:22.637Z] {"timestamp":1776754942006,"level":"WARN","args":["Element with name \"gmp-place-opening-hours\" already defined."],"stack":null}
[2026-04-21T07:02:22.637Z] {"timestamp":1776754942006,"level":"WARN","args":["Element with name \"gmp-place-summary\" already defined."],"stack":null}
[2026-04-21T07:02:22.637Z] {"timestamp":1776754942006,"level":"WARN","args":["Element with name \"gmp-place-type-specific-highlights\" already defined."],"stack":null}
[2026-04-21T07:02:22.637Z] {"timestamp":1776754942006,"level":"WARN","args":["Element with name \"gmp-place-review-summary\" already defined."],"stack":null}
[2026-04-21T07:02:22.637Z] {"timestamp":1776754942006,"level":"WARN","args":["Element with name \"gmp-place-reviews\" already defined."],"stack":null}
[2026-04-21T07:02:22.637Z] {"timestamp":1776754942006,"level":"WARN","args":["Element with name \"gmp-place-plus-code\" already defined."],"stack":null}
[2026-04-21T07:02:22.637Z] {"timestamp":1776754942006,"level":"WARN","args":["Element with name \"gmp-place-feature-list\" already defined."],"stack":null}
[2026-04-21T07:02:22.637Z] {"timestamp":1776754942006,"level":"WARN","args":["Element with name \"gmp-place-details\" already defined."],"stack":null}
[2026-04-21T07:02:22.637Z] {"timestamp":1776754942006,"level":"WARN","args":["Element with name \"gmp-internal-place-carousel\" already defined."],"stack":null}
[2026-04-21T07:02:22.637Z] {"timestamp":1776754942006,"level":"WARN","args":["Element with name \"gmp-internal-place-search-list-item\" already defined."],"stack":null}
[2026-04-21T07:02:22.637Z] {"timestamp":1776754942006,"level":"WARN","args":["Element with name \"gmp-place-nearby-search-request\" already defined."],"stack":null}
[2026-04-21T07:02:22.637Z] {"timestamp":1776754942006,"level":"WARN","args":["Element with name \"gmp-place-text-search-request\" already defined."],"stack":null}
[2026-04-21T07:02:22.637Z] {"timestamp":1776754942006,"level":"WARN","args":["Element with name \"gmp-place-search\" already defined."],"stack":null}
[2026-04-21T07:02:22.637Z] {"timestamp":1776754942008,"level":"WARN","args":["Element with name \"gmp-pin\" already defined."],"stack":null}
[2026-04-21T07:02:22.637Z] {"timestamp":1776754942009,"level":"WARN","args":["Element with name \"gmp-internal-use-am\" already defined."],"stack":null}
[2026-04-21T07:02:22.637Z] {"timestamp":1776754942010,"level":"WARN","args":["Element with name \"gmp-map\" already defined."],"stack":null}
[2026-04-21T07:02:22.637Z] {"timestamp":1776754942011,"level":"WARN","args":["Element with name \"gmp-advanced-marker\" already defined."],"stack":null}
[2026-04-21T07:02:22.637Z] {"timestamp":1776754942011,"level":"WARN","args":["Element with name \"gmp-place-autocomplete\" already defined."],"stack":null}
[2026-04-21T07:02:22.637Z] {"timestamp":1776754942011,"level":"WARN","args":["Element with name \"gmp-basic-place-autocomplete\" already defined."],"stack":null}
[2026-04-21T07:02:35.502Z] {"timestamp":1776754953486,"level":"DEBUG","args":["[Manus] Debug collector initialized (no rrweb, UI events only)"],"stack":null}
[2026-04-21T07:02:35.502Z] {"timestamp":1776754953496,"level":"DEBUG","args":["[vite] connected."],"stack":null}
[2026-04-21T07:02:35.502Z] {"timestamp":1776754954583,"level":"INFO","args":["%cDownload the React DevTools for a better development experience: https://react.dev/link/react-devtools","font-weight:bold"],"stack":null}
[2026-04-21T07:02:50.444Z] {"timestamp":1776754968438,"level":"DEBUG","args":["[Manus] Debug collector initialized (no rrweb, UI events only)"],"stack":null}
[2026-04-21T07:02:50.445Z] {"timestamp":1776754968470,"level":"DEBUG","args":["[vite] connected."],"stack":null}
[2026-04-21T07:02:50.445Z] {"timestamp":1776754968759,"level":"INFO","args":["%cDownload the React DevTools for a better development experience: https://react.dev/link/react-devtools","font-weight:bold"],"stack":null}
[2026-04-21T07:04:43.070Z] {"timestamp":1776755081065,"level":"DEBUG","args":["[Manus] Debug collector initialized (no rrweb, UI events only)"],"stack":null}
[2026-04-21T07:04:43.070Z] {"timestamp":1776755081075,"level":"DEBUG","args":["[vite] connected."],"stack":null}
[2026-04-21T07:04:43.070Z] {"timestamp":1776755081296,"level":"INFO","args":["%cDownload the React DevTools for a better development experience: https://react.dev/link/react-devtools","font-weight:bold"],"stack":null}
[2026-04-21T07:07:23.323Z] {"timestamp":1776755241563,"level":"DEBUG","args":["[Manus] Debug collector initialized (no rrweb, UI events only)"],"stack":null}
[2026-04-21T07:07:23.323Z] {"timestamp":1776755241813,"level":"DEBUG","args":["[vite] connected."],"stack":null}
[2026-04-21T07:07:23.323Z] {"timestamp":1776755242276,"level":"WARN","args":["Google Maps JavaScript API has been loaded directly without loading=async. This can result in suboptimal performance. For best-practice loading patterns please see https://goo.gle/js-api-loading"],"stack":null}
[2026-04-21T07:07:27.713Z] {"timestamp":1776755245952,"level":"DEBUG","args":["[Manus] Debug collector initialized (no rrweb, UI events only)"],"stack":null}
[2026-04-21T07:07:27.713Z] {"timestamp":1776755246204,"level":"DEBUG","args":["[vite] connected."],"stack":null}
[2026-04-21T07:07:27.713Z] {"timestamp":1776755246587,"level":"WARN","args":["Google Maps JavaScript API has been loaded directly without loading=async. This can result in suboptimal performance. For best-practice loading patterns please see https://goo.gle/js-api-loading"],"stack":null}
[2026-04-21T07:11:02.557Z] {"timestamp":1776755460865,"level":"DEBUG","args":["[Manus] Debug collector initialized (no rrweb, UI events only)"],"stack":null}
[2026-04-21T07:11:02.557Z] {"timestamp":1776755461169,"level":"DEBUG","args":["[vite] connected."],"stack":null}
[2026-04-21T07:11:02.557Z] {"timestamp":1776755461683,"level":"WARN","args":["Google Maps JavaScript API has been loaded directly without loading=async. This can result in suboptimal performance. For best-practice loading patterns please see https://goo.gle/js-api-loading"],"stack":null}
[2026-04-21T07:11:05.626Z] {"timestamp":1776755463497,"level":"DEBUG","args":["[Manus] Debug collector initialized (no rrweb, UI events only)"],"stack":null}
[2026-04-21T07:11:05.626Z] {"timestamp":1776755463751,"level":"DEBUG","args":["[vite] connected."],"stack":null}
[2026-04-21T07:11:05.626Z] {"timestamp":1776755464188,"level":"WARN","args":["Google Maps JavaScript API has been loaded directly without loading=async. This can result in suboptimal performance. For best-practice loading patterns please see https://goo.gle/js-api-loading"],"stack":null}
[2026-04-21T07:14:17.622Z] {"timestamp":1776755657668,"level":"DEBUG","args":["[vite]","hot updated: /src/pages/Home.tsx"],"stack":null}
[2026-04-21T07:14:17.622Z] {"timestamp":1776755657668,"level":"DEBUG","args":["[vite]","hot updated: /src/index.css"],"stack":null}
[2026-04-21T07:14:19.629Z] {"timestamp":1776755657958,"level":"WARN","args":["Element with name \"gmp-internal-loading-text\" already defined."],"stack":null}
[2026-04-21T07:14:19.629Z] {"timestamp":1776755657958,"level":"WARN","args":["Element with name \"gmp-internal-request-error-text\" already defined."],"stack":null}
[2026-04-21T07:14:19.629Z] {"timestamp":1776755657959,"level":"WARN","args":["Element with name \"gmp-internal-back-button\" already defined."],"stack":null}
[2026-04-21T07:14:19.629Z] {"timestamp":1776755657959,"level":"WARN","args":["Element with name \"gmp-internal-dialog\" already defined."],"stack":null}
[2026-04-21T07:14:19.629Z] {"timestamp":1776755657959,"level":"WARN","args":["Element with name \"gmp-internal-disclosure\" already defined."],"stack":null}
[2026-04-21T07:14:19.629Z] {"timestamp":1776755657959,"level":"WARN","args":["Element with name \"gmp-internal-disclosure-section\" already defined."],"stack":null}
[2026-04-21T07:14:19.629Z] {"timestamp":1776755657959,"level":"WARN","args":["Element with name \"gmp-internal-attribution\" already defined."],"stack":null}
[2026-04-21T07:14:19.629Z] {"timestamp":1776755657959,"level":"WARN","args":["Element with name \"gmp-internal-element-support-verification\" already defined."],"stack":null}
[2026-04-21T07:14:19.629Z] {"timestamp":1776755657959,"level":"ERROR","args":["You have included the Google Maps JavaScript API multiple times on this page. This may cause unexpected errors."],"stack":"Error\n    at console.<computed> [as error] (https://3000-iwi3fzzw46c2utma7n3fo-5ac9c38d.sg1.manus.computer/__manus__/debug-collector.js:391:37)\n    at Cea (https://forge.manus.ai/v1/maps/proxy/maps/api/js?key=cvZzDbPkXuMKHHX2jcgL3z&v=weekly&libraries=marker,places,geocoding,geometry:2168:273)\n    at Kea (https://forge.manus.ai/v1/maps/proxy/maps/api/js?key=cvZzDbPkXuMKHHX2jcgL3z&v=weekly&libraries=marker,places,geocoding,geometry:2161:81)\n    at google.maps.Load (https://forge.manus.ai/v1/maps/proxy/maps/api/js?key=cvZzDbPkXuMKHHX2jcgL3z&v=weekly&libraries=marker,places,geocoding,geometry:14:5)\n    at https://forge.manus.ai/v1/maps/proxy/maps/api/js?key=cvZzDbPkXuMKHHX2jcgL3z&v=weekly&libraries=marker,places,geocoding,geometry:2467:267\n    at https://forge.manus.ai/v1/maps/proxy/maps/api/js?key=cvZzDbPkXuMKHHX2jcgL3z&v=weekly&libraries=marker,places,geocoding,geometry:2467:280"}
[2026-04-21T07:14:19.629Z] {"timestamp":1776755657990,"level":"WARN","args":["Google Maps JavaScript API has been loaded directly without loading=async. This can result in suboptimal performance. For best-practice loading patterns please see https://goo.gle/js-api-loading"],"stack":null}
[2026-04-21T07:14:19.629Z] {"timestamp":1776755657991,"level":"WARN","args":["Element with name \"gmp-internal-rating\" already defined."],"stack":null}
[2026-04-21T07:14:19.629Z] {"timestamp":1776755657991,"level":"WARN","args":["Element with name \"gmp-place-all-content\" already defined."],"stack":null}
[2026-04-21T07:14:19.629Z] {"timestamp":1776755657991,"level":"WARN","args":["Element with name \"gmp-internal-link-button\" already defined."],"stack":null}
[2026-04-21T07:14:19.629Z] {"timestamp":1776755657992,"level":"WARN","args":["Element with name \"gmp-internal-menu\" already defined."],"stack":null}
[2026-04-21T07:14:19.629Z] {"timestamp":1776755657992,"level":"WARN","args":["Element with name \"gmp-internal-place-opening-hours\" already defined."],"stack":null}
[2026-04-21T07:14:19.629Z] {"timestamp":1776755657992,"level":"WARN","args":["Element with name \"gmp-internal-place-review\" already defined."],"stack":null}
[2026-04-21T07:14:19.629Z] {"timestamp":1776755657992,"level":"WARN","args":["Element with name \"gmp-internal-tabbed-layout\" already defined."],"stack":null}
[2026-04-21T07:14:19.629Z] {"timestamp":1776755657992,"level":"WARN","args":["Element with name \"gmp-internal-lightbox\" already defined."],"stack":null}
[2026-04-21T07:14:19.629Z] {"timestamp":1776755657992,"level":"WARN","args":["Element with name \"gmp-internal-collage\" already defined."],"stack":null}
[2026-04-21T07:14:19.629Z] {"timestamp":1776755657992,"level":"WARN","args":["Element with name \"gmp-internal-place-rating-summary\" already defined."],"stack":null}
[2026-04-21T07:14:19.629Z] {"timestamp":1776755657992,"level":"WARN","args":["Element with name \"gmp-place-content-config\" already defined."],"stack":null}
[2026-04-21T07:14:19.629Z] {"timestamp":1776755657992,"level":"WARN","args":["Element with name \"gmp-place-standard-content\" already defined."],"stack":null}
[2026-04-21T07:14:19.629Z] {"timestamp":1776755657992,"level":"WARN","args":["Element with name \"gmp-internal-place-basic-info\" already defined."],"stack":null}
[2026-04-21T07:14:19.629Z] {"timestamp":1776755657994,"level":"WARN","args":["Element with name \"gmp-place-details-location-request\" already defined."],"stack":null}
[2026-04-21T07:14:19.629Z] {"timestamp":1776755657994,"level":"WARN","args":["Element with name \"gmp-place-details-place-request\" already defined."],"stack":null}
[2026-04-21T07:14:19.629Z] {"timestamp":1776755657994,"level":"WARN","args":["Element with name \"gmp-internal-circular-loader\" already defined."],"stack":null}
[2026-04-21T07:14:19.629Z] {"timestamp":1776755657994,"level":"WARN","args":["Element with name \"gmp-place-details-compact\" already defined."],"stack":null}
[2026-04-21T07:14:19.629Z] {"timestamp":1776755657994,"level":"WARN","args":["Element with name \"gmp-internal-use-place-details-compact\" already defined."],"stack":null}
[2026-04-21T07:14:19.629Z] {"timestamp":1776755657994,"level":"WARN","args":["Element with name \"gmp-place-media\" already defined."],"stack":null}
[2026-04-21T07:14:19.629Z] {"timestamp":1776755657994,"level":"WARN","args":["Element with name \"gmp-place-address\" already defined."],"stack":null}
[2026-04-21T07:14:19.629Z] {"timestamp":1776755657994,"level":"WARN","args":["Element with name \"gmp-place-rating\" already defined."],"stack":null}
[2026-04-21T07:14:19.629Z] {"timestamp":1776755657994,"level":"WARN","args":["Element with name \"gmp-place-type\" already defined."],"stack":null}
[2026-04-21T07:14:19.629Z] {"timestamp":1776755657994,"level":"WARN","args":["Element with name \"gmp-place-price\" already defined."],"stack":null}
[2026-04-21T07:14:19.629Z] {"timestamp":1776755657994,"level":"WARN","args":["Element with name \"gmp-place-accessible-entrance-icon\" already defined."],"stack":null}
[2026-04-21T07:14:19.629Z] {"timestamp":1776755657994,"level":"WARN","args":["Element with name \"gmp-place-open-now-status\" already defined."],"stack":null}
[2026-04-21T07:14:19.629Z] {"timestamp":1776755657994,"level":"WARN","args":["Element with name \"gmp-place-attribution\" already defined."],"stack":null}
[2026-04-21T07:14:19.629Z] {"timestamp":1776755657994,"level":"WARN","args":["Element with name \"gmp-place-website\" already defined."],"stack":null}
[2026-04-21T07:14:19.629Z] {"timestamp":1776755657994,"level":"WARN","args":["Element with name \"gmp-place-phone-number\" already defined."],"stack":null}
[2026-04-21T07:14:19.629Z] {"timestamp":1776755657994,"level":"WARN","args":["Element with name \"gmp-place-opening-hours\" already defined."],"stack":null}
[2026-04-21T07:14:19.629Z] {"timestamp":1776755657994,"level":"WARN","args":["Element with name \"gmp-place-summary\" already defined."],"stack":null}
[2026-04-21T07:14:19.629Z] {"timestamp":1776755657994,"level":"WARN","args":["Element with name \"gmp-place-type-specific-highlights\" already defined."],"stack":null}
[2026-04-21T07:14:19.629Z] {"timestamp":1776755657994,"level":"WARN","args":["Element with name \"gmp-place-review-summary\" already defined."],"stack":null}
[2026-04-21T07:14:19.629Z] {"timestamp":1776755657994,"level":"WARN","args":["Element with name \"gmp-place-reviews\" already defined."],"stack":null}
[2026-04-21T07:14:19.629Z] {"timestamp":1776755657994,"level":"WARN","args":["Element with name \"gmp-place-plus-code\" already defined."],"stack":null}
[2026-04-21T07:14:19.629Z] {"timestamp":1776755657994,"level":"WARN","args":["Element with name \"gmp-place-feature-list\" already defined."],"stack":null}
[2026-04-21T07:14:19.629Z] {"timestamp":1776755657994,"level":"WARN","args":["Element with name \"gmp-place-details\" already defined."],"stack":null}
[2026-04-21T07:14:19.629Z] {"timestamp":1776755657995,"level":"WARN","args":["Element with name \"gmp-internal-place-carousel\" already defined."],"stack":null}
[2026-04-21T07:14:19.629Z] {"timestamp":1776755657995,"level":"WARN","args":["Element with name \"gmp-internal-place-search-list-item\" already defined."],"stack":null}
[2026-04-21T07:14:19.629Z] {"timestamp":1776755657995,"level":"WARN","args":["Element with name \"gmp-place-nearby-search-request\" already defined."],"stack":null}
[2026-04-21T07:14:19.629Z] {"timestamp":1776755657995,"level":"WARN","args":["Element with name \"gmp-place-text-search-request\" already defined."],"stack":null}
[2026-04-21T07:14:19.629Z] {"timestamp":1776755657995,"level":"WARN","args":["Element with name \"gmp-place-search\" already defined."],"stack":null}
[2026-04-21T07:14:19.629Z] {"timestamp":1776755657996,"level":"WARN","args":["Element with name \"gmp-pin\" already defined."],"stack":null}
[2026-04-21T07:14:19.629Z] {"timestamp":1776755657999,"level":"WARN","args":["Element with name \"gmp-internal-use-am\" already defined."],"stack":null}
[2026-04-21T07:14:19.629Z] {"timestamp":1776755657999,"level":"WARN","args":["Element with name \"gmp-map\" already defined."],"stack":null}
[2026-04-21T07:14:19.629Z] {"timestamp":1776755658000,"level":"WARN","args":["Element with name \"gmp-advanced-marker\" already defined."],"stack":null}
[2026-04-21T07:14:19.629Z] {"timestamp":1776755658000,"level":"WARN","args":["Element with name \"gmp-place-autocomplete\" already defined."],"stack":null}
[2026-04-21T07:14:19.629Z] {"timestamp":1776755658001,"level":"WARN","args":["Element with name \"gmp-basic-place-autocomplete\" already defined."],"stack":null}
[2026-04-21T07:14:25.625Z] {"timestamp":1776755663128,"level":"DEBUG","args":["[Manus] Debug collector initialized (no rrweb, UI events only)"],"stack":null}
[2026-04-21T07:14:25.625Z] {"timestamp":1776755663376,"level":"DEBUG","args":["[vite] connected."],"stack":null}
[2026-04-21T07:14:25.625Z] {"timestamp":1776755663930,"level":"WARN","args":["Google Maps JavaScript API has been loaded directly without loading=async. This can result in suboptimal performance. For best-practice loading patterns please see https://goo.gle/js-api-loading"],"stack":null}
[2026-04-21T07:14:56.732Z] {"timestamp":1776755694978,"level":"DEBUG","args":["[Manus] Debug collector initialized (no rrweb, UI events only)"],"stack":null}
[2026-04-21T07:14:56.732Z] {"timestamp":1776755695224,"level":"DEBUG","args":["[vite] connected."],"stack":null}
[2026-04-21T07:14:56.732Z] {"timestamp":1776755695735,"level":"WARN","args":["Google Maps JavaScript API has been loaded directly without loading=async. This can result in suboptimal performance. For best-practice loading patterns please see https://goo.gle/js-api-loading"],"stack":null}
[2026-04-21T07:15:00.619Z] {"timestamp":1776755698903,"level":"DEBUG","args":["[Manus] Debug collector initialized (no rrweb, UI events only)"],"stack":null}
[2026-04-21T07:15:00.619Z] {"timestamp":1776755699174,"level":"DEBUG","args":["[vite] connected."],"stack":null}
[2026-04-21T07:15:00.619Z] {"timestamp":1776755699676,"level":"WARN","args":["Google Maps JavaScript API has been loaded directly without loading=async. This can result in suboptimal performance. For best-practice loading patterns please see https://goo.gle/js-api-loading"],"stack":null}
[2026-04-21T07:15:16.621Z] {"timestamp":1776755715150,"level":"DEBUG","args":["[vite]","hot updated: /src/pages/ActionGuide.tsx"],"stack":null}
[2026-04-21T07:15:16.621Z] {"timestamp":1776755715150,"level":"DEBUG","args":["[vite]","hot updated: /src/index.css"],"stack":null}
[2026-04-21T07:15:19.647Z] {"timestamp":1776755717936,"level":"DEBUG","args":["[Manus] Debug collector initialized (no rrweb, UI events only)"],"stack":null}
[2026-04-21T07:15:19.647Z] {"timestamp":1776755718194,"level":"DEBUG","args":["[vite] connected."],"stack":null}
[2026-04-21T07:15:19.647Z] {"timestamp":1776755718728,"level":"WARN","args":["Google Maps JavaScript API has been loaded directly without loading=async. This can result in suboptimal performance. For best-practice loading patterns please see https://goo.gle/js-api-loading"],"stack":null}
[2026-04-21T07:15:22.626Z] {"timestamp":1776755720697,"level":"DEBUG","args":["[Manus] Debug collector initialized (no rrweb, UI events only)"],"stack":null}
[2026-04-21T07:15:22.626Z] {"timestamp":1776755720950,"level":"DEBUG","args":["[vite] connected."],"stack":null}
[2026-04-21T07:15:22.626Z] {"timestamp":1776755721476,"level":"WARN","args":["Google Maps JavaScript API has been loaded directly without loading=async. This can result in suboptimal performance. For best-practice loading patterns please see https://goo.gle/js-api-loading"],"stack":null}
[2026-04-21T07:15:39.128Z] {"timestamp":1776755738644,"level":"DEBUG","args":["[vite]","invalidate /src/contexts/I18nContext.tsx: Could not Fast Refresh (\"useI18n\" export is incompatible). Learn more at https://github.com/vitejs/vite-plugin-react/tree/main/packages/plugin-react#consistent-components-exports"],"stack":null}
[2026-04-21T07:15:39.128Z] {"timestamp":1776755738644,"level":"DEBUG","args":["[vite]","hot updated: /src/contexts/I18nContext.tsx"],"stack":null}
[2026-04-21T07:15:39.128Z] {"timestamp":1776755738644,"level":"DEBUG","args":["[vite]","hot updated: /src/pages/Settings.tsx"],"stack":null}
[2026-04-21T07:15:39.128Z] {"timestamp":1776755738644,"level":"DEBUG","args":["[vite]","hot updated: /src/pages/Onboarding.tsx"],"stack":null}
[2026-04-21T07:15:39.128Z] {"timestamp":1776755738644,"level":"DEBUG","args":["[vite]","hot updated: /src/pages/Home.tsx"],"stack":null}
[2026-04-21T07:15:39.128Z] {"timestamp":1776755738947,"level":"ERROR","args":["%o\n\n%s\n\n%s\n",{"type":"Error","message":"useI18n must be used within I18nProvider","stack":"Error: useI18n must be used within I18nProvider\n    at useI18n (https://3000-iwi3fzzw46c2utma7n3fo-5ac9c38d.sg1.manus.computer/src/contexts/I18nContext.tsx:76:11)\n    at OnboardingGuard (https://3000-iwi3fzzw46c2utma7n3fo-5ac9c38d.sg1.manus.computer/src/App.tsx?t=1776755714228:25:37)\n    at Object.react_stack_bottom_frame (https://3000-iwi3fzzw46c2utma7n3fo-5ac9c38d.sg1.manus.computer/@fs/home/ubuntu/crisispath/node_modules/.vite/deps/react-dom_client.js?v=ec4d0a3a:18509:20)\n    at renderWithHooks (https://3000-iwi3fzzw46c2utma7n3fo-5ac9c38d.sg1.manus.computer/@fs/home/ubuntu/crisispath/node_modules/.vite/deps/react-dom_client.js?v=ec4d0a3a:5654:24)\n    at updateFunctionComponent (https://3000-iwi3fzzw46c2utma7n3fo-5ac9c38d.sg1.manus.computer/@fs/home/ubuntu/crisispath/node_modules/.vite/deps/react-dom_client.js?v=ec4d0a3a:7475:21)\n    at beginWork (https://3000-iwi3fzzw46c2utma7n3fo-5ac9c38d.sg1.manus.computer/@fs/home/ubuntu/crisispath/node_modules/.vite/deps/react-dom_client.js?v=ec4d0a3a:8525:20)\n    at runWithFiberInDEV (https://3000-iwi3fzzw46c2utma7n3fo-5ac9c38d.sg1.manus.computer/@fs/home/ubuntu/crisispath/node_modules/.vite/deps/react-dom_client.js?v=ec4d0a3a:997:72)\n    at performUnitOfWork (https://3000-iwi3fzzw46c2utma7n3fo-5ac9c38d.sg1.manus.computer/@fs/home/ubuntu/crisispath/node_modules/.vite/deps/react-dom_client.js?v=ec4d0a3a:12561:98)\n    at workLoopSync (https://3000-iwi3fzzw46c2utma7n3fo-5ac9c38d.sg1.manus.computer/@fs/home/ubuntu/crisispath/node_modules/.vite/deps/react-dom_client.js?v=ec4d0a3a:12424:43)\n    at renderRootSync (https://3000-iwi3fzzw46c2utma7n3fo-5ac9c38d.sg1.manus.computer/@fs/home/ubuntu/crisispath/node_modules/.vite/deps/react-dom_client.js?v=ec4d0a3a:12408:13)"},"The above error occurred in the <OnboardingGuard> component.","React will try to recreate this component tree from scratch using the error boundary you provided, ErrorBoundary."],"stack":"Error\n    at console.<computed> [as error] (https://3000-iwi3fzzw46c2utma7n3fo-5ac9c38d.sg1.manus.computer/__manus__/debug-collector.js:391:37)\n    at defaultOnCaughtError (https://3000-iwi3fzzw46c2utma7n3fo-5ac9c38d.sg1.manus.computer/@fs/home/ubuntu/crisispath/node_modules/.vite/deps/react-dom_client.js?v=ec4d0a3a:7001:19)\n    at logCaughtError (https://3000-iwi3fzzw46c2utma7n3fo-5ac9c38d.sg1.manus.computer/@fs/home/ubuntu/crisispath/node_modules/.vite/deps/react-dom_client.js?v=ec4d0a3a:7033:11)\n    at runWithFiberInDEV (https://3000-iwi3fzzw46c2utma7n3fo-5ac9c38d.sg1.manus.computer/@fs/home/ubuntu/crisispath/node_modules/.vite/deps/react-dom_client.js?v=ec4d0a3a:997:72)\n    at update.callback (https://3000-iwi3fzzw46c2utma7n3fo-5ac9c38d.sg1.manus.computer/@fs/home/ubuntu/crisispath/node_modules/.vite/deps/react-dom_client.js?v=ec4d0a3a:7066:13)\n    at callCallback (https://3000-iwi3fzzw46c2utma7n3fo-5ac9c38d.sg1.manus.computer/@fs/home/ubuntu/crisispath/node_modules/.vite/deps/react-dom_client.js?v=ec4d0a3a:5491:18)\n    at commitCallbacks (https://3000-iwi3fzzw46c2utma7n3fo-5ac9c38d.sg1.manus.computer/@fs/home/ubuntu/crisispath/node_modules/.vite/deps/react-dom_client.js?v=ec4d0a3a:5503:13)\n    at runWithFiberInDEV (https://3000-iwi3fzzw46c2utma7n3fo-5ac9c38d.sg1.manus.computer/@fs/home/ubuntu/crisispath/node_modules/.vite/deps/react-dom_client.js?v=ec4d0a3a:997:72)\n    at commitClassCallbacks (https://3000-iwi3fzzw46c2utma7n3fo-5ac9c38d.sg1.manus.computer/@fs/home/ubuntu/crisispath/node_modules/.vite/deps/react-dom_client.js?v=ec4d0a3a:9490:13)\n    at commitLayoutEffectOnFiber (https://3000-iwi3fzzw46c2utma7n3fo-5ac9c38d.sg1.manus.computer/@fs/home/ubuntu/crisispath/node_modules/.vite/deps/react-dom_client.js?v=ec4d0a3a:9958:27)"}
[2026-04-21T07:15:40.614Z] {"timestamp":1776755739531,"level":"DEBUG","args":["[vite]","hot updated: /src/App.tsx"],"stack":null}
[2026-04-21T07:15:40.614Z] {"timestamp":1776755739532,"level":"DEBUG","args":["[vite]","hot updated: /src/pages/EmergencyContacts.tsx"],"stack":null}
[2026-04-21T07:15:40.614Z] {"timestamp":1776755739532,"level":"DEBUG","args":["[vite]","hot updated: /src/pages/Dashboard.tsx"],"stack":null}
[2026-04-21T07:15:40.614Z] {"timestamp":1776755739532,"level":"DEBUG","args":["[vite]","hot updated: /src/pages/Privacy.tsx"],"stack":null}
[2026-04-21T07:15:40.614Z] {"timestamp":1776755739533,"level":"DEBUG","args":["[vite]","hot updated: /src/pages/ActionGuide.tsx"],"stack":null}
[2026-04-21T07:15:40.614Z] {"timestamp":1776755739533,"level":"DEBUG","args":["[vite]","hot updated: /src/pages/Terms.tsx"],"stack":null}
[2026-04-21T07:15:40.614Z] {"timestamp":1776755739533,"level":"DEBUG","args":["[vite]","hot updated: /src/pages/DisasterGuide.tsx"],"stack":null}
[2026-04-21T07:15:40.614Z] {"timestamp":1776755739533,"level":"DEBUG","args":["[vite]","hot updated: /src/pages/Settings.tsx"],"stack":null}
[2026-04-21T07:15:40.614Z] {"timestamp":1776755739533,"level":"DEBUG","args":["[vite]","hot updated: /src/pages/Map.tsx"],"stack":null}
[2026-04-21T07:15:40.614Z] {"timestamp":1776755739533,"level":"DEBUG","args":["[vite]","hot updated: /src/pages/FamilyTracker.tsx"],"stack":null}
[2026-04-21T07:15:40.614Z] {"timestamp":1776755739533,"level":"DEBUG","args":["[vite]","hot updated: /src/pages/Onboarding.tsx"],"stack":null}
[2026-04-21T07:15:40.614Z] {"timestamp":1776755739533,"level":"DEBUG","args":["[vite]","hot updated: /src/pages/ShelterDetail.tsx"],"stack":null}
[2026-04-21T07:15:40.614Z] {"timestamp":1776755739534,"level":"DEBUG","args":["[vite]","hot updated: /src/pages/SafeRoute.tsx"],"stack":null}
[2026-04-21T07:15:40.614Z] {"timestamp":1776755739534,"level":"DEBUG","args":["[vite]","hot updated: /src/pages/Home.tsx"],"stack":null}
[2026-04-21T07:15:40.614Z] {"timestamp":1776755740029,"level":"WARN","args":["Element with name \"gmp-internal-loading-text\" already defined."],"stack":null}
[2026-04-21T07:15:40.614Z] {"timestamp":1776755740030,"level":"WARN","args":["Element with name \"gmp-internal-request-error-text\" already defined."],"stack":null}
[2026-04-21T07:15:40.614Z] {"timestamp":1776755740032,"level":"WARN","args":["Element with name \"gmp-internal-back-button\" already defined."],"stack":null}
[2026-04-21T07:15:40.614Z] {"timestamp":1776755740032,"level":"WARN","args":["Element with name \"gmp-internal-dialog\" already defined."],"stack":null}
[2026-04-21T07:15:40.614Z] {"timestamp":1776755740032,"level":"WARN","args":["Element with name \"gmp-internal-disclosure\" already defined."],"stack":null}
[2026-04-21T07:15:40.614Z] {"timestamp":1776755740032,"level":"WARN","args":["Element with name \"gmp-internal-disclosure-section\" already defined."],"stack":null}
[2026-04-21T07:15:40.614Z] {"timestamp":1776755740032,"level":"WARN","args":["Element with name \"gmp-internal-attribution\" already defined."],"stack":null}
[2026-04-21T07:15:40.614Z] {"timestamp":1776755740034,"level":"WARN","args":["Element with name \"gmp-internal-element-support-verification\" already defined."],"stack":null}
[2026-04-21T07:15:40.614Z] {"timestamp":1776755740034,"level":"ERROR","args":["You have included the Google Maps JavaScript API multiple times on this page. This may cause unexpected errors."],"stack":"Error\n    at console.<computed> [as error] (https://3000-iwi3fzzw46c2utma7n3fo-5ac9c38d.sg1.manus.computer/__manus__/debug-collector.js:391:37)\n    at Cea (https://forge.manus.ai/v1/maps/proxy/maps/api/js?key=cvZzDbPkXuMKHHX2jcgL3z&v=weekly&libraries=marker,places,geocoding,geometry:2168:273)\n    at Kea (https://forge.manus.ai/v1/maps/proxy/maps/api/js?key=cvZzDbPkXuMKHHX2jcgL3z&v=weekly&libraries=marker,places,geocoding,geometry:2161:81)\n    at google.maps.Load (https://forge.manus.ai/v1/maps/proxy/maps/api/js?key=cvZzDbPkXuMKHHX2jcgL3z&v=weekly&libraries=marker,places,geocoding,geometry:14:5)\n    at https://forge.manus.ai/v1/maps/proxy/maps/api/js?key=cvZzDbPkXuMKHHX2jcgL3z&v=weekly&libraries=marker,places,geocoding,geometry:2467:267\n    at https://forge.manus.ai/v1/maps/proxy/maps/api/js?key=cvZzDbPkXuMKHHX2jcgL3z&v=weekly&libraries=marker,places,geocoding,geometry:2467:280"}
[2026-04-21T07:15:40.614Z] {"timestamp":1776755740089,"level":"WARN","args":["Google Maps JavaScript API has been loaded directly without loading=async. This can result in suboptimal performance. For best-practice loading patterns please see https://goo.gle/js-api-loading"],"stack":null}
[2026-04-21T07:15:40.614Z] {"timestamp":1776755740094,"level":"WARN","args":["Element with name \"gmp-internal-rating\" already defined."],"stack":null}
[2026-04-21T07:15:40.614Z] {"timestamp":1776755740094,"level":"WARN","args":["Element with name \"gmp-place-all-content\" already defined."],"stack":null}
[2026-04-21T07:15:40.614Z] {"timestamp":1776755740094,"level":"WARN","args":["Element with name \"gmp-internal-link-button\" already defined."],"stack":null}
[2026-04-21T07:15:40.614Z] {"timestamp":1776755740095,"level":"WARN","args":["Element with name \"gmp-internal-menu\" already defined."],"stack":null}
[2026-04-21T07:15:40.614Z] {"timestamp":1776755740113,"level":"WARN","args":["Element with name \"gmp-internal-place-opening-hours\" already defined."],"stack":null}
[2026-04-21T07:15:40.614Z] {"timestamp":1776755740114,"level":"WARN","args":["Element with name \"gmp-internal-place-review\" already defined."],"stack":null}
[2026-04-21T07:15:40.614Z] {"timestamp":1776755740114,"level":"WARN","args":["Element with name \"gmp-internal-tabbed-layout\" already defined."],"stack":null}
[2026-04-21T07:15:40.614Z] {"timestamp":1776755740114,"level":"WARN","args":["Element with name \"gmp-internal-lightbox\" already defined."],"stack":null}
[2026-04-21T07:15:40.614Z] {"timestamp":1776755740114,"level":"WARN","args":["Element with name \"gmp-internal-collage\" already defined."],"stack":null}
[2026-04-21T07:15:40.614Z] {"timestamp":1776755740114,"level":"WARN","args":["Element with name \"gmp-internal-place-rating-summary\" already defined."],"stack":null}
[2026-04-21T07:15:40.614Z] {"timestamp":1776755740114,"level":"WARN","args":["Element with name \"gmp-place-content-config\" already defined."],"stack":null}
[2026-04-21T07:15:40.614Z] {"timestamp":1776755740115,"level":"WARN","args":["Element with name \"gmp-place-standard-content\" already defined."],"stack":null}
[2026-04-21T07:15:40.614Z] {"timestamp":1776755740115,"level":"WARN","args":["Element with name \"gmp-internal-place-basic-info\" already defined."],"stack":null}
[2026-04-21T07:15:40.614Z] {"timestamp":1776755740115,"level":"WARN","args":["Element with name \"gmp-place-details-location-request\" already defined."],"stack":null}
[2026-04-21T07:15:40.614Z] {"timestamp":1776755740115,"level":"WARN","args":["Element with name \"gmp-place-details-place-request\" already defined."],"stack":null}
[2026-04-21T07:15:40.614Z] {"timestamp":1776755740115,"level":"WARN","args":["Element with name \"gmp-internal-circular-loader\" already defined."],"stack":null}
[2026-04-21T07:15:40.614Z] {"timestamp":1776755740115,"level":"WARN","args":["Element with name \"gmp-place-details-compact\" already defined."],"stack":null}
[2026-04-21T07:15:40.614Z] {"timestamp":1776755740115,"level":"WARN","args":["Element with name \"gmp-internal-use-place-details-compact\" already defined."],"stack":null}
[2026-04-21T07:15:40.614Z] {"timestamp":1776755740115,"level":"WARN","args":["Element with name \"gmp-place-media\" already defined."],"stack":null}
[2026-04-21T07:15:40.614Z] {"timestamp":1776755740115,"level":"WARN","args":["Element with name \"gmp-place-address\" already defined."],"stack":null}
[2026-04-21T07:15:40.614Z] {"timestamp":1776755740115,"level":"WARN","args":["Element with name \"gmp-place-rating\" already defined."],"stack":null}
[2026-04-21T07:15:40.614Z] {"timestamp":1776755740115,"level":"WARN","args":["Element with name \"gmp-place-type\" already defined."],"stack":null}
[2026-04-21T07:15:40.614Z] {"timestamp":1776755740115,"level":"WARN","args":["Element with name \"gmp-place-price\" already defined."],"stack":null}
[2026-04-21T07:15:40.614Z] {"timestamp":1776755740115,"level":"WARN","args":["Element with name \"gmp-place-accessible-entrance-icon\" already defined."],"stack":null}
[2026-04-21T07:15:40.614Z] {"timestamp":1776755740115,"level":"WARN","args":["Element with name \"gmp-place-open-now-status\" already defined."],"stack":null}
[2026-04-21T07:15:40.614Z] {"timestamp":1776755740115,"level":"WARN","args":["Element with name \"gmp-place-attribution\" already defined."],"stack":null}
[2026-04-21T07:15:40.614Z] {"timestamp":1776755740115,"level":"WARN","args":["Element with name \"gmp-place-website\" already defined."],"stack":null}
[2026-04-21T07:15:40.614Z] {"timestamp":1776755740115,"level":"WARN","args":["Element with name \"gmp-place-phone-number\" already defined."],"stack":null}
[2026-04-21T07:15:40.614Z] {"timestamp":1776755740115,"level":"WARN","args":["Element with name \"gmp-place-opening-hours\" already defined."],"stack":null}
[2026-04-21T07:15:40.614Z] {"timestamp":1776755740115,"level":"WARN","args":["Element with name \"gmp-place-summary\" already defined."],"stack":null}
[2026-04-21T07:15:40.614Z] {"timestamp":1776755740115,"level":"WARN","args":["Element with name \"gmp-place-type-specific-highlights\" already defined."],"stack":null}
[2026-04-21T07:15:40.614Z] {"timestamp":1776755740115,"level":"WARN","args":["Element with name \"gmp-place-review-summary\" already defined."],"stack":null}
[2026-04-21T07:15:40.614Z] {"timestamp":1776755740115,"level":"WARN","args":["Element with name \"gmp-place-reviews\" already defined."],"stack":null}
[2026-04-21T07:15:40.614Z] {"timestamp":1776755740115,"level":"WARN","args":["Element with name \"gmp-place-plus-code\" already defined."],"stack":null}
[2026-04-21T07:15:40.614Z] {"timestamp":1776755740116,"level":"WARN","args":["Element with name \"gmp-place-feature-list\" already defined."],"stack":null}
[2026-04-21T07:15:40.614Z] {"timestamp":1776755740116,"level":"WARN","args":["Element with name \"gmp-place-details\" already defined."],"stack":null}
[2026-04-21T07:15:40.614Z] {"timestamp":1776755740116,"level":"WARN","args":["Element with name \"gmp-internal-place-carousel\" already defined."],"stack":null}
[2026-04-21T07:15:40.614Z] {"timestamp":1776755740116,"level":"WARN","args":["Element with name \"gmp-internal-place-search-list-item\" already defined."],"stack":null}
[2026-04-21T07:15:40.614Z] {"timestamp":1776755740116,"level":"WARN","args":["Element with name \"gmp-place-nearby-search-request\" already defined."],"stack":null}
[2026-04-21T07:15:40.614Z] {"timestamp":1776755740116,"level":"WARN","args":["Element with name \"gmp-place-text-search-request\" already defined."],"stack":null}
[2026-04-21T07:15:40.614Z] {"timestamp":1776755740116,"level":"WARN","args":["Element with name \"gmp-place-search\" already defined."],"stack":null}
[2026-04-21T07:15:40.614Z] {"timestamp":1776755740124,"level":"WARN","args":["Element with name \"gmp-pin\" already defined."],"stack":null}
[2026-04-21T07:15:40.614Z] {"timestamp":1776755740128,"level":"WARN","args":["Element with name \"gmp-internal-use-am\" already defined."],"stack":null}
[2026-04-21T07:15:40.614Z] {"timestamp":1776755740129,"level":"WARN","args":["Element with name \"gmp-map\" already defined."],"stack":null}
[2026-04-21T07:15:40.614Z] {"timestamp":1776755740130,"level":"WARN","args":["Element with name \"gmp-advanced-marker\" already defined."],"stack":null}
[2026-04-21T07:15:40.614Z] {"timestamp":1776755740130,"level":"WARN","args":["Element with name \"gmp-place-autocomplete\" already defined."],"stack":null}
[2026-04-21T07:15:40.614Z] {"timestamp":1776755740130,"level":"WARN","args":["Element with name \"gmp-basic-place-autocomplete\" already defined."],"stack":null}
[2026-04-21T07:15:45.620Z] {"timestamp":1776755743592,"level":"DEBUG","args":["[Manus] Debug collector initialized (no rrweb, UI events only)"],"stack":null}
[2026-04-21T07:15:45.620Z] {"timestamp":1776755743851,"level":"DEBUG","args":["[vite] connected."],"stack":null}
[2026-04-21T07:15:45.620Z] {"timestamp":1776755745545,"level":"WARN","args":["Google Maps JavaScript API has been loaded directly without loading=async. This can result in suboptimal performance. For best-practice loading patterns please see https://goo.gle/js-api-loading"],"stack":null}
[2026-04-21T07:15:50.616Z] {"timestamp":1776755748306,"level":"DEBUG","args":["[Manus] Debug collector initialized (no rrweb, UI events only)"],"stack":null}
[2026-04-21T07:15:50.616Z] {"timestamp":1776755748561,"level":"DEBUG","args":["[vite] connected."],"stack":null}
[2026-04-21T07:15:50.616Z] {"timestamp":1776755749961,"level":"WARN","args":["Google Maps JavaScript API has been loaded directly without loading=async. This can result in suboptimal performance. For best-practice loading patterns please see https://goo.gle/js-api-loading"],"stack":null}
[2026-04-21T07:16:00.623Z] {"timestamp":1776755759038,"level":"DEBUG","args":["[vite]","invalidate /src/contexts/I18nContext.tsx: Could not Fast Refresh (\"useI18n\" export is incompatible). Learn more at https://github.com/vitejs/vite-plugin-react/tree/main/packages/plugin-react#consistent-components-exports"],"stack":null}
[2026-04-21T07:16:00.623Z] {"timestamp":1776755759038,"level":"DEBUG","args":["[vite]","hot updated: /src/contexts/I18nContext.tsx"],"stack":null}
[2026-04-21T07:16:00.623Z] {"timestamp":1776755759038,"level":"DEBUG","args":["[vite]","hot updated: /src/pages/Settings.tsx"],"stack":null}
[2026-04-21T07:16:00.623Z] {"timestamp":1776755759038,"level":"DEBUG","args":["[vite]","hot updated: /src/pages/Onboarding.tsx"],"stack":null}
[2026-04-21T07:16:00.623Z] {"timestamp":1776755759038,"level":"DEBUG","args":["[vite]","hot updated: /src/pages/Home.tsx"],"stack":null}
[2026-04-21T07:16:00.623Z] {"timestamp":1776755759947,"level":"ERROR","args":["%o\n\n%s\n\n%s\n",{"type":"Error","message":"useI18n must be used within I18nProvider","stack":"Error: useI18n must be used within I18nProvider\n    at useI18n (https://3000-iwi3fzzw46c2utma7n3fo-5ac9c38d.sg1.manus.computer/src/contexts/I18nContext.tsx?t=1776755738027:76:11)\n    at OnboardingGuard (https://3000-iwi3fzzw46c2utma7n3fo-5ac9c38d.sg1.manus.computer/src/App.tsx?t=1776755738027:25:37)\n    at Object.react_stack_bottom_frame (https://3000-iwi3fzzw46c2utma7n3fo-5ac9c38d.sg1.manus.computer/@fs/home/ubuntu/crisispath/node_modules/.vite/deps/react-dom_client.js?v=ec4d0a3a:18509:20)\n    at renderWithHooks (https://3000-iwi3fzzw46c2utma7n3fo-5ac9c38d.sg1.manus.computer/@fs/home/ubuntu/crisispath/node_modules/.vite/deps/react-dom_client.js?v=ec4d0a3a:5654:24)\n    at updateFunctionComponent (https://3000-iwi3fzzw46c2utma7n3fo-5ac9c38d.sg1.manus.computer/@fs/home/ubuntu/crisispath/node_modules/.vite/deps/react-dom_client.js?v=ec4d0a3a:7475:21)\n    at beginWork (https://3000-iwi3fzzw46c2utma7n3fo-5ac9c38d.sg1.manus.computer/@fs/home/ubuntu/crisispath/node_modules/.vite/deps/react-dom_client.js?v=ec4d0a3a:8525:20)\n    at runWithFiberInDEV (https://3000-iwi3fzzw46c2utma7n3fo-5ac9c38d.sg1.manus.computer/@fs/home/ubuntu/crisispath/node_modules/.vite/deps/react-dom_client.js?v=ec4d0a3a:997:72)\n    at performUnitOfWork (https://3000-iwi3fzzw46c2utma7n3fo-5ac9c38d.sg1.manus.computer/@fs/home/ubuntu/crisispath/node_modules/.vite/deps/react-dom_client.js?v=ec4d0a3a:12561:98)\n    at workLoopSync (https://3000-iwi3fzzw46c2utma7n3fo-5ac9c38d.sg1.manus.computer/@fs/home/ubuntu/crisispath/node_modules/.vite/deps/react-dom_client.js?v=ec4d0a3a:12424:43)\n    at renderRootSync (https://3000-iwi3fzzw46c2utma7n3fo-5ac9c38d.sg1.manus.computer/@fs/home/ubuntu/crisispath/node_modules/.vite/deps/react-dom_client.js?v=ec4d0a3a:12408:13)"},"The above error occurred in the <OnboardingGuard> component.","React will try to recreate this component tree from scratch using the error boundary you provided, ErrorBoundary."],"stack":"Error\n    at console.<computed> [as error] (https://3000-iwi3fzzw46c2utma7n3fo-5ac9c38d.sg1.manus.computer/__manus__/debug-collector.js:391:37)\n    at defaultOnCaughtError (https://3000-iwi3fzzw46c2utma7n3fo-5ac9c38d.sg1.manus.computer/@fs/home/ubuntu/crisispath/node_modules/.vite/deps/react-dom_client.js?v=ec4d0a3a:7001:19)\n    at logCaughtError (https://3000-iwi3fzzw46c2utma7n3fo-5ac9c38d.sg1.manus.computer/@fs/home/ubuntu/crisispath/node_modules/.vite/deps/react-dom_client.js?v=ec4d0a3a:7033:11)\n    at runWithFiberInDEV (https://3000-iwi3fzzw46c2utma7n3fo-5ac9c38d.sg1.manus.computer/@fs/home/ubuntu/crisispath/node_modules/.vite/deps/react-dom_client.js?v=ec4d0a3a:997:72)\n    at update.callback (https://3000-iwi3fzzw46c2utma7n3fo-5ac9c38d.sg1.manus.computer/@fs/home/ubuntu/crisispath/node_modules/.vite/deps/react-dom_client.js?v=ec4d0a3a:7066:13)\n    at callCallback (https://3000-iwi3fzzw46c2utma7n3fo-5ac9c38d.sg1.manus.computer/@fs/home/ubuntu/crisispath/node_modules/.vite/deps/react-dom_client.js?v=ec4d0a3a:5491:18)\n    at commitCallbacks (https://3000-iwi3fzzw46c2utma7n3fo-5ac9c38d.sg1.manus.computer/@fs/home/ubuntu/crisispath/node_modules/.vite/deps/react-dom_client.js?v=ec4d0a3a:5503:13)\n    at runWithFiberInDEV (https://3000-iwi3fzzw46c2utma7n3fo-5ac9c38d.sg1.manus.computer/@fs/home/ubuntu/crisispath/node_modules/.vite/deps/react-dom_client.js?v=ec4d0a3a:997:72)\n    at commitClassCallbacks (https://3000-iwi3fzzw46c2utma7n3fo-5ac9c38d.sg1.manus.computer/@fs/home/ubuntu/crisispath/node_modules/.vite/deps/react-dom_client.js?v=ec4d0a3a:9490:13)\n    at commitLayoutEffectOnFiber (https://3000-iwi3fzzw46c2utma7n3fo-5ac9c38d.sg1.manus.computer/@fs/home/ubuntu/crisispath/node_modules/.vite/deps/react-dom_client.js?v=ec4d0a3a:9958:27)"}
[2026-04-21T07:16:00.623Z] {"timestamp":1776755759949,"level":"DEBUG","args":["[vite]","hot updated: /src/App.tsx"],"stack":null}
[2026-04-21T07:16:00.623Z] {"timestamp":1776755759949,"level":"DEBUG","args":["[vite]","hot updated: /src/pages/EmergencyContacts.tsx"],"stack":null}
[2026-04-21T07:16:00.623Z] {"timestamp":1776755759949,"level":"DEBUG","args":["[vite]","hot updated: /src/pages/Dashboard.tsx"],"stack":null}
[2026-04-21T07:16:00.623Z] {"timestamp":1776755759949,"level":"DEBUG","args":["[vite]","hot updated: /src/pages/Privacy.tsx"],"stack":null}
[2026-04-21T07:16:00.623Z] {"timestamp":1776755759949,"level":"DEBUG","args":["[vite]","hot updated: /src/pages/ActionGuide.tsx"],"stack":null}
[2026-04-21T07:16:00.623Z] {"timestamp":1776755759949,"level":"DEBUG","args":["[vite]","hot updated: /src/pages/Terms.tsx"],"stack":null}
[2026-04-21T07:16:00.623Z] {"timestamp":1776755759949,"level":"DEBUG","args":["[vite]","hot updated: /src/pages/DisasterGuide.tsx"],"stack":null}
[2026-04-21T07:16:00.623Z] {"timestamp":1776755759949,"level":"DEBUG","args":["[vite]","hot updated: /src/pages/Settings.tsx"],"stack":null}
[2026-04-21T07:16:00.623Z] {"timestamp":1776755759949,"level":"DEBUG","args":["[vite]","hot updated: /src/pages/Map.tsx"],"stack":null}
[2026-04-21T07:16:00.623Z] {"timestamp":1776755759949,"level":"DEBUG","args":["[vite]","hot updated: /src/pages/FamilyTracker.tsx"],"stack":null}
[2026-04-21T07:16:00.623Z] {"timestamp":1776755759949,"level":"DEBUG","args":["[vite]","hot updated: /src/pages/Onboarding.tsx"],"stack":null}
[2026-04-21T07:16:00.623Z] {"timestamp":1776755759949,"level":"DEBUG","args":["[vite]","hot updated: /src/pages/ShelterDetail.tsx"],"stack":null}
[2026-04-21T07:16:00.623Z] {"timestamp":1776755759949,"level":"DEBUG","args":["[vite]","hot updated: /src/pages/SafeRoute.tsx"],"stack":null}
[2026-04-21T07:16:00.623Z] {"timestamp":1776755759950,"level":"DEBUG","args":["[vite]","hot updated: /src/pages/Home.tsx"],"stack":null}
[2026-04-21T07:16:02.616Z] {"timestamp":1776755760959,"level":"WARN","args":["Element with name \"gmp-internal-loading-text\" already defined."],"stack":null}
[2026-04-21T07:16:02.616Z] {"timestamp":1776755760959,"level":"WARN","args":["Element with name \"gmp-internal-request-error-text\" already defined."],"stack":null}
[2026-04-21T07:16:02.616Z] {"timestamp":1776755760959,"level":"WARN","args":["Element with name \"gmp-internal-back-button\" already defined."],"stack":null}
[2026-04-21T07:16:02.616Z] {"timestamp":1776755760960,"level":"WARN","args":["Element with name \"gmp-internal-dialog\" already defined."],"stack":null}
[2026-04-21T07:16:02.616Z] {"timestamp":1776755760960,"level":"WARN","args":["Element with name \"gmp-internal-disclosure\" already defined."],"stack":null}
[2026-04-21T07:16:02.616Z] {"timestamp":1776755760960,"level":"WARN","args":["Element with name \"gmp-internal-disclosure-section\" already defined."],"stack":null}
[2026-04-21T07:16:02.616Z] {"timestamp":1776755760960,"level":"WARN","args":["Element with name \"gmp-internal-attribution\" already defined."],"stack":null}
[2026-04-21T07:16:02.616Z] {"timestamp":1776755760960,"level":"WARN","args":["Element with name \"gmp-internal-element-support-verification\" already defined."],"stack":null}
[2026-04-21T07:16:02.616Z] {"timestamp":1776755760960,"level":"ERROR","args":["You have included the Google Maps JavaScript API multiple times on this page. This may cause unexpected errors."],"stack":"Error\n    at console.<computed> [as error] (https://3000-iwi3fzzw46c2utma7n3fo-5ac9c38d.sg1.manus.computer/__manus__/debug-collector.js:391:37)\n    at Cea (https://forge.manus.ai/v1/maps/proxy/maps/api/js?key=cvZzDbPkXuMKHHX2jcgL3z&v=weekly&libraries=marker,places,geocoding,geometry:2168:273)\n    at Kea (https://forge.manus.ai/v1/maps/proxy/maps/api/js?key=cvZzDbPkXuMKHHX2jcgL3z&v=weekly&libraries=marker,places,geocoding,geometry:2161:81)\n    at google.maps.Load (https://forge.manus.ai/v1/maps/proxy/maps/api/js?key=cvZzDbPkXuMKHHX2jcgL3z&v=weekly&libraries=marker,places,geocoding,geometry:14:5)\n    at https://forge.manus.ai/v1/maps/proxy/maps/api/js?key=cvZzDbPkXuMKHHX2jcgL3z&v=weekly&libraries=marker,places,geocoding,geometry:2467:267\n    at https://forge.manus.ai/v1/maps/proxy/maps/api/js?key=cvZzDbPkXuMKHHX2jcgL3z&v=weekly&libraries=marker,places,geocoding,geometry:2467:280"}
[2026-04-21T07:16:02.616Z] {"timestamp":1776755760961,"level":"WARN","args":["Google Maps JavaScript API has been loaded directly without loading=async. This can result in suboptimal performance. For best-practice loading patterns please see https://goo.gle/js-api-loading"],"stack":null}
[2026-04-21T07:16:02.616Z] {"timestamp":1776755760961,"level":"WARN","args":["Element with name \"gmp-internal-rating\" already defined."],"stack":null}
[2026-04-21T07:16:02.616Z] {"timestamp":1776755760962,"level":"WARN","args":["Element with name \"gmp-place-all-content\" already defined."],"stack":null}
[2026-04-21T07:16:02.616Z] {"timestamp":1776755760962,"level":"WARN","args":["Element with name \"gmp-internal-link-button\" already defined."],"stack":null}
[2026-04-21T07:16:02.616Z] {"timestamp":1776755760962,"level":"WARN","args":["Element with name \"gmp-internal-menu\" already defined."],"stack":null}
[2026-04-21T07:16:02.616Z] {"timestamp":1776755760962,"level":"WARN","args":["Element with name \"gmp-internal-place-opening-hours\" already defined."],"stack":null}
[2026-04-21T07:16:02.616Z] {"timestamp":1776755760962,"level":"WARN","args":["Element with name \"gmp-internal-place-review\" already defined."],"stack":null}
[2026-04-21T07:16:02.616Z] {"timestamp":1776755760962,"level":"WARN","args":["Element with name \"gmp-internal-tabbed-layout\" already defined."],"stack":null}
[2026-04-21T07:16:02.616Z] {"timestamp":1776755760962,"level":"WARN","args":["Element with name \"gmp-internal-lightbox\" already defined."],"stack":null}
[2026-04-21T07:16:02.616Z] {"timestamp":1776755760962,"level":"WARN","args":["Element with name \"gmp-internal-collage\" already defined."],"stack":null}
[2026-04-21T07:16:02.616Z] {"timestamp":1776755760962,"level":"WARN","args":["Element with name \"gmp-internal-place-rating-summary\" already defined."],"stack":null}
[2026-04-21T07:16:02.616Z] {"timestamp":1776755760962,"level":"WARN","args":["Element with name \"gmp-place-content-config\" already defined."],"stack":null}
[2026-04-21T07:16:02.616Z] {"timestamp":1776755760962,"level":"WARN","args":["Element with name \"gmp-place-standard-content\" already defined."],"stack":null}
[2026-04-21T07:16:02.616Z] {"timestamp":1776755760962,"level":"WARN","args":["Element with name \"gmp-internal-place-basic-info\" already defined."],"stack":null}
[2026-04-21T07:16:02.616Z] {"timestamp":1776755760963,"level":"WARN","args":["Element with name \"gmp-place-details-location-request\" already defined."],"stack":null}
[2026-04-21T07:16:02.616Z] {"timestamp":1776755760963,"level":"WARN","args":["Element with name \"gmp-place-details-place-request\" already defined."],"stack":null}
[2026-04-21T07:16:02.616Z] {"timestamp":1776755760963,"level":"WARN","args":["Element with name \"gmp-internal-circular-loader\" already defined."],"stack":null}
[2026-04-21T07:16:02.616Z] {"timestamp":1776755760963,"level":"WARN","args":["Element with name \"gmp-place-details-compact\" already defined."],"stack":null}
[2026-04-21T07:16:02.616Z] {"timestamp":1776755760963,"level":"WARN","args":["Element with name \"gmp-internal-use-place-details-compact\" already defined."],"stack":null}
[2026-04-21T07:16:02.616Z] {"timestamp":1776755760963,"level":"WARN","args":["Element with name \"gmp-place-media\" already defined."],"stack":null}
[2026-04-21T07:16:02.616Z] {"timestamp":1776755760963,"level":"WARN","args":["Element with name \"gmp-place-address\" already defined."],"stack":null}
[2026-04-21T07:16:02.616Z] {"timestamp":1776755760963,"level":"WARN","args":["Element with name \"gmp-place-rating\" already defined."],"stack":null}
[2026-04-21T07:16:02.616Z] {"timestamp":1776755760963,"level":"WARN","args":["Element with name \"gmp-place-type\" already defined."],"stack":null}
[2026-04-21T07:16:02.616Z] {"timestamp":1776755760963,"level":"WARN","args":["Element with name \"gmp-place-price\" already defined."],"stack":null}
[2026-04-21T07:16:02.616Z] {"timestamp":1776755760963,"level":"WARN","args":["Element with name \"gmp-place-accessible-entrance-icon\" already defined."],"stack":null}
[2026-04-21T07:16:02.616Z] {"timestamp":1776755760963,"level":"WARN","args":["Element with name \"gmp-place-open-now-status\" already defined."],"stack":null}
[2026-04-21T07:16:02.616Z] {"timestamp":1776755760963,"level":"WARN","args":["Element with name \"gmp-place-attribution\" already defined."],"stack":null}
[2026-04-21T07:16:02.616Z] {"timestamp":1776755760963,"level":"WARN","args":["Element with name \"gmp-place-website\" already defined."],"stack":null}
[2026-04-21T07:16:02.616Z] {"timestamp":1776755760963,"level":"WARN","args":["Element with name \"gmp-place-phone-number\" already defined."],"stack":null}
[2026-04-21T07:16:02.616Z] {"timestamp":1776755760963,"level":"WARN","args":["Element with name \"gmp-place-opening-hours\" already defined."],"stack":null}
[2026-04-21T07:16:02.616Z] {"timestamp":1776755760963,"level":"WARN","args":["Element with name \"gmp-place-summary\" already defined."],"stack":null}
[2026-04-21T07:16:02.616Z] {"timestamp":1776755760963,"level":"WARN","args":["Element with name \"gmp-place-type-specific-highlights\" already defined."],"stack":null}
[2026-04-21T07:16:02.616Z] {"timestamp":1776755760963,"level":"WARN","args":["Element with name \"gmp-place-review-summary\" already defined."],"stack":null}
[2026-04-21T07:16:02.616Z] {"timestamp":1776755760963,"level":"WARN","args":["Element with name \"gmp-place-reviews\" already defined."],"stack":null}
[2026-04-21T07:16:02.616Z] {"timestamp":1776755760963,"level":"WARN","args":["Element with name \"gmp-place-plus-code\" already defined."],"stack":null}
[2026-04-21T07:16:02.616Z] {"timestamp":1776755760963,"level":"WARN","args":["Element with name \"gmp-place-feature-list\" already defined."],"stack":null}
[2026-04-21T07:16:02.616Z] {"timestamp":1776755760963,"level":"WARN","args":["Element with name \"gmp-place-details\" already defined."],"stack":null}
[2026-04-21T07:16:02.616Z] {"timestamp":1776755760963,"level":"WARN","args":["Element with name \"gmp-internal-place-carousel\" already defined."],"stack":null}
[2026-04-21T07:16:02.616Z] {"timestamp":1776755760963,"level":"WARN","args":["Element with name \"gmp-internal-place-search-list-item\" already defined."],"stack":null}
[2026-04-21T07:16:02.616Z] {"timestamp":1776755760963,"level":"WARN","args":["Element with name \"gmp-place-nearby-search-request\" already defined."],"stack":null}
[2026-04-21T07:16:02.616Z] {"timestamp":1776755760964,"level":"WARN","args":["Element with name \"gmp-place-text-search-request\" already defined."],"stack":null}
[2026-04-21T07:16:02.616Z] {"timestamp":1776755760964,"level":"WARN","args":["Element with name \"gmp-place-search\" already defined."],"stack":null}
[2026-04-21T07:16:02.616Z] {"timestamp":1776755760967,"level":"WARN","args":["Element with name \"gmp-pin\" already defined."],"stack":null}
[2026-04-21T07:16:02.616Z] {"timestamp":1776755760968,"level":"WARN","args":["Element with name \"gmp-internal-use-am\" already defined."],"stack":null}
[2026-04-21T07:16:02.616Z] {"timestamp":1776755760968,"level":"WARN","args":["Element with name \"gmp-map\" already defined."],"stack":null}
[2026-04-21T07:16:02.616Z] {"timestamp":1776755760969,"level":"WARN","args":["Element with name \"gmp-advanced-marker\" already defined."],"stack":null}
[2026-04-21T07:16:02.616Z] {"timestamp":1776755760969,"level":"WARN","args":["Element with name \"gmp-place-autocomplete\" already defined."],"stack":null}
[2026-04-21T07:16:02.616Z] {"timestamp":1776755760969,"level":"WARN","args":["Element with name \"gmp-basic-place-autocomplete\" already defined."],"stack":null}
[2026-04-21T07:16:05.610Z] {"timestamp":1776755763539,"level":"DEBUG","args":["[Manus] Debug collector initialized (no rrweb, UI events only)"],"stack":null}
[2026-04-21T07:16:05.610Z] {"timestamp":1776755763798,"level":"DEBUG","args":["[vite] connected."],"stack":null}
[2026-04-21T07:16:05.610Z] {"timestamp":1776755765173,"level":"WARN","args":["Google Maps JavaScript API has been loaded directly without loading=async. This can result in suboptimal performance. For best-practice loading patterns please see https://goo.gle/js-api-loading"],"stack":null}
[2026-04-21T07:16:09.622Z] {"timestamp":1776755767307,"level":"DEBUG","args":["[Manus] Debug collector initialized (no rrweb, UI events only)"],"stack":null}
[2026-04-21T07:16:09.622Z] {"timestamp":1776755767556,"level":"DEBUG","args":["[vite] connected."],"stack":null}
[2026-04-21T07:16:09.622Z] {"timestamp":1776755768953,"level":"WARN","args":["Google Maps JavaScript API has been loaded directly without loading=async. This can result in suboptimal performance. For best-practice loading patterns please see https://goo.gle/js-api-loading"],"stack":null}
[2026-04-21T07:16:13.618Z] {"timestamp":1776755772092,"level":"DEBUG","args":["[vite]","invalidate /src/contexts/I18nContext.tsx: Could not Fast Refresh (\"useI18n\" export is incompatible). Learn more at https://github.com/vitejs/vite-plugin-react/tree/main/packages/plugin-react#consistent-components-exports"],"stack":null}
[2026-04-21T07:16:13.618Z] {"timestamp":1776755772092,"level":"DEBUG","args":["[vite]","hot updated: /src/contexts/I18nContext.tsx"],"stack":null}
[2026-04-21T07:16:13.618Z] {"timestamp":1776755772092,"level":"DEBUG","args":["[vite]","hot updated: /src/pages/Settings.tsx"],"stack":null}
[2026-04-21T07:16:13.618Z] {"timestamp":1776755772092,"level":"DEBUG","args":["[vite]","hot updated: /src/pages/Onboarding.tsx"],"stack":null}
[2026-04-21T07:16:13.618Z] {"timestamp":1776755772092,"level":"DEBUG","args":["[vite]","hot updated: /src/pages/Home.tsx"],"stack":null}
[2026-04-21T07:16:13.618Z] {"timestamp":1776755772944,"level":"ERROR","args":["%o\n\n%s\n\n%s\n",{"type":"Error","message":"useI18n must be used within I18nProvider","stack":"Error: useI18n must be used within I18nProvider\n    at useI18n (https://3000-iwi3fzzw46c2utma7n3fo-5ac9c38d.sg1.manus.computer/src/contexts/I18nContext.tsx?t=1776755758332:76:11)\n    at OnboardingGuard (https://3000-iwi3fzzw46c2utma7n3fo-5ac9c38d.sg1.manus.computer/src/App.tsx?t=1776755758332:25:37)\n    at Object.react_stack_bottom_frame (https://3000-iwi3fzzw46c2utma7n3fo-5ac9c38d.sg1.manus.computer/@fs/home/ubuntu/crisispath/node_modules/.vite/deps/react-dom_client.js?v=ec4d0a3a:18509:20)\n    at renderWithHooks (https://3000-iwi3fzzw46c2utma7n3fo-5ac9c38d.sg1.manus.computer/@fs/home/ubuntu/crisispath/node_modules/.vite/deps/react-dom_client.js?v=ec4d0a3a:5654:24)\n    at updateFunctionComponent (https://3000-iwi3fzzw46c2utma7n3fo-5ac9c38d.sg1.manus.computer/@fs/home/ubuntu/crisispath/node_modules/.vite/deps/react-dom_client.js?v=ec4d0a3a:7475:21)\n    at beginWork (https://3000-iwi3fzzw46c2utma7n3fo-5ac9c38d.sg1.manus.computer/@fs/home/ubuntu/crisispath/node_modules/.vite/deps/react-dom_client.js?v=ec4d0a3a:8525:20)\n    at runWithFiberInDEV (https://3000-iwi3fzzw46c2utma7n3fo-5ac9c38d.sg1.manus.computer/@fs/home/ubuntu/crisispath/node_modules/.vite/deps/react-dom_client.js?v=ec4d0a3a:997:72)\n    at performUnitOfWork (https://3000-iwi3fzzw46c2utma7n3fo-5ac9c38d.sg1.manus.computer/@fs/home/ubuntu/crisispath/node_modules/.vite/deps/react-dom_client.js?v=ec4d0a3a:12561:98)\n    at workLoopSync (https://3000-iwi3fzzw46c2utma7n3fo-5ac9c38d.sg1.manus.computer/@fs/home/ubuntu/crisispath/node_modules/.vite/deps/react-dom_client.js?v=ec4d0a3a:12424:43)\n    at renderRootSync (https://3000-iwi3fzzw46c2utma7n3fo-5ac9c38d.sg1.manus.computer/@fs/home/ubuntu/crisispath/node_modules/.vite/deps/react-dom_client.js?v=ec4d0a3a:12408:13)"},"The above error occurred in the <OnboardingGuard> component.","React will try to recreate this component tree from scratch using the error boundary you provided, ErrorBoundary."],"stack":"Error\n    at console.<computed> [as error] (https://3000-iwi3fzzw46c2utma7n3fo-5ac9c38d.sg1.manus.computer/__manus__/debug-collector.js:391:37)\n    at defaultOnCaughtError (https://3000-iwi3fzzw46c2utma7n3fo-5ac9c38d.sg1.manus.computer/@fs/home/ubuntu/crisispath/node_modules/.vite/deps/react-dom_client.js?v=ec4d0a3a:7001:19)\n    at logCaughtError (https://3000-iwi3fzzw46c2utma7n3fo-5ac9c38d.sg1.manus.computer/@fs/home/ubuntu/crisispath/node_modules/.vite/deps/react-dom_client.js?v=ec4d0a3a:7033:11)\n    at runWithFiberInDEV (https://3000-iwi3fzzw46c2utma7n3fo-5ac9c38d.sg1.manus.computer/@fs/home/ubuntu/crisispath/node_modules/.vite/deps/react-dom_client.js?v=ec4d0a3a:997:72)\n    at update.callback (https://3000-iwi3fzzw46c2utma7n3fo-5ac9c38d.sg1.manus.computer/@fs/home/ubuntu/crisispath/node_modules/.vite/deps/react-dom_client.js?v=ec4d0a3a:7066:13)\n    at callCallback (https://3000-iwi3fzzw46c2utma7n3fo-5ac9c38d.sg1.manus.computer/@fs/home/ubuntu/crisispath/node_modules/.vite/deps/react-dom_client.js?v=ec4d0a3a:5491:18)\n    at commitCallbacks (https://3000-iwi3fzzw46c2utma7n3fo-5ac9c38d.sg1.manus.computer/@fs/home/ubuntu/crisispath/node_modules/.vite/deps/react-dom_client.js?v=ec4d0a3a:5503:13)\n    at runWithFiberInDEV (https://3000-iwi3fzzw46c2utma7n3fo-5ac9c38d.sg1.manus.computer/@fs/home/ubuntu/crisispath/node_modules/.vite/deps/react-dom_client.js?v=ec4d0a3a:997:72)\n    at commitClassCallbacks (https://3000-iwi3fzzw46c2utma7n3fo-5ac9c38d.sg1.manus.computer/@fs/home/ubuntu/crisispath/node_modules/.vite/deps/react-dom_client.js?v=ec4d0a3a:9490:13)\n    at commitLayoutEffectOnFiber (https://3000-iwi3fzzw46c2utma7n3fo-5ac9c38d.sg1.manus.computer/@fs/home/ubuntu/crisispath/node_modules/.vite/deps/react-dom_client.js?v=ec4d0a3a:9958:27)"}
[2026-04-21T07:16:13.618Z] {"timestamp":1776755773044,"level":"DEBUG","args":["[vite]","hot updated: /src/App.tsx"],"stack":null}
[2026-04-21T07:16:13.618Z] {"timestamp":1776755773045,"level":"DEBUG","args":["[vite]","hot updated: /src/pages/EmergencyContacts.tsx"],"stack":null}
[2026-04-21T07:16:13.618Z] {"timestamp":1776755773045,"level":"DEBUG","args":["[vite]","hot updated: /src/pages/Dashboard.tsx"],"stack":null}
[2026-04-21T07:16:13.618Z] {"timestamp":1776755773045,"level":"DEBUG","args":["[vite]","hot updated: /src/pages/Privacy.tsx"],"stack":null}
[2026-04-21T07:16:13.618Z] {"timestamp":1776755773045,"level":"DEBUG","args":["[vite]","hot updated: /src/pages/ActionGuide.tsx"],"stack":null}
[2026-04-21T07:16:13.618Z] {"timestamp":1776755773045,"level":"DEBUG","args":["[vite]","hot updated: /src/pages/Terms.tsx"],"stack":null}
[2026-04-21T07:16:13.618Z] {"timestamp":1776755773045,"level":"DEBUG","args":["[vite]","hot updated: /src/pages/DisasterGuide.tsx"],"stack":null}
[2026-04-21T07:16:13.618Z] {"timestamp":1776755773045,"level":"DEBUG","args":["[vite]","hot updated: /src/pages/Settings.tsx"],"stack":null}
[2026-04-21T07:16:13.618Z] {"timestamp":1776755773045,"level":"DEBUG","args":["[vite]","hot updated: /src/pages/Map.tsx"],"stack":null}
[2026-04-21T07:16:13.618Z] {"timestamp":1776755773045,"level":"DEBUG","args":["[vite]","hot updated: /src/pages/FamilyTracker.tsx"],"stack":null}
[2026-04-21T07:16:13.618Z] {"timestamp":1776755773045,"level":"DEBUG","args":["[vite]","hot updated: /src/pages/Onboarding.tsx"],"stack":null}
[2026-04-21T07:16:13.618Z] {"timestamp":1776755773045,"level":"DEBUG","args":["[vite]","hot updated: /src/pages/ShelterDetail.tsx"],"stack":null}
[2026-04-21T07:16:13.618Z] {"timestamp":1776755773045,"level":"DEBUG","args":["[vite]","hot updated: /src/pages/SafeRoute.tsx"],"stack":null}
[2026-04-21T07:16:13.618Z] {"timestamp":1776755773045,"level":"DEBUG","args":["[vite]","hot updated: /src/pages/Home.tsx"],"stack":null}
[2026-04-21T07:16:15.624Z] {"timestamp":1776755773946,"level":"WARN","args":["Element with name \"gmp-internal-loading-text\" already defined."],"stack":null}
[2026-04-21T07:16:15.624Z] {"timestamp":1776755773946,"level":"WARN","args":["Element with name \"gmp-internal-request-error-text\" already defined."],"stack":null}
[2026-04-21T07:16:15.624Z] {"timestamp":1776755773947,"level":"WARN","args":["Element with name \"gmp-internal-back-button\" already defined."],"stack":null}
[2026-04-21T07:16:15.624Z] {"timestamp":1776755773947,"level":"WARN","args":["Element with name \"gmp-internal-dialog\" already defined."],"stack":null}
[2026-04-21T07:16:15.624Z] {"timestamp":1776755773947,"level":"WARN","args":["Element with name \"gmp-internal-disclosure\" already defined."],"stack":null}
[2026-04-21T07:16:15.624Z] {"timestamp":1776755773947,"level":"WARN","args":["Element with name \"gmp-internal-disclosure-section\" already defined."],"stack":null}
[2026-04-21T07:16:15.624Z] {"timestamp":1776755773947,"level":"WARN","args":["Element with name \"gmp-internal-attribution\" already defined."],"stack":null}
[2026-04-21T07:16:15.624Z] {"timestamp":1776755773947,"level":"WARN","args":["Element with name \"gmp-internal-element-support-verification\" already defined."],"stack":null}
[2026-04-21T07:16:15.624Z] {"timestamp":1776755773947,"level":"ERROR","args":["You have included the Google Maps JavaScript API multiple times on this page. This may cause unexpected errors."],"stack":"Error\n    at console.<computed> [as error] (https://3000-iwi3fzzw46c2utma7n3fo-5ac9c38d.sg1.manus.computer/__manus__/debug-collector.js:391:37)\n    at Cea (https://forge.manus.ai/v1/maps/proxy/maps/api/js?key=cvZzDbPkXuMKHHX2jcgL3z&v=weekly&libraries=marker,places,geocoding,geometry:2168:273)\n    at Kea (https://forge.manus.ai/v1/maps/proxy/maps/api/js?key=cvZzDbPkXuMKHHX2jcgL3z&v=weekly&libraries=marker,places,geocoding,geometry:2161:81)\n    at google.maps.Load (https://forge.manus.ai/v1/maps/proxy/maps/api/js?key=cvZzDbPkXuMKHHX2jcgL3z&v=weekly&libraries=marker,places,geocoding,geometry:14:5)\n    at https://forge.manus.ai/v1/maps/proxy/maps/api/js?key=cvZzDbPkXuMKHHX2jcgL3z&v=weekly&libraries=marker,places,geocoding,geometry:2467:267\n    at https://forge.manus.ai/v1/maps/proxy/maps/api/js?key=cvZzDbPkXuMKHHX2jcgL3z&v=weekly&libraries=marker,places,geocoding,geometry:2467:280"}
[2026-04-21T07:16:15.624Z] {"timestamp":1776755773947,"level":"WARN","args":["Google Maps JavaScript API has been loaded directly without loading=async. This can result in suboptimal performance. For best-practice loading patterns please see https://goo.gle/js-api-loading"],"stack":null}
[2026-04-21T07:16:15.624Z] {"timestamp":1776755773948,"level":"WARN","args":["Element with name \"gmp-internal-rating\" already defined."],"stack":null}
[2026-04-21T07:16:15.624Z] {"timestamp":1776755773948,"level":"WARN","args":["Element with name \"gmp-place-all-content\" already defined."],"stack":null}
[2026-04-21T07:16:15.624Z] {"timestamp":1776755773948,"level":"WARN","args":["Element with name \"gmp-internal-link-button\" already defined."],"stack":null}
[2026-04-21T07:16:15.624Z] {"timestamp":1776755773948,"level":"WARN","args":["Element with name \"gmp-internal-menu\" already defined."],"stack":null}
[2026-04-21T07:16:15.624Z] {"timestamp":1776755773948,"level":"WARN","args":["Element with name \"gmp-internal-place-opening-hours\" already defined."],"stack":null}
[2026-04-21T07:16:15.624Z] {"timestamp":1776755773948,"level":"WARN","args":["Element with name \"gmp-internal-place-review\" already defined."],"stack":null}
[2026-04-21T07:16:15.624Z] {"timestamp":1776755773948,"level":"WARN","args":["Element with name \"gmp-internal-tabbed-layout\" already defined."],"stack":null}
[2026-04-21T07:16:15.624Z] {"timestamp":1776755773948,"level":"WARN","args":["Element with name \"gmp-internal-lightbox\" already defined."],"stack":null}
[2026-04-21T07:16:15.624Z] {"timestamp":1776755773948,"level":"WARN","args":["Element with name \"gmp-internal-collage\" already defined."],"stack":null}
[2026-04-21T07:16:15.624Z] {"timestamp":1776755773949,"level":"WARN","args":["Element with name \"gmp-internal-place-rating-summary\" already defined."],"stack":null}
[2026-04-21T07:16:15.624Z] {"timestamp":1776755773949,"level":"WARN","args":["Element with name \"gmp-place-content-config\" already defined."],"stack":null}
[2026-04-21T07:16:15.624Z] {"timestamp":1776755773949,"level":"WARN","args":["Element with name \"gmp-place-standard-content\" already defined."],"stack":null}
[2026-04-21T07:16:15.624Z] {"timestamp":1776755773949,"level":"WARN","args":["Element with name \"gmp-internal-place-basic-info\" already defined."],"stack":null}
[2026-04-21T07:16:15.624Z] {"timestamp":1776755773949,"level":"WARN","args":["Element with name \"gmp-place-details-location-request\" already defined."],"stack":null}
[2026-04-21T07:16:15.624Z] {"timestamp":1776755773949,"level":"WARN","args":["Element with name \"gmp-place-details-place-request\" already defined."],"stack":null}
[2026-04-21T07:16:15.624Z] {"timestamp":1776755773949,"level":"WARN","args":["Element with name \"gmp-internal-circular-loader\" already defined."],"stack":null}
[2026-04-21T07:16:15.624Z] {"timestamp":1776755773949,"level":"WARN","args":["Element with name \"gmp-place-details-compact\" already defined."],"stack":null}
[2026-04-21T07:16:15.624Z] {"timestamp":1776755773949,"level":"WARN","args":["Element with name \"gmp-internal-use-place-details-compact\" already defined."],"stack":null}
[2026-04-21T07:16:15.624Z] {"timestamp":1776755773949,"level":"WARN","args":["Element with name \"gmp-place-media\" already defined."],"stack":null}
[2026-04-21T07:16:15.624Z] {"timestamp":1776755773949,"level":"WARN","args":["Element with name \"gmp-place-address\" already defined."],"stack":null}
[2026-04-21T07:16:15.624Z] {"timestamp":1776755773949,"level":"WARN","args":["Element with name \"gmp-place-rating\" already defined."],"stack":null}
[2026-04-21T07:16:15.624Z] {"timestamp":1776755773949,"level":"WARN","args":["Element with name \"gmp-place-type\" already defined."],"stack":null}
[2026-04-21T07:16:15.624Z] {"timestamp":1776755773949,"level":"WARN","args":["Element with name \"gmp-place-price\" already defined."],"stack":null}
[2026-04-21T07:16:15.624Z] {"timestamp":1776755773949,"level":"WARN","args":["Element with name \"gmp-place-accessible-entrance-icon\" already defined."],"stack":null}
[2026-04-21T07:16:15.624Z] {"timestamp":1776755773949,"level":"WARN","args":["Element with name \"gmp-place-open-now-status\" already defined."],"stack":null}
[2026-04-21T07:16:15.624Z] {"timestamp":1776755773949,"level":"WARN","args":["Element with name \"gmp-place-attribution\" already defined."],"stack":null}
[2026-04-21T07:16:15.624Z] {"timestamp":1776755773949,"level":"WARN","args":["Element with name \"gmp-place-website\" already defined."],"stack":null}
[2026-04-21T07:16:15.624Z] {"timestamp":1776755773949,"level":"WARN","args":["Element with name \"gmp-place-phone-number\" already defined."],"stack":null}
[2026-04-21T07:16:15.624Z] {"timestamp":1776755773949,"level":"WARN","args":["Element with name \"gmp-place-opening-hours\" already defined."],"stack":null}
[2026-04-21T07:16:15.624Z] {"timestamp":1776755773949,"level":"WARN","args":["Element with name \"gmp-place-summary\" already defined."],"stack":null}
[2026-04-21T07:16:15.624Z] {"timestamp":1776755773949,"level":"WARN","args":["Element with name \"gmp-place-type-specific-highlights\" already defined."],"stack":null}
[2026-04-21T07:16:15.624Z] {"timestamp":1776755773949,"level":"WARN","args":["Element with name \"gmp-place-review-summary\" already defined."],"stack":null}
[2026-04-21T07:16:15.624Z] {"timestamp":1776755773949,"level":"WARN","args":["Element with name \"gmp-place-reviews\" already defined."],"stack":null}
[2026-04-21T07:16:15.624Z] {"timestamp":1776755773949,"level":"WARN","args":["Element with name \"gmp-place-plus-code\" already defined."],"stack":null}
[2026-04-21T07:16:15.624Z] {"timestamp":1776755773949,"level":"WARN","args":["Element with name \"gmp-place-feature-list\" already defined."],"stack":null}
[2026-04-21T07:16:15.624Z] {"timestamp":1776755773950,"level":"WARN","args":["Element with name \"gmp-place-details\" already defined."],"stack":null}
[2026-04-21T07:16:15.624Z] {"timestamp":1776755773950,"level":"WARN","args":["Element with name \"gmp-internal-place-carousel\" already defined."],"stack":null}
[2026-04-21T07:16:15.624Z] {"timestamp":1776755773950,"level":"WARN","args":["Element with name \"gmp-internal-place-search-list-item\" already defined."],"stack":null}
[2026-04-21T07:16:15.624Z] {"timestamp":1776755773950,"level":"WARN","args":["Element with name \"gmp-place-nearby-search-request\" already defined."],"stack":null}
[2026-04-21T07:16:15.624Z] {"timestamp":1776755773950,"level":"WARN","args":["Element with name \"gmp-place-text-search-request\" already defined."],"stack":null}
[2026-04-21T07:16:15.624Z] {"timestamp":1776755773950,"level":"WARN","args":["Element with name \"gmp-place-search\" already defined."],"stack":null}
[2026-04-21T07:16:15.624Z] {"timestamp":1776755773951,"level":"WARN","args":["Element with name \"gmp-pin\" already defined."],"stack":null}
[2026-04-21T07:16:15.624Z] {"timestamp":1776755773952,"level":"WARN","args":["Element with name \"gmp-internal-use-am\" already defined."],"stack":null}
[2026-04-21T07:16:15.624Z] {"timestamp":1776755773952,"level":"WARN","args":["Element with name \"gmp-map\" already defined."],"stack":null}
[2026-04-21T07:16:15.624Z] {"timestamp":1776755773952,"level":"WARN","args":["Element with name \"gmp-advanced-marker\" already defined."],"stack":null}
[2026-04-21T07:16:15.624Z] {"timestamp":1776755773952,"level":"WARN","args":["Element with name \"gmp-place-autocomplete\" already defined."],"stack":null}
[2026-04-21T07:16:15.624Z] {"timestamp":1776755773952,"level":"WARN","args":["Element with name \"gmp-basic-place-autocomplete\" already defined."],"stack":null}
[2026-04-21T07:16:18.616Z] {"timestamp":1776755776613,"level":"DEBUG","args":["[Manus] Debug collector initialized (no rrweb, UI events only)"],"stack":null}
[2026-04-21T07:16:18.616Z] {"timestamp":1776755776867,"level":"DEBUG","args":["[vite] connected."],"stack":null}
[2026-04-21T07:16:18.617Z] {"timestamp":1776755778334,"level":"WARN","args":["Google Maps JavaScript API has been loaded directly without loading=async. This can result in suboptimal performance. For best-practice loading patterns please see https://goo.gle/js-api-loading"],"stack":null}
[2026-04-21T07:16:22.622Z] {"timestamp":1776755780305,"level":"DEBUG","args":["[Manus] Debug collector initialized (no rrweb, UI events only)"],"stack":null}
[2026-04-21T07:16:22.622Z] {"timestamp":1776755780561,"level":"DEBUG","args":["[vite] connected."],"stack":null}
[2026-04-21T07:16:22.622Z] {"timestamp":1776755781936,"level":"WARN","args":["Google Maps JavaScript API has been loaded directly without loading=async. This can result in suboptimal performance. For best-practice loading patterns please see https://goo.gle/js-api-loading"],"stack":null}
[2026-04-21T07:16:34.620Z] {"timestamp":1776755793759,"level":"DEBUG","args":["[vite]","invalidate /src/contexts/I18nContext.tsx: Could not Fast Refresh (\"useI18n\" export is incompatible). Learn more at https://github.com/vitejs/vite-plugin-react/tree/main/packages/plugin-react#consistent-components-exports"],"stack":null}
[2026-04-21T07:16:34.620Z] {"timestamp":1776755793759,"level":"DEBUG","args":["[vite]","hot updated: /src/contexts/I18nContext.tsx"],"stack":null}
[2026-04-21T07:16:34.620Z] {"timestamp":1776755793759,"level":"DEBUG","args":["[vite]","hot updated: /src/pages/Settings.tsx"],"stack":null}
[2026-04-21T07:16:34.620Z] {"timestamp":1776755793759,"level":"DEBUG","args":["[vite]","hot updated: /src/pages/Onboarding.tsx"],"stack":null}
[2026-04-21T07:16:34.620Z] {"timestamp":1776755793759,"level":"DEBUG","args":["[vite]","hot updated: /src/pages/Home.tsx"],"stack":null}
[2026-04-21T07:16:34.620Z] {"timestamp":1776755793944,"level":"ERROR","args":["%o\n\n%s\n\n%s\n",{"type":"Error","message":"useI18n must be used within I18nProvider","stack":"Error: useI18n must be used within I18nProvider\n    at useI18n (https://3000-iwi3fzzw46c2utma7n3fo-5ac9c38d.sg1.manus.computer/src/contexts/I18nContext.tsx?t=1776755771380:76:11)\n    at OnboardingGuard (https://3000-iwi3fzzw46c2utma7n3fo-5ac9c38d.sg1.manus.computer/src/App.tsx?t=1776755771380:25:37)\n    at Object.react_stack_bottom_frame (https://3000-iwi3fzzw46c2utma7n3fo-5ac9c38d.sg1.manus.computer/@fs/home/ubuntu/crisispath/node_modules/.vite/deps/react-dom_client.js?v=ec4d0a3a:18509:20)\n    at renderWithHooks (https://3000-iwi3fzzw46c2utma7n3fo-5ac9c38d.sg1.manus.computer/@fs/home/ubuntu/crisispath/node_modules/.vite/deps/react-dom_client.js?v=ec4d0a3a:5654:24)\n    at updateFunctionComponent (https://3000-iwi3fzzw46c2utma7n3fo-5ac9c38d.sg1.manus.computer/@fs/home/ubuntu/crisispath/node_modules/.vite/deps/react-dom_client.js?v=ec4d0a3a:7475:21)\n    at beginWork (https://3000-iwi3fzzw46c2utma7n3fo-5ac9c38d.sg1.manus.computer/@fs/home/ubuntu/crisispath/node_modules/.vite/deps/react-dom_client.js?v=ec4d0a3a:8525:20)\n    at runWithFiberInDEV (https://3000-iwi3fzzw46c2utma7n3fo-5ac9c38d.sg1.manus.computer/@fs/home/ubuntu/crisispath/node_modules/.vite/deps/react-dom_client.js?v=ec4d0a3a:997:72)\n    at performUnitOfWork (https://3000-iwi3fzzw46c2utma7n3fo-5ac9c38d.sg1.manus.computer/@fs/home/ubuntu/crisispath/node_modules/.vite/deps/react-dom_client.js?v=ec4d0a3a:12561:98)\n    at workLoopSync (https://3000-iwi3fzzw46c2utma7n3fo-5ac9c38d.sg1.manus.computer/@fs/home/ubuntu/crisispath/node_modules/.vite/deps/react-dom_client.js?v=ec4d0a3a:12424:43)\n    at renderRootSync (https://3000-iwi3fzzw46c2utma7n3fo-5ac9c38d.sg1.manus.computer/@fs/home/ubuntu/crisispath/node_modules/.vite/deps/react-dom_client.js?v=ec4d0a3a:12408:13)"},"The above error occurred in the <OnboardingGuard> component.","React will try to recreate this component tree from scratch using the error boundary you provided, ErrorBoundary."],"stack":"Error\n    at console.<computed> [as error] (https://3000-iwi3fzzw46c2utma7n3fo-5ac9c38d.sg1.manus.computer/__manus__/debug-collector.js:391:37)\n    at defaultOnCaughtError (https://3000-iwi3fzzw46c2utma7n3fo-5ac9c38d.sg1.manus.computer/@fs/home/ubuntu/crisispath/node_modules/.vite/deps/react-dom_client.js?v=ec4d0a3a:7001:19)\n    at logCaughtError (https://3000-iwi3fzzw46c2utma7n3fo-5ac9c38d.sg1.manus.computer/@fs/home/ubuntu/crisispath/node_modules/.vite/deps/react-dom_client.js?v=ec4d0a3a:7033:11)\n    at runWithFiberInDEV (https://3000-iwi3fzzw46c2utma7n3fo-5ac9c38d.sg1.manus.computer/@fs/home/ubuntu/crisispath/node_modules/.vite/deps/react-dom_client.js?v=ec4d0a3a:997:72)\n    at update.callback (https://3000-iwi3fzzw46c2utma7n3fo-5ac9c38d.sg1.manus.computer/@fs/home/ubuntu/crisispath/node_modules/.vite/deps/react-dom_client.js?v=ec4d0a3a:7066:13)\n    at callCallback (https://3000-iwi3fzzw46c2utma7n3fo-5ac9c38d.sg1.manus.computer/@fs/home/ubuntu/crisispath/node_modules/.vite/deps/react-dom_client.js?v=ec4d0a3a:5491:18)\n    at commitCallbacks (https://3000-iwi3fzzw46c2utma7n3fo-5ac9c38d.sg1.manus.computer/@fs/home/ubuntu/crisispath/node_modules/.vite/deps/react-dom_client.js?v=ec4d0a3a:5503:13)\n    at runWithFiberInDEV (https://3000-iwi3fzzw46c2utma7n3fo-5ac9c38d.sg1.manus.computer/@fs/home/ubuntu/crisispath/node_modules/.vite/deps/react-dom_client.js?v=ec4d0a3a:997:72)\n    at commitClassCallbacks (https://3000-iwi3fzzw46c2utma7n3fo-5ac9c38d.sg1.manus.computer/@fs/home/ubuntu/crisispath/node_modules/.vite/deps/react-dom_client.js?v=ec4d0a3a:9490:13)\n    at commitLayoutEffectOnFiber (https://3000-iwi3fzzw46c2utma7n3fo-5ac9c38d.sg1.manus.computer/@fs/home/ubuntu/crisispath/node_modules/.vite/deps/react-dom_client.js?v=ec4d0a3a:9958:27)"}
[2026-04-21T07:16:36.616Z] {"timestamp":1776755794947,"level":"DEBUG","args":["[vite]","hot updated: /src/App.tsx"],"stack":null}
[2026-04-21T07:16:36.616Z] {"timestamp":1776755794947,"level":"DEBUG","args":["[vite]","hot updated: /src/pages/EmergencyContacts.tsx"],"stack":null}
[2026-04-21T07:16:36.616Z] {"timestamp":1776755794947,"level":"DEBUG","args":["[vite]","hot updated: /src/pages/Dashboard.tsx"],"stack":null}
[2026-04-21T07:16:36.616Z] {"timestamp":1776755794947,"level":"DEBUG","args":["[vite]","hot updated: /src/pages/Privacy.tsx"],"stack":null}
[2026-04-21T07:16:36.616Z] {"timestamp":1776755794947,"level":"DEBUG","args":["[vite]","hot updated: /src/pages/ActionGuide.tsx"],"stack":null}
[2026-04-21T07:16:36.616Z] {"timestamp":1776755794947,"level":"DEBUG","args":["[vite]","hot updated: /src/pages/Terms.tsx"],"stack":null}
[2026-04-21T07:16:36.616Z] {"timestamp":1776755794947,"level":"DEBUG","args":["[vite]","hot updated: /src/pages/DisasterGuide.tsx"],"stack":null}
[2026-04-21T07:16:36.616Z] {"timestamp":1776755794947,"level":"DEBUG","args":["[vite]","hot updated: /src/pages/Settings.tsx"],"stack":null}
[2026-04-21T07:16:36.616Z] {"timestamp":1776755794947,"level":"DEBUG","args":["[vite]","hot updated: /src/pages/Map.tsx"],"stack":null}
[2026-04-21T07:16:36.616Z] {"timestamp":1776755794947,"level":"DEBUG","args":["[vite]","hot updated: /src/pages/FamilyTracker.tsx"],"stack":null}
[2026-04-21T07:16:36.616Z] {"timestamp":1776755794947,"level":"DEBUG","args":["[vite]","hot updated: /src/pages/Onboarding.tsx"],"stack":null}
[2026-04-21T07:16:36.616Z] {"timestamp":1776755794947,"level":"DEBUG","args":["[vite]","hot updated: /src/pages/ShelterDetail.tsx"],"stack":null}
[2026-04-21T07:16:36.616Z] {"timestamp":1776755794947,"level":"DEBUG","args":["[vite]","hot updated: /src/pages/SafeRoute.tsx"],"stack":null}
[2026-04-21T07:16:36.616Z] {"timestamp":1776755794947,"level":"DEBUG","args":["[vite]","hot updated: /src/pages/Home.tsx"],"stack":null}
[2026-04-21T07:16:36.616Z] {"timestamp":1776755795946,"level":"WARN","args":["Element with name \"gmp-internal-loading-text\" already defined."],"stack":null}
[2026-04-21T07:16:36.616Z] {"timestamp":1776755795947,"level":"WARN","args":["Element with name \"gmp-internal-request-error-text\" already defined."],"stack":null}
[2026-04-21T07:16:36.616Z] {"timestamp":1776755795948,"level":"WARN","args":["Element with name \"gmp-internal-back-button\" already defined."],"stack":null}
[2026-04-21T07:16:36.616Z] {"timestamp":1776755795948,"level":"WARN","args":["Element with name \"gmp-internal-dialog\" already defined."],"stack":null}
[2026-04-21T07:16:36.616Z] {"timestamp":1776755795948,"level":"WARN","args":["Element with name \"gmp-internal-disclosure\" already defined."],"stack":null}
[2026-04-21T07:16:36.616Z] {"timestamp":1776755795948,"level":"WARN","args":["Element with name \"gmp-internal-disclosure-section\" already defined."],"stack":null}
[2026-04-21T07:16:36.616Z] {"timestamp":1776755795948,"level":"WARN","args":["Element with name \"gmp-internal-attribution\" already defined."],"stack":null}
[2026-04-21T07:16:36.616Z] {"timestamp":1776755795948,"level":"WARN","args":["Element with name \"gmp-internal-element-support-verification\" already defined."],"stack":null}
[2026-04-21T07:16:36.616Z] {"timestamp":1776755795948,"level":"ERROR","args":["You have included the Google Maps JavaScript API multiple times on this page. This may cause unexpected errors."],"stack":"Error\n    at console.<computed> [as error] (https://3000-iwi3fzzw46c2utma7n3fo-5ac9c38d.sg1.manus.computer/__manus__/debug-collector.js:391:37)\n    at Cea (https://forge.manus.ai/v1/maps/proxy/maps/api/js?key=cvZzDbPkXuMKHHX2jcgL3z&v=weekly&libraries=marker,places,geocoding,geometry:2168:273)\n    at Kea (https://forge.manus.ai/v1/maps/proxy/maps/api/js?key=cvZzDbPkXuMKHHX2jcgL3z&v=weekly&libraries=marker,places,geocoding,geometry:2161:81)\n    at google.maps.Load (https://forge.manus.ai/v1/maps/proxy/maps/api/js?key=cvZzDbPkXuMKHHX2jcgL3z&v=weekly&libraries=marker,places,geocoding,geometry:14:5)\n    at https://forge.manus.ai/v1/maps/proxy/maps/api/js?key=cvZzDbPkXuMKHHX2jcgL3z&v=weekly&libraries=marker,places,geocoding,geometry:2467:267\n    at https://forge.manus.ai/v1/maps/proxy/maps/api/js?key=cvZzDbPkXuMKHHX2jcgL3z&v=weekly&libraries=marker,places,geocoding,geometry:2467:280"}
[2026-04-21T07:16:36.616Z] {"timestamp":1776755795949,"level":"WARN","args":["Google Maps JavaScript API has been loaded directly without loading=async. This can result in suboptimal performance. For best-practice loading patterns please see https://goo.gle/js-api-loading"],"stack":null}
[2026-04-21T07:16:36.616Z] {"timestamp":1776755795949,"level":"WARN","args":["Element with name \"gmp-internal-rating\" already defined."],"stack":null}
[2026-04-21T07:16:36.616Z] {"timestamp":1776755795949,"level":"WARN","args":["Element with name \"gmp-place-all-content\" already defined."],"stack":null}
[2026-04-21T07:16:36.616Z] {"timestamp":1776755795949,"level":"WARN","args":["Element with name \"gmp-internal-link-button\" already defined."],"stack":null}
[2026-04-21T07:16:36.616Z] {"timestamp":1776755795950,"level":"WARN","args":["Element with name \"gmp-internal-menu\" already defined."],"stack":null}
[2026-04-21T07:16:36.616Z] {"timestamp":1776755795950,"level":"WARN","args":["Element with name \"gmp-internal-place-opening-hours\" already defined."],"stack":null}
[2026-04-21T07:16:36.616Z] {"timestamp":1776755795950,"level":"WARN","args":["Element with name \"gmp-internal-place-review\" already defined."],"stack":null}
[2026-04-21T07:16:36.616Z] {"timestamp":1776755795950,"level":"WARN","args":["Element with name \"gmp-internal-tabbed-layout\" already defined."],"stack":null}
[2026-04-21T07:16:36.616Z] {"timestamp":1776755795950,"level":"WARN","args":["Element with name \"gmp-internal-lightbox\" already defined."],"stack":null}
[2026-04-21T07:16:36.616Z] {"timestamp":1776755795950,"level":"WARN","args":["Element with name \"gmp-internal-collage\" already defined."],"stack":null}
[2026-04-21T07:16:36.616Z] {"timestamp":1776755795950,"level":"WARN","args":["Element with name \"gmp-internal-place-rating-summary\" already defined."],"stack":null}
[2026-04-21T07:16:36.616Z] {"timestamp":1776755795951,"level":"WARN","args":["Element with name \"gmp-place-content-config\" already defined."],"stack":null}
[2026-04-21T07:16:36.616Z] {"timestamp":1776755795951,"level":"WARN","args":["Element with name \"gmp-place-standard-content\" already defined."],"stack":null}
[2026-04-21T07:16:36.616Z] {"timestamp":1776755795951,"level":"WARN","args":["Element with name \"gmp-internal-place-basic-info\" already defined."],"stack":null}
[2026-04-21T07:16:36.616Z] {"timestamp":1776755795951,"level":"WARN","args":["Element with name \"gmp-place-details-location-request\" already defined."],"stack":null}
[2026-04-21T07:16:36.616Z] {"timestamp":1776755795951,"level":"WARN","args":["Element with name \"gmp-place-details-place-request\" already defined."],"stack":null}
[2026-04-21T07:16:36.616Z] {"timestamp":1776755795951,"level":"WARN","args":["Element with name \"gmp-internal-circular-loader\" already defined."],"stack":null}
[2026-04-21T07:16:36.616Z] {"timestamp":1776755795951,"level":"WARN","args":["Element with name \"gmp-place-details-compact\" already defined."],"stack":null}
[2026-04-21T07:16:36.616Z] {"timestamp":1776755795952,"level":"WARN","args":["Element with name \"gmp-internal-use-place-details-compact\" already defined."],"stack":null}
[2026-04-21T07:16:36.616Z] {"timestamp":1776755795952,"level":"WARN","args":["Element with name \"gmp-place-media\" already defined."],"stack":null}
[2026-04-21T07:16:36.616Z] {"timestamp":1776755795952,"level":"WARN","args":["Element with name \"gmp-place-address\" already defined."],"stack":null}
[2026-04-21T07:16:36.616Z] {"timestamp":1776755795952,"level":"WARN","args":["Element with name \"gmp-place-rating\" already defined."],"stack":null}
[2026-04-21T07:16:36.616Z] {"timestamp":1776755795952,"level":"WARN","args":["Element with name \"gmp-place-type\" already defined."],"stack":null}
[2026-04-21T07:16:36.616Z] {"timestamp":1776755795952,"level":"WARN","args":["Element with name \"gmp-place-price\" already defined."],"stack":null}
[2026-04-21T07:16:36.616Z] {"timestamp":1776755795952,"level":"WARN","args":["Element with name \"gmp-place-accessible-entrance-icon\" already defined."],"stack":null}
[2026-04-21T07:16:36.616Z] {"timestamp":1776755795952,"level":"WARN","args":["Element with name \"gmp-place-open-now-status\" already defined."],"stack":null}
[2026-04-21T07:16:36.616Z] {"timestamp":1776755795952,"level":"WARN","args":["Element with name \"gmp-place-attribution\" already defined."],"stack":null}
[2026-04-21T07:16:36.616Z] {"timestamp":1776755795952,"level":"WARN","args":["Element with name \"gmp-place-website\" already defined."],"stack":null}
[2026-04-21T07:16:36.616Z] {"timestamp":1776755795952,"level":"WARN","args":["Element with name \"gmp-place-phone-number\" already defined."],"stack":null}
[2026-04-21T07:16:36.616Z] {"timestamp":1776755795952,"level":"WARN","args":["Element with name \"gmp-place-opening-hours\" already defined."],"stack":null}
[2026-04-21T07:16:36.616Z] {"timestamp":1776755795952,"level":"WARN","args":["Element with name \"gmp-place-summary\" already defined."],"stack":null}
[2026-04-21T07:16:36.616Z] {"timestamp":1776755795952,"level":"WARN","args":["Element with name \"gmp-place-type-specific-highlights\" already defined."],"stack":null}
[2026-04-21T07:16:36.616Z] {"timestamp":1776755795952,"level":"WARN","args":["Element with name \"gmp-place-review-summary\" already defined."],"stack":null}
[2026-04-21T07:16:36.616Z] {"timestamp":1776755795952,"level":"WARN","args":["Element with name \"gmp-place-reviews\" already defined."],"stack":null}
[2026-04-21T07:16:36.616Z] {"timestamp":1776755795952,"level":"WARN","args":["Element with name \"gmp-place-plus-code\" already defined."],"stack":null}
[2026-04-21T07:16:36.616Z] {"timestamp":1776755795952,"level":"WARN","args":["Element with name \"gmp-place-feature-list\" already defined."],"stack":null}
[2026-04-21T07:16:36.616Z] {"timestamp":1776755795952,"level":"WARN","args":["Element with name \"gmp-place-details\" already defined."],"stack":null}
[2026-04-21T07:16:36.616Z] {"timestamp":1776755795952,"level":"WARN","args":["Element with name \"gmp-internal-place-carousel\" already defined."],"stack":null}
[2026-04-21T07:16:36.616Z] {"timestamp":1776755795953,"level":"WARN","args":["Element with name \"gmp-internal-place-search-list-item\" already defined."],"stack":null}
[2026-04-21T07:16:36.616Z] {"timestamp":1776755795953,"level":"WARN","args":["Element with name \"gmp-place-nearby-search-request\" already defined."],"stack":null}
[2026-04-21T07:16:36.616Z] {"timestamp":1776755795953,"level":"WARN","args":["Element with name \"gmp-place-text-search-request\" already defined."],"stack":null}
[2026-04-21T07:16:36.616Z] {"timestamp":1776755795953,"level":"WARN","args":["Element with name \"gmp-place-search\" already defined."],"stack":null}
[2026-04-21T07:16:36.616Z] {"timestamp":1776755795957,"level":"WARN","args":["Element with name \"gmp-pin\" already defined."],"stack":null}
[2026-04-21T07:16:36.616Z] {"timestamp":1776755795959,"level":"WARN","args":["Element with name \"gmp-internal-use-am\" already defined."],"stack":null}
[2026-04-21T07:16:36.616Z] {"timestamp":1776755795959,"level":"WARN","args":["Element with name \"gmp-map\" already defined."],"stack":null}
[2026-04-21T07:16:36.616Z] {"timestamp":1776755795960,"level":"WARN","args":["Element with name \"gmp-advanced-marker\" already defined."],"stack":null}
[2026-04-21T07:16:36.616Z] {"timestamp":1776755795960,"level":"WARN","args":["Element with name \"gmp-place-autocomplete\" already defined."],"stack":null}
[2026-04-21T07:16:36.616Z] {"timestamp":1776755795960,"level":"WARN","args":["Element with name \"gmp-basic-place-autocomplete\" already defined."],"stack":null}
[2026-04-21T07:16:40.619Z] {"timestamp":1776755798563,"level":"DEBUG","args":["[Manus] Debug collector initialized (no rrweb, UI events only)"],"stack":null}
[2026-04-21T07:16:40.619Z] {"timestamp":1776755798819,"level":"DEBUG","args":["[vite] connected."],"stack":null}
[2026-04-21T07:16:40.619Z] {"timestamp":1776755800235,"level":"WARN","args":["Google Maps JavaScript API has been loaded directly without loading=async. This can result in suboptimal performance. For best-practice loading patterns please see https://goo.gle/js-api-loading"],"stack":null}
[2026-04-21T07:16:46.616Z] {"timestamp":1776755804307,"level":"DEBUG","args":["[Manus] Debug collector initialized (no rrweb, UI events only)"],"stack":null}
[2026-04-21T07:16:46.616Z] {"timestamp":1776755804559,"level":"DEBUG","args":["[vite] connected."],"stack":null}
[2026-04-21T07:16:46.616Z] {"timestamp":1776755805704,"level":"WARN","args":["Google Maps JavaScript API has been loaded directly without loading=async. This can result in suboptimal performance. For best-practice loading patterns please see https://goo.gle/js-api-loading"],"stack":null}
[2026-04-21T07:16:48.632Z] {"timestamp":1776755807359,"level":"DEBUG","args":["[vite]","invalidate /src/contexts/I18nContext.tsx: Could not Fast Refresh (\"useI18n\" export is incompatible). Learn more at https://github.com/vitejs/vite-plugin-react/tree/main/packages/plugin-react#consistent-components-exports"],"stack":null}
[2026-04-21T07:16:48.632Z] {"timestamp":1776755807360,"level":"DEBUG","args":["[vite]","hot updated: /src/contexts/I18nContext.tsx"],"stack":null}
[2026-04-21T07:16:48.632Z] {"timestamp":1776755807360,"level":"DEBUG","args":["[vite]","hot updated: /src/pages/Settings.tsx"],"stack":null}
[2026-04-21T07:16:48.632Z] {"timestamp":1776755807360,"level":"DEBUG","args":["[vite]","hot updated: /src/pages/Onboarding.tsx"],"stack":null}
[2026-04-21T07:16:48.632Z] {"timestamp":1776755807360,"level":"DEBUG","args":["[vite]","hot updated: /src/pages/Home.tsx"],"stack":null}
[2026-04-21T07:16:48.632Z] {"timestamp":1776755807944,"level":"ERROR","args":["%o\n\n%s\n\n%s\n",{"type":"Error","message":"useI18n must be used within I18nProvider","stack":"Error: useI18n must be used within I18nProvider\n    at useI18n (https://3000-iwi3fzzw46c2utma7n3fo-5ac9c38d.sg1.manus.computer/src/contexts/I18nContext.tsx?t=1776755792967:76:11)\n    at OnboardingGuard (https://3000-iwi3fzzw46c2utma7n3fo-5ac9c38d.sg1.manus.computer/src/App.tsx?t=1776755792967:25:37)\n    at Object.react_stack_bottom_frame (https://3000-iwi3fzzw46c2utma7n3fo-5ac9c38d.sg1.manus.computer/@fs/home/ubuntu/crisispath/node_modules/.vite/deps/react-dom_client.js?v=ec4d0a3a:18509:20)\n    at renderWithHooks (https://3000-iwi3fzzw46c2utma7n3fo-5ac9c38d.sg1.manus.computer/@fs/home/ubuntu/crisispath/node_modules/.vite/deps/react-dom_client.js?v=ec4d0a3a:5654:24)\n    at updateFunctionComponent (https://3000-iwi3fzzw46c2utma7n3fo-5ac9c38d.sg1.manus.computer/@fs/home/ubuntu/crisispath/node_modules/.vite/deps/react-dom_client.js?v=ec4d0a3a:7475:21)\n    at beginWork (https://3000-iwi3fzzw46c2utma7n3fo-5ac9c38d.sg1.manus.computer/@fs/home/ubuntu/crisispath/node_modules/.vite/deps/react-dom_client.js?v=ec4d0a3a:8525:20)\n    at runWithFiberInDEV (https://3000-iwi3fzzw46c2utma7n3fo-5ac9c38d.sg1.manus.computer/@fs/home/ubuntu/crisispath/node_modules/.vite/deps/react-dom_client.js?v=ec4d0a3a:997:72)\n    at performUnitOfWork (https://3000-iwi3fzzw46c2utma7n3fo-5ac9c38d.sg1.manus.computer/@fs/home/ubuntu/crisispath/node_modules/.vite/deps/react-dom_client.js?v=ec4d0a3a:12561:98)\n    at workLoopSync (https://3000-iwi3fzzw46c2utma7n3fo-5ac9c38d.sg1.manus.computer/@fs/home/ubuntu/crisispath/node_modules/.vite/deps/react-dom_client.js?v=ec4d0a3a:12424:43)\n    at renderRootSync (https://3000-iwi3fzzw46c2utma7n3fo-5ac9c38d.sg1.manus.computer/@fs/home/ubuntu/crisispath/node_modules/.vite/deps/react-dom_client.js?v=ec4d0a3a:12408:13)"},"The above error occurred in the <OnboardingGuard> component.","React will try to recreate this component tree from scratch using the error boundary you provided, ErrorBoundary."],"stack":"Error\n    at console.<computed> [as error] (https://3000-iwi3fzzw46c2utma7n3fo-5ac9c38d.sg1.manus.computer/__manus__/debug-collector.js:391:37)\n    at defaultOnCaughtError (https://3000-iwi3fzzw46c2utma7n3fo-5ac9c38d.sg1.manus.computer/@fs/home/ubuntu/crisispath/node_modules/.vite/deps/react-dom_client.js?v=ec4d0a3a:7001:19)\n    at logCaughtError (https://3000-iwi3fzzw46c2utma7n3fo-5ac9c38d.sg1.manus.computer/@fs/home/ubuntu/crisispath/node_modules/.vite/deps/react-dom_client.js?v=ec4d0a3a:7033:11)\n    at runWithFiberInDEV (https://3000-iwi3fzzw46c2utma7n3fo-5ac9c38d.sg1.manus.computer/@fs/home/ubuntu/crisispath/node_modules/.vite/deps/react-dom_client.js?v=ec4d0a3a:997:72)\n    at update.callback (https://3000-iwi3fzzw46c2utma7n3fo-5ac9c38d.sg1.manus.computer/@fs/home/ubuntu/crisispath/node_modules/.vite/deps/react-dom_client.js?v=ec4d0a3a:7066:13)\n    at callCallback (https://3000-iwi3fzzw46c2utma7n3fo-5ac9c38d.sg1.manus.computer/@fs/home/ubuntu/crisispath/node_modules/.vite/deps/react-dom_client.js?v=ec4d0a3a:5491:18)\n    at commitCallbacks (https://3000-iwi3fzzw46c2utma7n3fo-5ac9c38d.sg1.manus.computer/@fs/home/ubuntu/crisispath/node_modules/.vite/deps/react-dom_client.js?v=ec4d0a3a:5503:13)\n    at runWithFiberInDEV (https://3000-iwi3fzzw46c2utma7n3fo-5ac9c38d.sg1.manus.computer/@fs/home/ubuntu/crisispath/node_modules/.vite/deps/react-dom_client.js?v=ec4d0a3a:997:72)\n    at commitClassCallbacks (https://3000-iwi3fzzw46c2utma7n3fo-5ac9c38d.sg1.manus.computer/@fs/home/ubuntu/crisispath/node_modules/.vite/deps/react-dom_client.js?v=ec4d0a3a:9490:13)\n    at commitLayoutEffectOnFiber (https://3000-iwi3fzzw46c2utma7n3fo-5ac9c38d.sg1.manus.computer/@fs/home/ubuntu/crisispath/node_modules/.vite/deps/react-dom_client.js?v=ec4d0a3a:9958:27)"}
[2026-04-21T07:16:48.632Z] {"timestamp":1776755808171,"level":"DEBUG","args":["[vite]","hot updated: /src/App.tsx"],"stack":null}
[2026-04-21T07:16:48.632Z] {"timestamp":1776755808171,"level":"DEBUG","args":["[vite]","hot updated: /src/pages/EmergencyContacts.tsx"],"stack":null}
[2026-04-21T07:16:48.632Z] {"timestamp":1776755808171,"level":"DEBUG","args":["[vite]","hot updated: /src/pages/Dashboard.tsx"],"stack":null}
[2026-04-21T07:16:48.632Z] {"timestamp":1776755808171,"level":"DEBUG","args":["[vite]","hot updated: /src/pages/Privacy.tsx"],"stack":null}
[2026-04-21T07:16:48.632Z] {"timestamp":1776755808171,"level":"DEBUG","args":["[vite]","hot updated: /src/pages/ActionGuide.tsx"],"stack":null}
[2026-04-21T07:16:48.632Z] {"timestamp":1776755808171,"level":"DEBUG","args":["[vite]","hot updated: /src/pages/Terms.tsx"],"stack":null}
[2026-04-21T07:16:48.632Z] {"timestamp":1776755808171,"level":"DEBUG","args":["[vite]","hot updated: /src/pages/DisasterGuide.tsx"],"stack":null}
[2026-04-21T07:16:48.632Z] {"timestamp":1776755808171,"level":"DEBUG","args":["[vite]","hot updated: /src/pages/Settings.tsx"],"stack":null}
[2026-04-21T07:16:48.632Z] {"timestamp":1776755808171,"level":"DEBUG","args":["[vite]","hot updated: /src/pages/Map.tsx"],"stack":null}
[2026-04-21T07:16:48.632Z] {"timestamp":1776755808171,"level":"DEBUG","args":["[vite]","hot updated: /src/pages/FamilyTracker.tsx"],"stack":null}
[2026-04-21T07:16:48.632Z] {"timestamp":1776755808171,"level":"DEBUG","args":["[vite]","hot updated: /src/pages/Onboarding.tsx"],"stack":null}
[2026-04-21T07:16:48.632Z] {"timestamp":1776755808171,"level":"DEBUG","args":["[vite]","hot updated: /src/pages/ShelterDetail.tsx"],"stack":null}
[2026-04-21T07:16:48.632Z] {"timestamp":1776755808171,"level":"DEBUG","args":["[vite]","hot updated: /src/pages/SafeRoute.tsx"],"stack":null}
[2026-04-21T07:16:48.632Z] {"timestamp":1776755808171,"level":"DEBUG","args":["[vite]","hot updated: /src/pages/Home.tsx"],"stack":null}
[2026-04-21T07:16:50.616Z] {"timestamp":1776755808957,"level":"WARN","args":["Element with name \"gmp-internal-loading-text\" already defined."],"stack":null}
[2026-04-21T07:16:50.616Z] {"timestamp":1776755808958,"level":"WARN","args":["Element with name \"gmp-internal-request-error-text\" already defined."],"stack":null}
[2026-04-21T07:16:50.616Z] {"timestamp":1776755808958,"level":"WARN","args":["Element with name \"gmp-internal-back-button\" already defined."],"stack":null}
[2026-04-21T07:16:50.616Z] {"timestamp":1776755808958,"level":"WARN","args":["Element with name \"gmp-internal-dialog\" already defined."],"stack":null}
[2026-04-21T07:16:50.616Z] {"timestamp":1776755808958,"level":"WARN","args":["Element with name \"gmp-internal-disclosure\" already defined."],"stack":null}
[2026-04-21T07:16:50.616Z] {"timestamp":1776755808958,"level":"WARN","args":["Element with name \"gmp-internal-disclosure-section\" already defined."],"stack":null}
[2026-04-21T07:16:50.616Z] {"timestamp":1776755808958,"level":"WARN","args":["Element with name \"gmp-internal-attribution\" already defined."],"stack":null}
[2026-04-21T07:16:50.616Z] {"timestamp":1776755808958,"level":"WARN","args":["Element with name \"gmp-internal-element-support-verification\" already defined."],"stack":null}
[2026-04-21T07:16:50.616Z] {"timestamp":1776755808958,"level":"ERROR","args":["You have included the Google Maps JavaScript API multiple times on this page. This may cause unexpected errors."],"stack":"Error\n    at console.<computed> [as error] (https://3000-iwi3fzzw46c2utma7n3fo-5ac9c38d.sg1.manus.computer/__manus__/debug-collector.js:391:37)\n    at Cea (https://forge.manus.ai/v1/maps/proxy/maps/api/js?key=cvZzDbPkXuMKHHX2jcgL3z&v=weekly&libraries=marker,places,geocoding,geometry:2168:273)\n    at Kea (https://forge.manus.ai/v1/maps/proxy/maps/api/js?key=cvZzDbPkXuMKHHX2jcgL3z&v=weekly&libraries=marker,places,geocoding,geometry:2161:81)\n    at google.maps.Load (https://forge.manus.ai/v1/maps/proxy/maps/api/js?key=cvZzDbPkXuMKHHX2jcgL3z&v=weekly&libraries=marker,places,geocoding,geometry:14:5)\n    at https://forge.manus.ai/v1/maps/proxy/maps/api/js?key=cvZzDbPkXuMKHHX2jcgL3z&v=weekly&libraries=marker,places,geocoding,geometry:2467:267\n    at https://forge.manus.ai/v1/maps/proxy/maps/api/js?key=cvZzDbPkXuMKHHX2jcgL3z&v=weekly&libraries=marker,places,geocoding,geometry:2467:280"}
[2026-04-21T07:16:50.616Z] {"timestamp":1776755808959,"level":"WARN","args":["Google Maps JavaScript API has been loaded directly without loading=async. This can result in suboptimal performance. For best-practice loading patterns please see https://goo.gle/js-api-loading"],"stack":null}
[2026-04-21T07:16:50.616Z] {"timestamp":1776755808959,"level":"WARN","args":["Element with name \"gmp-internal-rating\" already defined."],"stack":null}
[2026-04-21T07:16:50.616Z] {"timestamp":1776755808959,"level":"WARN","args":["Element with name \"gmp-place-all-content\" already defined."],"stack":null}
[2026-04-21T07:16:50.616Z] {"timestamp":1776755808959,"level":"WARN","args":["Element with name \"gmp-internal-link-button\" already defined."],"stack":null}
[2026-04-21T07:16:50.616Z] {"timestamp":1776755808959,"level":"WARN","args":["Element with name \"gmp-internal-menu\" already defined."],"stack":null}
[2026-04-21T07:16:50.616Z] {"timestamp":1776755808960,"level":"WARN","args":["Element with name \"gmp-internal-place-opening-hours\" already defined."],"stack":null}
[2026-04-21T07:16:50.616Z] {"timestamp":1776755808960,"level":"WARN","args":["Element with name \"gmp-internal-place-review\" already defined."],"stack":null}
[2026-04-21T07:16:50.616Z] {"timestamp":1776755808960,"level":"WARN","args":["Element with name \"gmp-internal-tabbed-layout\" already defined."],"stack":null}
[2026-04-21T07:16:50.616Z] {"timestamp":1776755808960,"level":"WARN","args":["Element with name \"gmp-internal-lightbox\" already defined."],"stack":null}
[2026-04-21T07:16:50.616Z] {"timestamp":1776755808960,"level":"WARN","args":["Element with name \"gmp-internal-collage\" already defined."],"stack":null}
[2026-04-21T07:16:50.616Z] {"timestamp":1776755808960,"level":"WARN","args":["Element with name \"gmp-internal-place-rating-summary\" already defined."],"stack":null}
[2026-04-21T07:16:50.616Z] {"timestamp":1776755808960,"level":"WARN","args":["Element with name \"gmp-place-content-config\" already defined."],"stack":null}
[2026-04-21T07:16:50.616Z] {"timestamp":1776755808960,"level":"WARN","args":["Element with name \"gmp-place-standard-content\" already defined."],"stack":null}
[2026-04-21T07:16:50.616Z] {"timestamp":1776755808960,"level":"WARN","args":["Element with name \"gmp-internal-place-basic-info\" already defined."],"stack":null}
[2026-04-21T07:16:50.617Z] {"timestamp":1776755808960,"level":"WARN","args":["Element with name \"gmp-place-details-location-request\" already defined."],"stack":null}
[2026-04-21T07:16:50.617Z] {"timestamp":1776755808960,"level":"WARN","args":["Element with name \"gmp-place-details-place-request\" already defined."],"stack":null}
[2026-04-21T07:16:50.617Z] {"timestamp":1776755808960,"level":"WARN","args":["Element with name \"gmp-internal-circular-loader\" already defined."],"stack":null}
[2026-04-21T07:16:50.617Z] {"timestamp":1776755808960,"level":"WARN","args":["Element with name \"gmp-place-details-compact\" already defined."],"stack":null}
[2026-04-21T07:16:50.617Z] {"timestamp":1776755808960,"level":"WARN","args":["Element with name \"gmp-internal-use-place-details-compact\" already defined."],"stack":null}
[2026-04-21T07:16:50.617Z] {"timestamp":1776755808960,"level":"WARN","args":["Element with name \"gmp-place-media\" already defined."],"stack":null}
[2026-04-21T07:16:50.617Z] {"timestamp":1776755808960,"level":"WARN","args":["Element with name \"gmp-place-address\" already defined."],"stack":null}
[2026-04-21T07:16:50.617Z] {"timestamp":1776755808960,"level":"WARN","args":["Element with name \"gmp-place-rating\" already defined."],"stack":null}
[2026-04-21T07:16:50.617Z] {"timestamp":1776755808960,"level":"WARN","args":["Element with name \"gmp-place-type\" already defined."],"stack":null}
[2026-04-21T07:16:50.617Z] {"timestamp":1776755808960,"level":"WARN","args":["Element with name \"gmp-place-price\" already defined."],"stack":null}
[2026-04-21T07:16:50.617Z] {"timestamp":1776755808960,"level":"WARN","args":["Element with name \"gmp-place-accessible-entrance-icon\" already defined."],"stack":null}
[2026-04-21T07:16:50.617Z] {"timestamp":1776755808960,"level":"WARN","args":["Element with name \"gmp-place-open-now-status\" already defined."],"stack":null}
[2026-04-21T07:16:50.617Z] {"timestamp":1776755808960,"level":"WARN","args":["Element with name \"gmp-place-attribution\" already defined."],"stack":null}
[2026-04-21T07:16:50.617Z] {"timestamp":1776755808961,"level":"WARN","args":["Element with name \"gmp-place-website\" already defined."],"stack":null}
[2026-04-21T07:16:50.617Z] {"timestamp":1776755808961,"level":"WARN","args":["Element with name \"gmp-place-phone-number\" already defined."],"stack":null}
[2026-04-21T07:16:50.617Z] {"timestamp":1776755808961,"level":"WARN","args":["Element with name \"gmp-place-opening-hours\" already defined."],"stack":null}
[2026-04-21T07:16:50.617Z] {"timestamp":1776755808961,"level":"WARN","args":["Element with name \"gmp-place-summary\" already defined."],"stack":null}
[2026-04-21T07:16:50.617Z] {"timestamp":1776755808961,"level":"WARN","args":["Element with name \"gmp-place-type-specific-highlights\" already defined."],"stack":null}
[2026-04-21T07:16:50.617Z] {"timestamp":1776755808961,"level":"WARN","args":["Element with name \"gmp-place-review-summary\" already defined."],"stack":null}
[2026-04-21T07:16:50.617Z] {"timestamp":1776755808961,"level":"WARN","args":["Element with name \"gmp-place-reviews\" already defined."],"stack":null}
[2026-04-21T07:16:50.617Z] {"timestamp":1776755808961,"level":"WARN","args":["Element with name \"gmp-place-plus-code\" already defined."],"stack":null}
[2026-04-21T07:16:50.617Z] {"timestamp":1776755808961,"level":"WARN","args":["Element with name \"gmp-place-feature-list\" already defined."],"stack":null}
[2026-04-21T07:16:50.617Z] {"timestamp":1776755808961,"level":"WARN","args":["Element with name \"gmp-place-details\" already defined."],"stack":null}
[2026-04-21T07:16:50.617Z] {"timestamp":1776755808961,"level":"WARN","args":["Element with name \"gmp-internal-place-carousel\" already defined."],"stack":null}
[2026-04-21T07:16:50.617Z] {"timestamp":1776755808961,"level":"WARN","args":["Element with name \"gmp-internal-place-search-list-item\" already defined."],"stack":null}
[2026-04-21T07:16:50.617Z] {"timestamp":1776755808961,"level":"WARN","args":["Element with name \"gmp-place-nearby-search-request\" already defined."],"stack":null}
[2026-04-21T07:16:50.617Z] {"timestamp":1776755808961,"level":"WARN","args":["Element with name \"gmp-place-text-search-request\" already defined."],"stack":null}
[2026-04-21T07:16:50.617Z] {"timestamp":1776755808961,"level":"WARN","args":["Element with name \"gmp-place-search\" already defined."],"stack":null}
[2026-04-21T07:16:50.617Z] {"timestamp":1776755808962,"level":"WARN","args":["Element with name \"gmp-pin\" already defined."],"stack":null}
[2026-04-21T07:16:50.617Z] {"timestamp":1776755808963,"level":"WARN","args":["Element with name \"gmp-internal-use-am\" already defined."],"stack":null}
[2026-04-21T07:16:50.617Z] {"timestamp":1776755808963,"level":"WARN","args":["Element with name \"gmp-map\" already defined."],"stack":null}
[2026-04-21T07:16:50.617Z] {"timestamp":1776755808964,"level":"WARN","args":["Element with name \"gmp-advanced-marker\" already defined."],"stack":null}
[2026-04-21T07:16:50.617Z] {"timestamp":1776755808964,"level":"WARN","args":["Element with name \"gmp-place-autocomplete\" already defined."],"stack":null}
[2026-04-21T07:16:50.617Z] {"timestamp":1776755808964,"level":"WARN","args":["Element with name \"gmp-basic-place-autocomplete\" already defined."],"stack":null}
[2026-04-21T07:16:54.618Z] {"timestamp":1776755811936,"level":"DEBUG","args":["[Manus] Debug collector initialized (no rrweb, UI events only)"],"stack":null}
[2026-04-21T07:16:54.618Z] {"timestamp":1776755812189,"level":"DEBUG","args":["[vite] connected."],"stack":null}
[2026-04-21T07:16:54.618Z] {"timestamp":1776755813590,"level":"WARN","args":["Google Maps JavaScript API has been loaded directly without loading=async. This can result in suboptimal performance. For best-practice loading patterns please see https://goo.gle/js-api-loading"],"stack":null}
[2026-04-21T07:16:58.611Z] {"timestamp":1776755816495,"level":"DEBUG","args":["[Manus] Debug collector initialized (no rrweb, UI events only)"],"stack":null}
[2026-04-21T07:16:58.611Z] {"timestamp":1776755816763,"level":"DEBUG","args":["[vite] connected."],"stack":null}
[2026-04-21T07:16:58.611Z] {"timestamp":1776755818132,"level":"WARN","args":["Google Maps JavaScript API has been loaded directly without loading=async. This can result in suboptimal performance. For best-practice loading patterns please see https://goo.gle/js-api-loading"],"stack":null}
[2026-04-21T07:17:00.617Z] {"timestamp":1776755819347,"level":"DEBUG","args":["[vite]","invalidate /src/contexts/I18nContext.tsx: Could not Fast Refresh (\"useI18n\" export is incompatible). Learn more at https://github.com/vitejs/vite-plugin-react/tree/main/packages/plugin-react#consistent-components-exports"],"stack":null}
[2026-04-21T07:17:00.617Z] {"timestamp":1776755819347,"level":"DEBUG","args":["[vite]","hot updated: /src/contexts/I18nContext.tsx"],"stack":null}
[2026-04-21T07:17:00.617Z] {"timestamp":1776755819347,"level":"DEBUG","args":["[vite]","hot updated: /src/pages/Settings.tsx"],"stack":null}
[2026-04-21T07:17:00.617Z] {"timestamp":1776755819347,"level":"DEBUG","args":["[vite]","hot updated: /src/pages/Onboarding.tsx"],"stack":null}
[2026-04-21T07:17:00.617Z] {"timestamp":1776755819347,"level":"DEBUG","args":["[vite]","hot updated: /src/pages/Home.tsx"],"stack":null}
[2026-04-21T07:17:00.617Z] {"timestamp":1776755819483,"level":"ERROR","args":["%o\n\n%s\n\n%s\n",{"type":"Error","message":"useI18n must be used within I18nProvider","stack":"Error: useI18n must be used within I18nProvider\n    at useI18n (https://3000-iwi3fzzw46c2utma7n3fo-5ac9c38d.sg1.manus.computer/src/contexts/I18nContext.tsx?t=1776755806703:76:11)\n    at OnboardingGuard (https://3000-iwi3fzzw46c2utma7n3fo-5ac9c38d.sg1.manus.computer/src/App.tsx?t=1776755806703:25:37)\n    at Object.react_stack_bottom_frame (https://3000-iwi3fzzw46c2utma7n3fo-5ac9c38d.sg1.manus.computer/@fs/home/ubuntu/crisispath/node_modules/.vite/deps/react-dom_client.js?v=ec4d0a3a:18509:20)\n    at renderWithHooks (https://3000-iwi3fzzw46c2utma7n3fo-5ac9c38d.sg1.manus.computer/@fs/home/ubuntu/crisispath/node_modules/.vite/deps/react-dom_client.js?v=ec4d0a3a:5654:24)\n    at updateFunctionComponent (https://3000-iwi3fzzw46c2utma7n3fo-5ac9c38d.sg1.manus.computer/@fs/home/ubuntu/crisispath/node_modules/.vite/deps/react-dom_client.js?v=ec4d0a3a:7475:21)\n    at beginWork (https://3000-iwi3fzzw46c2utma7n3fo-5ac9c38d.sg1.manus.computer/@fs/home/ubuntu/crisispath/node_modules/.vite/deps/react-dom_client.js?v=ec4d0a3a:8525:20)\n    at runWithFiberInDEV (https://3000-iwi3fzzw46c2utma7n3fo-5ac9c38d.sg1.manus.computer/@fs/home/ubuntu/crisispath/node_modules/.vite/deps/react-dom_client.js?v=ec4d0a3a:997:72)\n    at performUnitOfWork (https://3000-iwi3fzzw46c2utma7n3fo-5ac9c38d.sg1.manus.computer/@fs/home/ubuntu/crisispath/node_modules/.vite/deps/react-dom_client.js?v=ec4d0a3a:12561:98)\n    at workLoopSync (https://3000-iwi3fzzw46c2utma7n3fo-5ac9c38d.sg1.manus.computer/@fs/home/ubuntu/crisispath/node_modules/.vite/deps/react-dom_client.js?v=ec4d0a3a:12424:43)\n    at renderRootSync (https://3000-iwi3fzzw46c2utma7n3fo-5ac9c38d.sg1.manus.computer/@fs/home/ubuntu/crisispath/node_modules/.vite/deps/react-dom_client.js?v=ec4d0a3a:12408:13)"},"The above error occurred in the <OnboardingGuard> component.","React will try to recreate this component tree from scratch using the error boundary you provided, ErrorBoundary."],"stack":"Error\n    at console.<computed> [as error] (https://3000-iwi3fzzw46c2utma7n3fo-5ac9c38d.sg1.manus.computer/__manus__/debug-collector.js:391:37)\n    at defaultOnCaughtError (https://3000-iwi3fzzw46c2utma7n3fo-5ac9c38d.sg1.manus.computer/@fs/home/ubuntu/crisispath/node_modules/.vite/deps/react-dom_client.js?v=ec4d0a3a:7001:19)\n    at logCaughtError (https://3000-iwi3fzzw46c2utma7n3fo-5ac9c38d.sg1.manus.computer/@fs/home/ubuntu/crisispath/node_modules/.vite/deps/react-dom_client.js?v=ec4d0a3a:7033:11)\n    at runWithFiberInDEV (https://3000-iwi3fzzw46c2utma7n3fo-5ac9c38d.sg1.manus.computer/@fs/home/ubuntu/crisispath/node_modules/.vite/deps/react-dom_client.js?v=ec4d0a3a:997:72)\n    at update.callback (https://3000-iwi3fzzw46c2utma7n3fo-5ac9c38d.sg1.manus.computer/@fs/home/ubuntu/crisispath/node_modules/.vite/deps/react-dom_client.js?v=ec4d0a3a:7066:13)\n    at callCallback (https://3000-iwi3fzzw46c2utma7n3fo-5ac9c38d.sg1.manus.computer/@fs/home/ubuntu/crisispath/node_modules/.vite/deps/react-dom_client.js?v=ec4d0a3a:5491:18)\n    at commitCallbacks (https://3000-iwi3fzzw46c2utma7n3fo-5ac9c38d.sg1.manus.computer/@fs/home/ubuntu/crisispath/node_modules/.vite/deps/react-dom_client.js?v=ec4d0a3a:5503:13)\n    at runWithFiberInDEV (https://3000-iwi3fzzw46c2utma7n3fo-5ac9c38d.sg1.manus.computer/@fs/home/ubuntu/crisispath/node_modules/.vite/deps/react-dom_client.js?v=ec4d0a3a:997:72)\n    at commitClassCallbacks (https://3000-iwi3fzzw46c2utma7n3fo-5ac9c38d.sg1.manus.computer/@fs/home/ubuntu/crisispath/node_modules/.vite/deps/react-dom_client.js?v=ec4d0a3a:9490:13)\n    at commitLayoutEffectOnFiber (https://3000-iwi3fzzw46c2utma7n3fo-5ac9c38d.sg1.manus.computer/@fs/home/ubuntu/crisispath/node_modules/.vite/deps/react-dom_client.js?v=ec4d0a3a:9958:27)"}
[2026-04-21T07:17:00.617Z] {"timestamp":1776755820151,"level":"DEBUG","args":["[vite]","hot updated: /src/App.tsx"],"stack":null}
[2026-04-21T07:17:00.617Z] {"timestamp":1776755820151,"level":"DEBUG","args":["[vite]","hot updated: /src/pages/EmergencyContacts.tsx"],"stack":null}
[2026-04-21T07:17:00.617Z] {"timestamp":1776755820151,"level":"DEBUG","args":["[vite]","hot updated: /src/pages/Dashboard.tsx"],"stack":null}
[2026-04-21T07:17:00.617Z] {"timestamp":1776755820151,"level":"DEBUG","args":["[vite]","hot updated: /src/pages/Privacy.tsx"],"stack":null}
[2026-04-21T07:17:00.617Z] {"timestamp":1776755820151,"level":"DEBUG","args":["[vite]","hot updated: /src/pages/ActionGuide.tsx"],"stack":null}
[2026-04-21T07:17:00.617Z] {"timestamp":1776755820151,"level":"DEBUG","args":["[vite]","hot updated: /src/pages/Terms.tsx"],"stack":null}
[2026-04-21T07:17:00.617Z] {"timestamp":1776755820151,"level":"DEBUG","args":["[vite]","hot updated: /src/pages/DisasterGuide.tsx"],"stack":null}
[2026-04-21T07:17:00.617Z] {"timestamp":1776755820151,"level":"DEBUG","args":["[vite]","hot updated: /src/pages/Settings.tsx"],"stack":null}
[2026-04-21T07:17:00.617Z] {"timestamp":1776755820151,"level":"DEBUG","args":["[vite]","hot updated: /src/pages/Map.tsx"],"stack":null}
[2026-04-21T07:17:00.617Z] {"timestamp":1776755820151,"level":"DEBUG","args":["[vite]","hot updated: /src/pages/FamilyTracker.tsx"],"stack":null}
[2026-04-21T07:17:00.617Z] {"timestamp":1776755820151,"level":"DEBUG","args":["[vite]","hot updated: /src/pages/Onboarding.tsx"],"stack":null}
[2026-04-21T07:17:00.617Z] {"timestamp":1776755820151,"level":"DEBUG","args":["[vite]","hot updated: /src/pages/ShelterDetail.tsx"],"stack":null}
[2026-04-21T07:17:00.617Z] {"timestamp":1776755820151,"level":"DEBUG","args":["[vite]","hot updated: /src/pages/SafeRoute.tsx"],"stack":null}
[2026-04-21T07:17:00.617Z] {"timestamp":1776755820151,"level":"DEBUG","args":["[vite]","hot updated: /src/pages/Home.tsx"],"stack":null}
[2026-04-21T07:17:02.615Z] {"timestamp":1776755820950,"level":"WARN","args":["Element with name \"gmp-internal-loading-text\" already defined."],"stack":null}
[2026-04-21T07:17:02.615Z] {"timestamp":1776755820950,"level":"WARN","args":["Element with name \"gmp-internal-request-error-text\" already defined."],"stack":null}
[2026-04-21T07:17:02.615Z] {"timestamp":1776755820951,"level":"WARN","args":["Element with name \"gmp-internal-back-button\" already defined."],"stack":null}
[2026-04-21T07:17:02.615Z] {"timestamp":1776755820951,"level":"WARN","args":["Element with name \"gmp-internal-dialog\" already defined."],"stack":null}
[2026-04-21T07:17:02.615Z] {"timestamp":1776755820951,"level":"WARN","args":["Element with name \"gmp-internal-disclosure\" already defined."],"stack":null}
[2026-04-21T07:17:02.615Z] {"timestamp":1776755820951,"level":"WARN","args":["Element with name \"gmp-internal-disclosure-section\" already defined."],"stack":null}
[2026-04-21T07:17:02.615Z] {"timestamp":1776755820951,"level":"WARN","args":["Element with name \"gmp-internal-attribution\" already defined."],"stack":null}
[2026-04-21T07:17:02.615Z] {"timestamp":1776755820951,"level":"WARN","args":["Element with name \"gmp-internal-element-support-verification\" already defined."],"stack":null}
[2026-04-21T07:17:02.615Z] {"timestamp":1776755820951,"level":"ERROR","args":["You have included the Google Maps JavaScript API multiple times on this page. This may cause unexpected errors."],"stack":"Error\n    at console.<computed> [as error] (https://3000-iwi3fzzw46c2utma7n3fo-5ac9c38d.sg1.manus.computer/__manus__/debug-collector.js:391:37)\n    at Cea (https://forge.manus.ai/v1/maps/proxy/maps/api/js?key=cvZzDbPkXuMKHHX2jcgL3z&v=weekly&libraries=marker,places,geocoding,geometry:2168:273)\n    at Kea (https://forge.manus.ai/v1/maps/proxy/maps/api/js?key=cvZzDbPkXuMKHHX2jcgL3z&v=weekly&libraries=marker,places,geocoding,geometry:2161:81)\n    at google.maps.Load (https://forge.manus.ai/v1/maps/proxy/maps/api/js?key=cvZzDbPkXuMKHHX2jcgL3z&v=weekly&libraries=marker,places,geocoding,geometry:14:5)\n    at https://forge.manus.ai/v1/maps/proxy/maps/api/js?key=cvZzDbPkXuMKHHX2jcgL3z&v=weekly&libraries=marker,places,geocoding,geometry:2467:267\n    at https://forge.manus.ai/v1/maps/proxy/maps/api/js?key=cvZzDbPkXuMKHHX2jcgL3z&v=weekly&libraries=marker,places,geocoding,geometry:2467:280"}
[2026-04-21T07:17:02.615Z] {"timestamp":1776755820951,"level":"WARN","args":["Google Maps JavaScript API has been loaded directly without loading=async. This can result in suboptimal performance. For best-practice loading patterns please see https://goo.gle/js-api-loading"],"stack":null}
[2026-04-21T07:17:02.615Z] {"timestamp":1776755820952,"level":"WARN","args":["Element with name \"gmp-internal-rating\" already defined."],"stack":null}
[2026-04-21T07:17:02.615Z] {"timestamp":1776755820952,"level":"WARN","args":["Element with name \"gmp-place-all-content\" already defined."],"stack":null}
[2026-04-21T07:17:02.615Z] {"timestamp":1776755820952,"level":"WARN","args":["Element with name \"gmp-internal-link-button\" already defined."],"stack":null}
[2026-04-21T07:17:02.615Z] {"timestamp":1776755820952,"level":"WARN","args":["Element with name \"gmp-internal-menu\" already defined."],"stack":null}
[2026-04-21T07:17:02.615Z] {"timestamp":1776755820952,"level":"WARN","args":["Element with name \"gmp-internal-place-opening-hours\" already defined."],"stack":null}
[2026-04-21T07:17:02.615Z] {"timestamp":1776755820952,"level":"WARN","args":["Element with name \"gmp-internal-place-review\" already defined."],"stack":null}
[2026-04-21T07:17:02.615Z] {"timestamp":1776755820952,"level":"WARN","args":["Element with name \"gmp-internal-tabbed-layout\" already defined."],"stack":null}
[2026-04-21T07:17:02.615Z] {"timestamp":1776755820952,"level":"WARN","args":["Element with name \"gmp-internal-lightbox\" already defined."],"stack":null}
[2026-04-21T07:17:02.615Z] {"timestamp":1776755820953,"level":"WARN","args":["Element with name \"gmp-internal-collage\" already defined."],"stack":null}
[2026-04-21T07:17:02.615Z] {"timestamp":1776755820953,"level":"WARN","args":["Element with name \"gmp-internal-place-rating-summary\" already defined."],"stack":null}
[2026-04-21T07:17:02.615Z] {"timestamp":1776755820953,"level":"WARN","args":["Element with name \"gmp-place-content-config\" already defined."],"stack":null}
[2026-04-21T07:17:02.615Z] {"timestamp":1776755820953,"level":"WARN","args":["Element with name \"gmp-place-standard-content\" already defined."],"stack":null}
[2026-04-21T07:17:02.615Z] {"timestamp":1776755820953,"level":"WARN","args":["Element with name \"gmp-internal-place-basic-info\" already defined."],"stack":null}
[2026-04-21T07:17:02.615Z] {"timestamp":1776755820953,"level":"WARN","args":["Element with name \"gmp-place-details-location-request\" already defined."],"stack":null}
[2026-04-21T07:17:02.615Z] {"timestamp":1776755820953,"level":"WARN","args":["Element with name \"gmp-place-details-place-request\" already defined."],"stack":null}
[2026-04-21T07:17:02.615Z] {"timestamp":1776755820953,"level":"WARN","args":["Element with name \"gmp-internal-circular-loader\" already defined."],"stack":null}
[2026-04-21T07:17:02.615Z] {"timestamp":1776755820953,"level":"WARN","args":["Element with name \"gmp-place-details-compact\" already defined."],"stack":null}
[2026-04-21T07:17:02.615Z] {"timestamp":1776755820953,"level":"WARN","args":["Element with name \"gmp-internal-use-place-details-compact\" already defined."],"stack":null}
[2026-04-21T07:17:02.615Z] {"timestamp":1776755820953,"level":"WARN","args":["Element with name \"gmp-place-media\" already defined."],"stack":null}
[2026-04-21T07:17:02.615Z] {"timestamp":1776755820953,"level":"WARN","args":["Element with name \"gmp-place-address\" already defined."],"stack":null}
[2026-04-21T07:17:02.615Z] {"timestamp":1776755820953,"level":"WARN","args":["Element with name \"gmp-place-rating\" already defined."],"stack":null}
[2026-04-21T07:17:02.615Z] {"timestamp":1776755820953,"level":"WARN","args":["Element with name \"gmp-place-type\" already defined."],"stack":null}
[2026-04-21T07:17:02.615Z] {"timestamp":1776755820953,"level":"WARN","args":["Element with name \"gmp-place-price\" already defined."],"stack":null}
[2026-04-21T07:17:02.615Z] {"timestamp":1776755820953,"level":"WARN","args":["Element with name \"gmp-place-accessible-entrance-icon\" already defined."],"stack":null}
[2026-04-21T07:17:02.615Z] {"timestamp":1776755820953,"level":"WARN","args":["Element with name \"gmp-place-open-now-status\" already defined."],"stack":null}
[2026-04-21T07:17:02.615Z] {"timestamp":1776755820953,"level":"WARN","args":["Element with name \"gmp-place-attribution\" already defined."],"stack":null}
[2026-04-21T07:17:02.615Z] {"timestamp":1776755820953,"level":"WARN","args":["Element with name \"gmp-place-website\" already defined."],"stack":null}
[2026-04-21T07:17:02.615Z] {"timestamp":1776755820953,"level":"WARN","args":["Element with name \"gmp-place-phone-number\" already defined."],"stack":null}
[2026-04-21T07:17:02.615Z] {"timestamp":1776755820953,"level":"WARN","args":["Element with name \"gmp-place-opening-hours\" already defined."],"stack":null}
[2026-04-21T07:17:02.615Z] {"timestamp":1776755820953,"level":"WARN","args":["Element with name \"gmp-place-summary\" already defined."],"stack":null}
[2026-04-21T07:17:02.615Z] {"timestamp":1776755820953,"level":"WARN","args":["Element with name \"gmp-place-type-specific-highlights\" already defined."],"stack":null}
[2026-04-21T07:17:02.615Z] {"timestamp":1776755820953,"level":"WARN","args":["Element with name \"gmp-place-review-summary\" already defined."],"stack":null}
[2026-04-21T07:17:02.615Z] {"timestamp":1776755820953,"level":"WARN","args":["Element with name \"gmp-place-reviews\" already defined."],"stack":null}
[2026-04-21T07:17:02.615Z] {"timestamp":1776755820953,"level":"WARN","args":["Element with name \"gmp-place-plus-code\" already defined."],"stack":null}
[2026-04-21T07:17:02.615Z] {"timestamp":1776755820954,"level":"WARN","args":["Element with name \"gmp-place-feature-list\" already defined."],"stack":null}
[2026-04-21T07:17:02.615Z] {"timestamp":1776755820954,"level":"WARN","args":["Element with name \"gmp-place-details\" already defined."],"stack":null}
[2026-04-21T07:17:02.615Z] {"timestamp":1776755820954,"level":"WARN","args":["Element with name \"gmp-internal-place-carousel\" already defined."],"stack":null}
[2026-04-21T07:17:02.615Z] {"timestamp":1776755820954,"level":"WARN","args":["Element with name \"gmp-internal-place-search-list-item\" already defined."],"stack":null}
[2026-04-21T07:17:02.615Z] {"timestamp":1776755820954,"level":"WARN","args":["Element with name \"gmp-place-nearby-search-request\" already defined."],"stack":null}
[2026-04-21T07:17:02.615Z] {"timestamp":1776755820954,"level":"WARN","args":["Element with name \"gmp-place-text-search-request\" already defined."],"stack":null}
[2026-04-21T07:17:02.615Z] {"timestamp":1776755820954,"level":"WARN","args":["Element with name \"gmp-place-search\" already defined."],"stack":null}
[2026-04-21T07:17:02.615Z] {"timestamp":1776755820958,"level":"WARN","args":["Element with name \"gmp-pin\" already defined."],"stack":null}
[2026-04-21T07:17:02.615Z] {"timestamp":1776755820958,"level":"WARN","args":["Element with name \"gmp-internal-use-am\" already defined."],"stack":null}
[2026-04-21T07:17:02.615Z] {"timestamp":1776755820959,"level":"WARN","args":["Element with name \"gmp-map\" already defined."],"stack":null}
[2026-04-21T07:17:02.615Z] {"timestamp":1776755820959,"level":"WARN","args":["Element with name \"gmp-advanced-marker\" already defined."],"stack":null}
[2026-04-21T07:17:02.615Z] {"timestamp":1776755820959,"level":"WARN","args":["Element with name \"gmp-place-autocomplete\" already defined."],"stack":null}
[2026-04-21T07:17:02.615Z] {"timestamp":1776755820959,"level":"WARN","args":["Element with name \"gmp-basic-place-autocomplete\" already defined."],"stack":null}
[2026-04-21T07:17:06.621Z] {"timestamp":1776755824017,"level":"DEBUG","args":["[Manus] Debug collector initialized (no rrweb, UI events only)"],"stack":null}
[2026-04-21T07:17:06.621Z] {"timestamp":1776755824270,"level":"DEBUG","args":["[vite] connected."],"stack":null}
[2026-04-21T07:17:06.621Z] {"timestamp":1776755825882,"level":"WARN","args":["Google Maps JavaScript API has been loaded directly without loading=async. This can result in suboptimal performance. For best-practice loading patterns please see https://goo.gle/js-api-loading"],"stack":null}
[2026-04-21T07:17:10.612Z] {"timestamp":1776755828308,"level":"DEBUG","args":["[Manus] Debug collector initialized (no rrweb, UI events only)"],"stack":null}
[2026-04-21T07:17:10.612Z] {"timestamp":1776755828554,"level":"DEBUG","args":["[vite] connected."],"stack":null}
[2026-04-21T07:17:10.612Z] {"timestamp":1776755829920,"level":"WARN","args":["Google Maps JavaScript API has been loaded directly without loading=async. This can result in suboptimal performance. For best-practice loading patterns please see https://goo.gle/js-api-loading"],"stack":null}
[2026-04-21T07:17:12.662Z] {"timestamp":1776755832533,"level":"DEBUG","args":["[vite]","invalidate /src/contexts/I18nContext.tsx: Could not Fast Refresh (\"useI18n\" export is incompatible). Learn more at https://github.com/vitejs/vite-plugin-react/tree/main/packages/plugin-react#consistent-components-exports"],"stack":null}
[2026-04-21T07:17:12.662Z] {"timestamp":1776755832534,"level":"DEBUG","args":["[vite]","hot updated: /src/contexts/I18nContext.tsx"],"stack":null}
[2026-04-21T07:17:12.662Z] {"timestamp":1776755832534,"level":"DEBUG","args":["[vite]","hot updated: /src/pages/Settings.tsx"],"stack":null}
[2026-04-21T07:17:12.662Z] {"timestamp":1776755832534,"level":"DEBUG","args":["[vite]","hot updated: /src/pages/Onboarding.tsx"],"stack":null}
[2026-04-21T07:17:12.662Z] {"timestamp":1776755832534,"level":"DEBUG","args":["[vite]","hot updated: /src/pages/Home.tsx"],"stack":null}
[2026-04-21T07:17:14.693Z] {"timestamp":1776755832954,"level":"ERROR","args":["%o\n\n%s\n\n%s\n",{"type":"Error","message":"useI18n must be used within I18nProvider","stack":"Error: useI18n must be used within I18nProvider\n    at useI18n (https://3000-iwi3fzzw46c2utma7n3fo-5ac9c38d.sg1.manus.computer/src/contexts/I18nContext.tsx?t=1776755818547:76:11)\n    at OnboardingGuard (https://3000-iwi3fzzw46c2utma7n3fo-5ac9c38d.sg1.manus.computer/src/App.tsx?t=1776755818547:25:37)\n    at Object.react_stack_bottom_frame (https://3000-iwi3fzzw46c2utma7n3fo-5ac9c38d.sg1.manus.computer/@fs/home/ubuntu/crisispath/node_modules/.vite/deps/react-dom_client.js?v=ec4d0a3a:18509:20)\n    at renderWithHooks (https://3000-iwi3fzzw46c2utma7n3fo-5ac9c38d.sg1.manus.computer/@fs/home/ubuntu/crisispath/node_modules/.vite/deps/react-dom_client.js?v=ec4d0a3a:5654:24)\n    at updateFunctionComponent (https://3000-iwi3fzzw46c2utma7n3fo-5ac9c38d.sg1.manus.computer/@fs/home/ubuntu/crisispath/node_modules/.vite/deps/react-dom_client.js?v=ec4d0a3a:7475:21)\n    at beginWork (https://3000-iwi3fzzw46c2utma7n3fo-5ac9c38d.sg1.manus.computer/@fs/home/ubuntu/crisispath/node_modules/.vite/deps/react-dom_client.js?v=ec4d0a3a:8525:20)\n    at runWithFiberInDEV (https://3000-iwi3fzzw46c2utma7n3fo-5ac9c38d.sg1.manus.computer/@fs/home/ubuntu/crisispath/node_modules/.vite/deps/react-dom_client.js?v=ec4d0a3a:997:72)\n    at performUnitOfWork (https://3000-iwi3fzzw46c2utma7n3fo-5ac9c38d.sg1.manus.computer/@fs/home/ubuntu/crisispath/node_modules/.vite/deps/react-dom_client.js?v=ec4d0a3a:12561:98)\n    at workLoopSync (https://3000-iwi3fzzw46c2utma7n3fo-5ac9c38d.sg1.manus.computer/@fs/home/ubuntu/crisispath/node_modules/.vite/deps/react-dom_client.js?v=ec4d0a3a:12424:43)\n    at renderRootSync (https://3000-iwi3fzzw46c2utma7n3fo-5ac9c38d.sg1.manus.computer/@fs/home/ubuntu/crisispath/node_modules/.vite/deps/react-dom_client.js?v=ec4d0a3a:12408:13)"},"The above error occurred in the <OnboardingGuard> component.","React will try to recreate this component tree from scratch using the error boundary you provided, ErrorBoundary."],"stack":"Error\n    at console.<computed> [as error] (https://3000-iwi3fzzw46c2utma7n3fo-5ac9c38d.sg1.manus.computer/__manus__/debug-collector.js:391:37)\n    at defaultOnCaughtError (https://3000-iwi3fzzw46c2utma7n3fo-5ac9c38d.sg1.manus.computer/@fs/home/ubuntu/crisispath/node_modules/.vite/deps/react-dom_client.js?v=ec4d0a3a:7001:19)\n    at logCaughtError (https://3000-iwi3fzzw46c2utma7n3fo-5ac9c38d.sg1.manus.computer/@fs/home/ubuntu/crisispath/node_modules/.vite/deps/react-dom_client.js?v=ec4d0a3a:7033:11)\n    at runWithFiberInDEV (https://3000-iwi3fzzw46c2utma7n3fo-5ac9c38d.sg1.manus.computer/@fs/home/ubuntu/crisispath/node_modules/.vite/deps/react-dom_client.js?v=ec4d0a3a:997:72)\n    at update.callback (https://3000-iwi3fzzw46c2utma7n3fo-5ac9c38d.sg1.manus.computer/@fs/home/ubuntu/crisispath/node_modules/.vite/deps/react-dom_client.js?v=ec4d0a3a:7066:13)\n    at callCallback (https://3000-iwi3fzzw46c2utma7n3fo-5ac9c38d.sg1.manus.computer/@fs/home/ubuntu/crisispath/node_modules/.vite/deps/react-dom_client.js?v=ec4d0a3a:5491:18)\n    at commitCallbacks (https://3000-iwi3fzzw46c2utma7n3fo-5ac9c38d.sg1.manus.computer/@fs/home/ubuntu/crisispath/node_modules/.vite/deps/react-dom_client.js?v=ec4d0a3a:5503:13)\n    at runWithFiberInDEV (https://3000-iwi3fzzw46c2utma7n3fo-5ac9c38d.sg1.manus.computer/@fs/home/ubuntu/crisispath/node_modules/.vite/deps/react-dom_client.js?v=ec4d0a3a:997:72)\n    at commitClassCallbacks (https://3000-iwi3fzzw46c2utma7n3fo-5ac9c38d.sg1.manus.computer/@fs/home/ubuntu/crisispath/node_modules/.vite/deps/react-dom_client.js?v=ec4d0a3a:9490:13)\n    at commitLayoutEffectOnFiber (https://3000-iwi3fzzw46c2utma7n3fo-5ac9c38d.sg1.manus.computer/@fs/home/ubuntu/crisispath/node_modules/.vite/deps/react-dom_client.js?v=ec4d0a3a:9958:27)"}
[2026-04-21T07:17:14.693Z] {"timestamp":1776755833461,"level":"DEBUG","args":["[vite]","hot updated: /src/App.tsx"],"stack":null}
[2026-04-21T07:17:14.693Z] {"timestamp":1776755833461,"level":"DEBUG","args":["[vite]","hot updated: /src/pages/EmergencyContacts.tsx"],"stack":null}
[2026-04-21T07:17:14.693Z] {"timestamp":1776755833461,"level":"DEBUG","args":["[vite]","hot updated: /src/pages/Dashboard.tsx"],"stack":null}
[2026-04-21T07:17:14.693Z] {"timestamp":1776755833461,"level":"DEBUG","args":["[vite]","hot updated: /src/pages/Privacy.tsx"],"stack":null}
[2026-04-21T07:17:14.693Z] {"timestamp":1776755833461,"level":"DEBUG","args":["[vite]","hot updated: /src/pages/ActionGuide.tsx"],"stack":null}
[2026-04-21T07:17:14.693Z] {"timestamp":1776755833461,"level":"DEBUG","args":["[vite]","hot updated: /src/pages/Terms.tsx"],"stack":null}
[2026-04-21T07:17:14.693Z] {"timestamp":1776755833461,"level":"DEBUG","args":["[vite]","hot updated: /src/pages/DisasterGuide.tsx"],"stack":null}
[2026-04-21T07:17:14.693Z] {"timestamp":1776755833461,"level":"DEBUG","args":["[vite]","hot updated: /src/pages/Settings.tsx"],"stack":null}
[2026-04-21T07:17:14.693Z] {"timestamp":1776755833461,"level":"DEBUG","args":["[vite]","hot updated: /src/pages/Map.tsx"],"stack":null}
[2026-04-21T07:17:14.693Z] {"timestamp":1776755833461,"level":"DEBUG","args":["[vite]","hot updated: /src/pages/FamilyTracker.tsx"],"stack":null}
[2026-04-21T07:17:14.693Z] {"timestamp":1776755833461,"level":"DEBUG","args":["[vite]","hot updated: /src/pages/Onboarding.tsx"],"stack":null}
[2026-04-21T07:17:14.693Z] {"timestamp":1776755833461,"level":"DEBUG","args":["[vite]","hot updated: /src/pages/ShelterDetail.tsx"],"stack":null}
[2026-04-21T07:17:14.693Z] {"timestamp":1776755833461,"level":"DEBUG","args":["[vite]","hot updated: /src/pages/SafeRoute.tsx"],"stack":null}
[2026-04-21T07:17:14.693Z] {"timestamp":1776755833461,"level":"DEBUG","args":["[vite]","hot updated: /src/pages/Home.tsx"],"stack":null}
[2026-04-21T07:17:14.693Z] {"timestamp":1776755833955,"level":"WARN","args":["Element with name \"gmp-internal-loading-text\" already defined."],"stack":null}
[2026-04-21T07:17:14.693Z] {"timestamp":1776755833955,"level":"WARN","args":["Element with name \"gmp-internal-request-error-text\" already defined."],"stack":null}
[2026-04-21T07:17:14.693Z] {"timestamp":1776755833956,"level":"WARN","args":["Element with name \"gmp-internal-back-button\" already defined."],"stack":null}
[2026-04-21T07:17:14.693Z] {"timestamp":1776755833956,"level":"WARN","args":["Element with name \"gmp-internal-dialog\" already defined."],"stack":null}
[2026-04-21T07:17:14.693Z] {"timestamp":1776755833956,"level":"WARN","args":["Element with name \"gmp-internal-disclosure\" already defined."],"stack":null}
[2026-04-21T07:17:14.693Z] {"timestamp":1776755833956,"level":"WARN","args":["Element with name \"gmp-internal-disclosure-section\" already defined."],"stack":null}
[2026-04-21T07:17:14.693Z] {"timestamp":1776755833956,"level":"WARN","args":["Element with name \"gmp-internal-attribution\" already defined."],"stack":null}
[2026-04-21T07:17:14.693Z] {"timestamp":1776755833956,"level":"WARN","args":["Element with name \"gmp-internal-element-support-verification\" already defined."],"stack":null}
[2026-04-21T07:17:14.693Z] {"timestamp":1776755833956,"level":"ERROR","args":["You have included the Google Maps JavaScript API multiple times on this page. This may cause unexpected errors."],"stack":"Error\n    at console.<computed> [as error] (https://3000-iwi3fzzw46c2utma7n3fo-5ac9c38d.sg1.manus.computer/__manus__/debug-collector.js:391:37)\n    at Cea (https://forge.manus.ai/v1/maps/proxy/maps/api/js?key=cvZzDbPkXuMKHHX2jcgL3z&v=weekly&libraries=marker,places,geocoding,geometry:2168:273)\n    at Kea (https://forge.manus.ai/v1/maps/proxy/maps/api/js?key=cvZzDbPkXuMKHHX2jcgL3z&v=weekly&libraries=marker,places,geocoding,geometry:2161:81)\n    at google.maps.Load (https://forge.manus.ai/v1/maps/proxy/maps/api/js?key=cvZzDbPkXuMKHHX2jcgL3z&v=weekly&libraries=marker,places,geocoding,geometry:14:5)\n    at https://forge.manus.ai/v1/maps/proxy/maps/api/js?key=cvZzDbPkXuMKHHX2jcgL3z&v=weekly&libraries=marker,places,geocoding,geometry:2467:267\n    at https://forge.manus.ai/v1/maps/proxy/maps/api/js?key=cvZzDbPkXuMKHHX2jcgL3z&v=weekly&libraries=marker,places,geocoding,geometry:2467:280"}
[2026-04-21T07:17:14.693Z] {"timestamp":1776755833957,"level":"WARN","args":["Google Maps JavaScript API has been loaded directly without loading=async. This can result in suboptimal performance. For best-practice loading patterns please see https://goo.gle/js-api-loading"],"stack":null}
[2026-04-21T07:17:14.693Z] {"timestamp":1776755833958,"level":"WARN","args":["Element with name \"gmp-internal-rating\" already defined."],"stack":null}
[2026-04-21T07:17:14.693Z] {"timestamp":1776755833958,"level":"WARN","args":["Element with name \"gmp-place-all-content\" already defined."],"stack":null}
[2026-04-21T07:17:14.693Z] {"timestamp":1776755833958,"level":"WARN","args":["Element with name \"gmp-internal-link-button\" already defined."],"stack":null}
[2026-04-21T07:17:14.693Z] {"timestamp":1776755833958,"level":"WARN","args":["Element with name \"gmp-internal-menu\" already defined."],"stack":null}
[2026-04-21T07:17:14.693Z] {"timestamp":1776755833959,"level":"WARN","args":["Element with name \"gmp-internal-place-opening-hours\" already defined."],"stack":null}
[2026-04-21T07:17:14.693Z] {"timestamp":1776755833959,"level":"WARN","args":["Element with name \"gmp-internal-place-review\" already defined."],"stack":null}
[2026-04-21T07:17:14.693Z] {"timestamp":1776755833959,"level":"WARN","args":["Element with name \"gmp-internal-tabbed-layout\" already defined."],"stack":null}
[2026-04-21T07:17:14.693Z] {"timestamp":1776755833959,"level":"WARN","args":["Element with name \"gmp-internal-lightbox\" already defined."],"stack":null}
[2026-04-21T07:17:14.693Z] {"timestamp":1776755833959,"level":"WARN","args":["Element with name \"gmp-internal-collage\" already defined."],"stack":null}
[2026-04-21T07:17:14.693Z] {"timestamp":1776755833959,"level":"WARN","args":["Element with name \"gmp-internal-place-rating-summary\" already defined."],"stack":null}
[2026-04-21T07:17:14.693Z] {"timestamp":1776755833959,"level":"WARN","args":["Element with name \"gmp-place-content-config\" already defined."],"stack":null}
[2026-04-21T07:17:14.693Z] {"timestamp":1776755833959,"level":"WARN","args":["Element with name \"gmp-place-standard-content\" already defined."],"stack":null}
[2026-04-21T07:17:14.693Z] {"timestamp":1776755833959,"level":"WARN","args":["Element with name \"gmp-internal-place-basic-info\" already defined."],"stack":null}
[2026-04-21T07:17:14.693Z] {"timestamp":1776755833959,"level":"WARN","args":["Element with name \"gmp-place-details-location-request\" already defined."],"stack":null}
[2026-04-21T07:17:14.693Z] {"timestamp":1776755833960,"level":"WARN","args":["Element with name \"gmp-place-details-place-request\" already defined."],"stack":null}
[2026-04-21T07:17:14.693Z] {"timestamp":1776755833960,"level":"WARN","args":["Element with name \"gmp-internal-circular-loader\" already defined."],"stack":null}
[2026-04-21T07:17:14.693Z] {"timestamp":1776755833960,"level":"WARN","args":["Element with name \"gmp-place-details-compact\" already defined."],"stack":null}
[2026-04-21T07:17:14.693Z] {"timestamp":1776755833960,"level":"WARN","args":["Element with name \"gmp-internal-use-place-details-compact\" already defined."],"stack":null}
[2026-04-21T07:17:14.693Z] {"timestamp":1776755833960,"level":"WARN","args":["Element with name \"gmp-place-media\" already defined."],"stack":null}
[2026-04-21T07:17:14.693Z] {"timestamp":1776755833960,"level":"WARN","args":["Element with name \"gmp-place-address\" already defined."],"stack":null}
[2026-04-21T07:17:14.693Z] {"timestamp":1776755833960,"level":"WARN","args":["Element with name \"gmp-place-rating\" already defined."],"stack":null}
[2026-04-21T07:17:14.693Z] {"timestamp":1776755833960,"level":"WARN","args":["Element with name \"gmp-place-type\" already defined."],"stack":null}
[2026-04-21T07:17:14.693Z] {"timestamp":1776755833960,"level":"WARN","args":["Element with name \"gmp-place-price\" already defined."],"stack":null}
[2026-04-21T07:17:14.693Z] {"timestamp":1776755833960,"level":"WARN","args":["Element with name \"gmp-place-accessible-entrance-icon\" already defined."],"stack":null}
[2026-04-21T07:17:14.693Z] {"timestamp":1776755833960,"level":"WARN","args":["Element with name \"gmp-place-open-now-status\" already defined."],"stack":null}
[2026-04-21T07:17:14.693Z] {"timestamp":1776755833960,"level":"WARN","args":["Element with name \"gmp-place-attribution\" already defined."],"stack":null}
[2026-04-21T07:17:14.693Z] {"timestamp":1776755833960,"level":"WARN","args":["Element with name \"gmp-place-website\" already defined."],"stack":null}
[2026-04-21T07:17:14.693Z] {"timestamp":1776755833960,"level":"WARN","args":["Element with name \"gmp-place-phone-number\" already defined."],"stack":null}
[2026-04-21T07:17:14.693Z] {"timestamp":1776755833960,"level":"WARN","args":["Element with name \"gmp-place-opening-hours\" already defined."],"stack":null}
[2026-04-21T07:17:14.693Z] {"timestamp":1776755833960,"level":"WARN","args":["Element with name \"gmp-place-summary\" already defined."],"stack":null}
[2026-04-21T07:17:14.693Z] {"timestamp":1776755833960,"level":"WARN","args":["Element with name \"gmp-place-type-specific-highlights\" already defined."],"stack":null}
[2026-04-21T07:17:14.693Z] {"timestamp":1776755833960,"level":"WARN","args":["Element with name \"gmp-place-review-summary\" already defined."],"stack":null}
[2026-04-21T07:17:14.693Z] {"timestamp":1776755833960,"level":"WARN","args":["Element with name \"gmp-place-reviews\" already defined."],"stack":null}
[2026-04-21T07:17:14.693Z] {"timestamp":1776755833960,"level":"WARN","args":["Element with name \"gmp-place-plus-code\" already defined."],"stack":null}
[2026-04-21T07:17:14.693Z] {"timestamp":1776755833961,"level":"WARN","args":["Element with name \"gmp-place-feature-list\" already defined."],"stack":null}
[2026-04-21T07:17:14.693Z] {"timestamp":1776755833961,"level":"WARN","args":["Element with name \"gmp-place-details\" already defined."],"stack":null}
[2026-04-21T07:17:14.693Z] {"timestamp":1776755833961,"level":"WARN","args":["Element with name \"gmp-internal-place-carousel\" already defined."],"stack":null}
[2026-04-21T07:17:14.693Z] {"timestamp":1776755833961,"level":"WARN","args":["Element with name \"gmp-internal-place-search-list-item\" already defined."],"stack":null}
[2026-04-21T07:17:14.693Z] {"timestamp":1776755833961,"level":"WARN","args":["Element with name \"gmp-place-nearby-search-request\" already defined."],"stack":null}
[2026-04-21T07:17:14.693Z] {"timestamp":1776755833961,"level":"WARN","args":["Element with name \"gmp-place-text-search-request\" already defined."],"stack":null}
[2026-04-21T07:17:14.693Z] {"timestamp":1776755833961,"level":"WARN","args":["Element with name \"gmp-place-search\" already defined."],"stack":null}
[2026-04-21T07:17:14.693Z] {"timestamp":1776755833964,"level":"WARN","args":["Element with name \"gmp-pin\" already defined."],"stack":null}
[2026-04-21T07:17:14.693Z] {"timestamp":1776755833965,"level":"WARN","args":["Element with name \"gmp-internal-use-am\" already defined."],"stack":null}
[2026-04-21T07:17:14.693Z] {"timestamp":1776755833965,"level":"WARN","args":["Element with name \"gmp-map\" already defined."],"stack":null}
[2026-04-21T07:17:14.693Z] {"timestamp":1776755833966,"level":"WARN","args":["Element with name \"gmp-advanced-marker\" already defined."],"stack":null}
[2026-04-21T07:17:14.693Z] {"timestamp":1776755833966,"level":"WARN","args":["Element with name \"gmp-place-autocomplete\" already defined."],"stack":null}
[2026-04-21T07:17:14.693Z] {"timestamp":1776755833966,"level":"WARN","args":["Element with name \"gmp-basic-place-autocomplete\" already defined."],"stack":null}
[2026-04-21T07:17:19.621Z] {"timestamp":1776755837130,"level":"DEBUG","args":["[Manus] Debug collector initialized (no rrweb, UI events only)"],"stack":null}
[2026-04-21T07:17:19.621Z] {"timestamp":1776755837385,"level":"DEBUG","args":["[vite] connected."],"stack":null}
[2026-04-21T07:17:19.621Z] {"timestamp":1776755838986,"level":"WARN","args":["Google Maps JavaScript API has been loaded directly without loading=async. This can result in suboptimal performance. For best-practice loading patterns please see https://goo.gle/js-api-loading"],"stack":null}
[2026-04-21T07:17:23.619Z] {"timestamp":1776755841313,"level":"DEBUG","args":["[Manus] Debug collector initialized (no rrweb, UI events only)"],"stack":null}
[2026-04-21T07:17:23.619Z] {"timestamp":1776755841563,"level":"DEBUG","args":["[vite] connected."],"stack":null}
[2026-04-21T07:17:23.619Z] {"timestamp":1776755842974,"level":"WARN","args":["Google Maps JavaScript API has been loaded directly without loading=async. This can result in suboptimal performance. For best-practice loading patterns please see https://goo.gle/js-api-loading"],"stack":null}
[2026-04-21T07:19:16.674Z] {"timestamp":1776755954659,"level":"DEBUG","args":["[Manus] Debug collector initialized (no rrweb, UI events only)"],"stack":null}
[2026-04-21T07:19:16.674Z] {"timestamp":1776755955012,"level":"DEBUG","args":["[vite] connected."],"stack":null}
[2026-04-21T07:19:16.674Z] {"timestamp":1776755955886,"level":"INFO","args":["%cDownload the React DevTools for a better development experience: https://react.dev/link/react-devtools","font-weight:bold"],"stack":null}
[2026-04-21T07:19:23.034Z] {"timestamp":1776755961343,"level":"DEBUG","args":["[Manus] Debug collector initialized (no rrweb, UI events only)"],"stack":null}
[2026-04-21T07:19:23.034Z] {"timestamp":1776755961593,"level":"DEBUG","args":["[vite] connected."],"stack":null}
[2026-04-21T07:19:23.034Z] {"timestamp":1776755962028,"level":"WARN","args":["Google Maps JavaScript API has been loaded directly without loading=async. This can result in suboptimal performance. For best-practice loading patterns please see https://goo.gle/js-api-loading"],"stack":null}
[2026-04-21T07:20:37.614Z] {"timestamp":1776756035581,"level":"DEBUG","args":["[Manus] Debug collector initialized (no rrweb, UI events only)"],"stack":null}
[2026-04-21T07:20:37.614Z] {"timestamp":1776756035832,"level":"DEBUG","args":["[vite] connected."],"stack":null}
[2026-04-21T07:20:37.614Z] {"timestamp":1776756037455,"level":"WARN","args":["Google Maps JavaScript API has been loaded directly without loading=async. This can result in suboptimal performance. For best-practice loading patterns please see https://goo.gle/js-api-loading"],"stack":null}
[2026-04-21T07:20:43.610Z] {"timestamp":1776756041318,"level":"DEBUG","args":["[Manus] Debug collector initialized (no rrweb, UI events only)"],"stack":null}
[2026-04-21T07:20:43.610Z] {"timestamp":1776756041568,"level":"DEBUG","args":["[vite] connected."],"stack":null}
[2026-04-21T07:20:43.610Z] {"timestamp":1776756042991,"level":"WARN","args":["Google Maps JavaScript API has been loaded directly without loading=async. This can result in suboptimal performance. For best-practice loading patterns please see https://goo.gle/js-api-loading"],"stack":null}
[2026-04-21T07:28:13.607Z] {"timestamp":1776756492710,"level":"DEBUG","args":["[vite]","hot updated: /src/index.css"],"stack":null}
[2026-04-21T07:28:58.536Z] {"timestamp":1776756536530,"level":"DEBUG","args":["[Manus] Debug collector initialized (no rrweb, UI events only)"],"stack":null}
[2026-04-21T07:28:58.536Z] {"timestamp":1776756536544,"level":"DEBUG","args":["[vite] connected."],"stack":null}
[2026-04-21T07:28:58.536Z] {"timestamp":1776756536762,"level":"INFO","args":["%cDownload the React DevTools for a better development experience: https://react.dev/link/react-devtools","font-weight:bold"],"stack":null}
[2026-04-21T07:29:17.062Z] {"timestamp":1776756555630,"level":"WARN","args":["Element with name \"gmp-internal-loading-text\" already defined."],"stack":null}
[2026-04-21T07:29:17.062Z] {"timestamp":1776756555630,"level":"WARN","args":["Element with name \"gmp-internal-request-error-text\" already defined."],"stack":null}
[2026-04-21T07:29:17.062Z] {"timestamp":1776756555630,"level":"WARN","args":["Element with name \"gmp-internal-back-button\" already defined."],"stack":null}
[2026-04-21T07:29:17.062Z] {"timestamp":1776756555630,"level":"WARN","args":["Element with name \"gmp-internal-dialog\" already defined."],"stack":null}
[2026-04-21T07:29:17.062Z] {"timestamp":1776756555630,"level":"WARN","args":["Element with name \"gmp-internal-disclosure\" already defined."],"stack":null}
[2026-04-21T07:29:17.062Z] {"timestamp":1776756555630,"level":"WARN","args":["Element with name \"gmp-internal-disclosure-section\" already defined."],"stack":null}
[2026-04-21T07:29:17.062Z] {"timestamp":1776756555631,"level":"WARN","args":["Element with name \"gmp-internal-attribution\" already defined."],"stack":null}
[2026-04-21T07:29:17.062Z] {"timestamp":1776756555631,"level":"WARN","args":["Element with name \"gmp-internal-element-support-verification\" already defined."],"stack":null}
[2026-04-21T07:29:17.062Z] {"timestamp":1776756555631,"level":"ERROR","args":["You have included the Google Maps JavaScript API multiple times on this page. This may cause unexpected errors."],"stack":"Error\n    at console.<computed> [as error] (https://3000-iwi3fzzw46c2utma7n3fo-5ac9c38d.sg1.manus.computer/__manus__/debug-collector.js:391:37)\n    at Cea (https://forge.manus.ai/v1/maps/proxy/maps/api/js?key=cvZzDbPkXuMKHHX2jcgL3z&v=weekly&libraries=marker,places,geocoding,geometry:2168:273)\n    at Kea (https://forge.manus.ai/v1/maps/proxy/maps/api/js?key=cvZzDbPkXuMKHHX2jcgL3z&v=weekly&libraries=marker,places,geocoding,geometry:2161:81)\n    at google.maps.Load (https://forge.manus.ai/v1/maps/proxy/maps/api/js?key=cvZzDbPkXuMKHHX2jcgL3z&v=weekly&libraries=marker,places,geocoding,geometry:14:5)\n    at https://forge.manus.ai/v1/maps/proxy/maps/api/js?key=cvZzDbPkXuMKHHX2jcgL3z&v=weekly&libraries=marker,places,geocoding,geometry:2467:267\n    at https://forge.manus.ai/v1/maps/proxy/maps/api/js?key=cvZzDbPkXuMKHHX2jcgL3z&v=weekly&libraries=marker,places,geocoding,geometry:2467:280"}
[2026-04-21T07:29:17.062Z] {"timestamp":1776756555659,"level":"WARN","args":["Google Maps JavaScript API has been loaded directly without loading=async. This can result in suboptimal performance. For best-practice loading patterns please see https://goo.gle/js-api-loading"],"stack":null}
[2026-04-21T07:29:17.062Z] {"timestamp":1776756555660,"level":"WARN","args":["Element with name \"gmp-internal-rating\" already defined."],"stack":null}
[2026-04-21T07:29:17.062Z] {"timestamp":1776756555660,"level":"WARN","args":["Element with name \"gmp-place-all-content\" already defined."],"stack":null}
[2026-04-21T07:29:17.062Z] {"timestamp":1776756555660,"level":"WARN","args":["Element with name \"gmp-internal-link-button\" already defined."],"stack":null}
[2026-04-21T07:29:17.062Z] {"timestamp":1776756555660,"level":"WARN","args":["Element with name \"gmp-internal-menu\" already defined."],"stack":null}
[2026-04-21T07:29:17.062Z] {"timestamp":1776756555660,"level":"WARN","args":["Element with name \"gmp-internal-place-opening-hours\" already defined."],"stack":null}
[2026-04-21T07:29:17.062Z] {"timestamp":1776756555660,"level":"WARN","args":["Element with name \"gmp-internal-place-review\" already defined."],"stack":null}
[2026-04-21T07:29:17.062Z] {"timestamp":1776756555660,"level":"WARN","args":["Element with name \"gmp-internal-tabbed-layout\" already defined."],"stack":null}
[2026-04-21T07:29:17.062Z] {"timestamp":1776756555660,"level":"WARN","args":["Element with name \"gmp-internal-lightbox\" already defined."],"stack":null}
[2026-04-21T07:29:17.062Z] {"timestamp":1776756555661,"level":"WARN","args":["Element with name \"gmp-internal-collage\" already defined."],"stack":null}
[2026-04-21T07:29:17.062Z] {"timestamp":1776756555661,"level":"WARN","args":["Element with name \"gmp-internal-place-rating-summary\" already defined."],"stack":null}
[2026-04-21T07:29:17.062Z] {"timestamp":1776756555661,"level":"WARN","args":["Element with name \"gmp-place-content-config\" already defined."],"stack":null}
[2026-04-21T07:29:17.062Z] {"timestamp":1776756555661,"level":"WARN","args":["Element with name \"gmp-place-standard-content\" already defined."],"stack":null}
[2026-04-21T07:29:17.062Z] {"timestamp":1776756555661,"level":"WARN","args":["Element with name \"gmp-internal-place-basic-info\" already defined."],"stack":null}
[2026-04-21T07:29:17.062Z] {"timestamp":1776756555661,"level":"WARN","args":["Element with name \"gmp-place-details-location-request\" already defined."],"stack":null}
[2026-04-21T07:29:17.062Z] {"timestamp":1776756555661,"level":"WARN","args":["Element with name \"gmp-place-details-place-request\" already defined."],"stack":null}
[2026-04-21T07:29:17.062Z] {"timestamp":1776756555661,"level":"WARN","args":["Element with name \"gmp-internal-circular-loader\" already defined."],"stack":null}
[2026-04-21T07:29:17.062Z] {"timestamp":1776756555661,"level":"WARN","args":["Element with name \"gmp-place-details-compact\" already defined."],"stack":null}
[2026-04-21T07:29:17.062Z] {"timestamp":1776756555661,"level":"WARN","args":["Element with name \"gmp-internal-use-place-details-compact\" already defined."],"stack":null}
[2026-04-21T07:29:17.062Z] {"timestamp":1776756555661,"level":"WARN","args":["Element with name \"gmp-place-media\" already defined."],"stack":null}
[2026-04-21T07:29:17.062Z] {"timestamp":1776756555661,"level":"WARN","args":["Element with name \"gmp-place-address\" already defined."],"stack":null}
[2026-04-21T07:29:17.062Z] {"timestamp":1776756555661,"level":"WARN","args":["Element with name \"gmp-place-rating\" already defined."],"stack":null}
[2026-04-21T07:29:17.062Z] {"timestamp":1776756555661,"level":"WARN","args":["Element with name \"gmp-place-type\" already defined."],"stack":null}
[2026-04-21T07:29:17.062Z] {"timestamp":1776756555661,"level":"WARN","args":["Element with name \"gmp-place-price\" already defined."],"stack":null}
[2026-04-21T07:29:17.062Z] {"timestamp":1776756555661,"level":"WARN","args":["Element with name \"gmp-place-accessible-entrance-icon\" already defined."],"stack":null}
[2026-04-21T07:29:17.062Z] {"timestamp":1776756555661,"level":"WARN","args":["Element with name \"gmp-place-open-now-status\" already defined."],"stack":null}
[2026-04-21T07:29:17.062Z] {"timestamp":1776756555661,"level":"WARN","args":["Element with name \"gmp-place-attribution\" already defined."],"stack":null}
[2026-04-21T07:29:17.062Z] {"timestamp":1776756555661,"level":"WARN","args":["Element with name \"gmp-place-website\" already defined."],"stack":null}
[2026-04-21T07:29:17.062Z] {"timestamp":1776756555661,"level":"WARN","args":["Element with name \"gmp-place-phone-number\" already defined."],"stack":null}
[2026-04-21T07:29:17.062Z] {"timestamp":1776756555661,"level":"WARN","args":["Element with name \"gmp-place-opening-hours\" already defined."],"stack":null}
[2026-04-21T07:29:17.062Z] {"timestamp":1776756555661,"level":"WARN","args":["Element with name \"gmp-place-summary\" already defined."],"stack":null}
[2026-04-21T07:29:17.062Z] {"timestamp":1776756555661,"level":"WARN","args":["Element with name \"gmp-place-type-specific-highlights\" already defined."],"stack":null}
[2026-04-21T07:29:17.062Z] {"timestamp":1776756555661,"level":"WARN","args":["Element with name \"gmp-place-review-summary\" already defined."],"stack":null}
[2026-04-21T07:29:17.062Z] {"timestamp":1776756555662,"level":"WARN","args":["Element with name \"gmp-place-reviews\" already defined."],"stack":null}
[2026-04-21T07:29:17.062Z] {"timestamp":1776756555662,"level":"WARN","args":["Element with name \"gmp-place-plus-code\" already defined."],"stack":null}
[2026-04-21T07:29:17.062Z] {"timestamp":1776756555662,"level":"WARN","args":["Element with name \"gmp-place-feature-list\" already defined."],"stack":null}
[2026-04-21T07:29:17.062Z] {"timestamp":1776756555662,"level":"WARN","args":["Element with name \"gmp-place-details\" already defined."],"stack":null}
[2026-04-21T07:29:17.062Z] {"timestamp":1776756555662,"level":"WARN","args":["Element with name \"gmp-internal-place-carousel\" already defined."],"stack":null}
[2026-04-21T07:29:17.062Z] {"timestamp":1776756555662,"level":"WARN","args":["Element with name \"gmp-internal-place-search-list-item\" already defined."],"stack":null}
[2026-04-21T07:29:17.062Z] {"timestamp":1776756555662,"level":"WARN","args":["Element with name \"gmp-place-nearby-search-request\" already defined."],"stack":null}
[2026-04-21T07:29:17.062Z] {"timestamp":1776756555662,"level":"WARN","args":["Element with name \"gmp-place-text-search-request\" already defined."],"stack":null}
[2026-04-21T07:29:17.062Z] {"timestamp":1776756555662,"level":"WARN","args":["Element with name \"gmp-place-search\" already defined."],"stack":null}
[2026-04-21T07:29:17.062Z] {"timestamp":1776756555665,"level":"WARN","args":["Element with name \"gmp-pin\" already defined."],"stack":null}
[2026-04-21T07:29:17.062Z] {"timestamp":1776756555666,"level":"WARN","args":["Element with name \"gmp-internal-use-am\" already defined."],"stack":null}
[2026-04-21T07:29:17.062Z] {"timestamp":1776756555666,"level":"WARN","args":["Element with name \"gmp-map\" already defined."],"stack":null}
[2026-04-21T07:29:17.062Z] {"timestamp":1776756555666,"level":"WARN","args":["Element with name \"gmp-advanced-marker\" already defined."],"stack":null}
[2026-04-21T07:29:17.062Z] {"timestamp":1776756555666,"level":"WARN","args":["Element with name \"gmp-place-autocomplete\" already defined."],"stack":null}
[2026-04-21T07:29:17.062Z] {"timestamp":1776756555666,"level":"WARN","args":["Element with name \"gmp-basic-place-autocomplete\" already defined."],"stack":null}
[2026-04-21T07:29:17.062Z] {"timestamp":1776756556112,"level":"WARN","args":["Element with name \"gmp-internal-camera-control\" already defined."],"stack":null}
[2026-04-21T07:29:27.303Z] {"timestamp":1776756566867,"level":"WARN","args":["Element with name \"gmp-internal-loading-text\" already defined."],"stack":null}
[2026-04-21T07:29:27.303Z] {"timestamp":1776756566867,"level":"WARN","args":["Element with name \"gmp-internal-request-error-text\" already defined."],"stack":null}
[2026-04-21T07:29:27.303Z] {"timestamp":1776756566868,"level":"WARN","args":["Element with name \"gmp-internal-back-button\" already defined."],"stack":null}
[2026-04-21T07:29:27.303Z] {"timestamp":1776756566868,"level":"WARN","args":["Element with name \"gmp-internal-dialog\" already defined."],"stack":null}
[2026-04-21T07:29:27.303Z] {"timestamp":1776756566868,"level":"WARN","args":["Element with name \"gmp-internal-disclosure\" already defined."],"stack":null}
[2026-04-21T07:29:27.303Z] {"timestamp":1776756566868,"level":"WARN","args":["Element with name \"gmp-internal-disclosure-section\" already defined."],"stack":null}
[2026-04-21T07:29:27.303Z] {"timestamp":1776756566868,"level":"WARN","args":["Element with name \"gmp-internal-attribution\" already defined."],"stack":null}
[2026-04-21T07:29:27.303Z] {"timestamp":1776756566868,"level":"WARN","args":["Element with name \"gmp-internal-element-support-verification\" already defined."],"stack":null}
[2026-04-21T07:29:27.303Z] {"timestamp":1776756566868,"level":"ERROR","args":["You have included the Google Maps JavaScript API multiple times on this page. This may cause unexpected errors."],"stack":"Error\n    at console.<computed> [as error] (https://3000-iwi3fzzw46c2utma7n3fo-5ac9c38d.sg1.manus.computer/__manus__/debug-collector.js:391:37)\n    at Cea (https://forge.manus.ai/v1/maps/proxy/maps/api/js?key=cvZzDbPkXuMKHHX2jcgL3z&v=weekly&libraries=marker,places,geocoding,geometry:2168:273)\n    at Kea (https://forge.manus.ai/v1/maps/proxy/maps/api/js?key=cvZzDbPkXuMKHHX2jcgL3z&v=weekly&libraries=marker,places,geocoding,geometry:2161:81)\n    at google.maps.Load (https://forge.manus.ai/v1/maps/proxy/maps/api/js?key=cvZzDbPkXuMKHHX2jcgL3z&v=weekly&libraries=marker,places,geocoding,geometry:14:5)\n    at https://forge.manus.ai/v1/maps/proxy/maps/api/js?key=cvZzDbPkXuMKHHX2jcgL3z&v=weekly&libraries=marker,places,geocoding,geometry:2467:267\n    at https://forge.manus.ai/v1/maps/proxy/maps/api/js?key=cvZzDbPkXuMKHHX2jcgL3z&v=weekly&libraries=marker,places,geocoding,geometry:2467:280"}
[2026-04-21T07:29:27.303Z] {"timestamp":1776756566869,"level":"WARN","args":["Google Maps JavaScript API has been loaded directly without loading=async. This can result in suboptimal performance. For best-practice loading patterns please see https://goo.gle/js-api-loading"],"stack":null}
[2026-04-21T07:29:27.303Z] {"timestamp":1776756566869,"level":"WARN","args":["Element with name \"gmp-internal-rating\" already defined."],"stack":null}
[2026-04-21T07:29:27.303Z] {"timestamp":1776756566869,"level":"WARN","args":["Element with name \"gmp-place-all-content\" already defined."],"stack":null}
[2026-04-21T07:29:27.303Z] {"timestamp":1776756566870,"level":"WARN","args":["Element with name \"gmp-internal-link-button\" already defined."],"stack":null}
[2026-04-21T07:29:27.303Z] {"timestamp":1776756566870,"level":"WARN","args":["Element with name \"gmp-internal-menu\" already defined."],"stack":null}
[2026-04-21T07:29:27.303Z] {"timestamp":1776756566870,"level":"WARN","args":["Element with name \"gmp-internal-place-opening-hours\" already defined."],"stack":null}
[2026-04-21T07:29:27.303Z] {"timestamp":1776756566870,"level":"WARN","args":["Element with name \"gmp-internal-place-review\" already defined."],"stack":null}
[2026-04-21T07:29:27.303Z] {"timestamp":1776756566870,"level":"WARN","args":["Element with name \"gmp-internal-tabbed-layout\" already defined."],"stack":null}
[2026-04-21T07:29:27.303Z] {"timestamp":1776756566870,"level":"WARN","args":["Element with name \"gmp-internal-lightbox\" already defined."],"stack":null}
[2026-04-21T07:29:27.303Z] {"timestamp":1776756566870,"level":"WARN","args":["Element with name \"gmp-internal-collage\" already defined."],"stack":null}
[2026-04-21T07:29:27.303Z] {"timestamp":1776756566870,"level":"WARN","args":["Element with name \"gmp-internal-place-rating-summary\" already defined."],"stack":null}
[2026-04-21T07:29:27.303Z] {"timestamp":1776756566870,"level":"WARN","args":["Element with name \"gmp-place-content-config\" already defined."],"stack":null}
[2026-04-21T07:29:27.303Z] {"timestamp":1776756566870,"level":"WARN","args":["Element with name \"gmp-place-standard-content\" already defined."],"stack":null}
[2026-04-21T07:29:27.303Z] {"timestamp":1776756566870,"level":"WARN","args":["Element with name \"gmp-internal-place-basic-info\" already defined."],"stack":null}
[2026-04-21T07:29:27.303Z] {"timestamp":1776756566870,"level":"WARN","args":["Element with name \"gmp-place-details-location-request\" already defined."],"stack":null}
[2026-04-21T07:29:27.303Z] {"timestamp":1776756566870,"level":"WARN","args":["Element with name \"gmp-place-details-place-request\" already defined."],"stack":null}
[2026-04-21T07:29:27.303Z] {"timestamp":1776756566871,"level":"WARN","args":["Element with name \"gmp-internal-circular-loader\" already defined."],"stack":null}
[2026-04-21T07:29:27.303Z] {"timestamp":1776756566871,"level":"WARN","args":["Element with name \"gmp-place-details-compact\" already defined."],"stack":null}
[2026-04-21T07:29:27.303Z] {"timestamp":1776756566871,"level":"WARN","args":["Element with name \"gmp-internal-use-place-details-compact\" already defined."],"stack":null}
[2026-04-21T07:29:27.303Z] {"timestamp":1776756566871,"level":"WARN","args":["Element with name \"gmp-place-media\" already defined."],"stack":null}
[2026-04-21T07:29:27.303Z] {"timestamp":1776756566871,"level":"WARN","args":["Element with name \"gmp-place-address\" already defined."],"stack":null}
[2026-04-21T07:29:27.303Z] {"timestamp":1776756566871,"level":"WARN","args":["Element with name \"gmp-place-rating\" already defined."],"stack":null}
[2026-04-21T07:29:27.303Z] {"timestamp":1776756566871,"level":"WARN","args":["Element with name \"gmp-place-type\" already defined."],"stack":null}
[2026-04-21T07:29:27.303Z] {"timestamp":1776756566871,"level":"WARN","args":["Element with name \"gmp-place-price\" already defined."],"stack":null}
[2026-04-21T07:29:27.303Z] {"timestamp":1776756566871,"level":"WARN","args":["Element with name \"gmp-place-accessible-entrance-icon\" already defined."],"stack":null}
[2026-04-21T07:29:27.303Z] {"timestamp":1776756566871,"level":"WARN","args":["Element with name \"gmp-place-open-now-status\" already defined."],"stack":null}
[2026-04-21T07:29:27.303Z] {"timestamp":1776756566871,"level":"WARN","args":["Element with name \"gmp-place-attribution\" already defined."],"stack":null}
[2026-04-21T07:29:27.303Z] {"timestamp":1776756566871,"level":"WARN","args":["Element with name \"gmp-place-website\" already defined."],"stack":null}
[2026-04-21T07:29:27.303Z] {"timestamp":1776756566871,"level":"WARN","args":["Element with name \"gmp-place-phone-number\" already defined."],"stack":null}
[2026-04-21T07:29:27.303Z] {"timestamp":1776756566871,"level":"WARN","args":["Element with name \"gmp-place-opening-hours\" already defined."],"stack":null}
[2026-04-21T07:29:27.303Z] {"timestamp":1776756566871,"level":"WARN","args":["Element with name \"gmp-place-summary\" already defined."],"stack":null}
[2026-04-21T07:29:27.303Z] {"timestamp":1776756566871,"level":"WARN","args":["Element with name \"gmp-place-type-specific-highlights\" already defined."],"stack":null}
[2026-04-21T07:29:27.303Z] {"timestamp":1776756566871,"level":"WARN","args":["Element with name \"gmp-place-review-summary\" already defined."],"stack":null}
[2026-04-21T07:29:27.303Z] {"timestamp":1776756566871,"level":"WARN","args":["Element with name \"gmp-place-reviews\" already defined."],"stack":null}
[2026-04-21T07:29:27.303Z] {"timestamp":1776756566871,"level":"WARN","args":["Element with name \"gmp-place-plus-code\" already defined."],"stack":null}
[2026-04-21T07:29:27.303Z] {"timestamp":1776756566871,"level":"WARN","args":["Element with name \"gmp-place-feature-list\" already defined."],"stack":null}
[2026-04-21T07:29:27.303Z] {"timestamp":1776756566871,"level":"WARN","args":["Element with name \"gmp-place-details\" already defined."],"stack":null}
[2026-04-21T07:29:27.303Z] {"timestamp":1776756566871,"level":"WARN","args":["Element with name \"gmp-internal-place-carousel\" already defined."],"stack":null}
[2026-04-21T07:29:27.303Z] {"timestamp":1776756566871,"level":"WARN","args":["Element with name \"gmp-internal-place-search-list-item\" already defined."],"stack":null}
[2026-04-21T07:29:27.303Z] {"timestamp":1776756566872,"level":"WARN","args":["Element with name \"gmp-place-nearby-search-request\" already defined."],"stack":null}
[2026-04-21T07:29:27.303Z] {"timestamp":1776756566872,"level":"WARN","args":["Element with name \"gmp-place-text-search-request\" already defined."],"stack":null}
[2026-04-21T07:29:27.303Z] {"timestamp":1776756566872,"level":"WARN","args":["Element with name \"gmp-place-search\" already defined."],"stack":null}
[2026-04-21T07:29:27.303Z] {"timestamp":1776756566878,"level":"WARN","args":["Element with name \"gmp-pin\" already defined."],"stack":null}
[2026-04-21T07:29:27.303Z] {"timestamp":1776756566880,"level":"WARN","args":["Element with name \"gmp-internal-use-am\" already defined."],"stack":null}
[2026-04-21T07:29:27.303Z] {"timestamp":1776756566881,"level":"WARN","args":["Element with name \"gmp-map\" already defined."],"stack":null}
[2026-04-21T07:29:27.303Z] {"timestamp":1776756566881,"level":"WARN","args":["Element with name \"gmp-advanced-marker\" already defined."],"stack":null}
[2026-04-21T07:29:27.303Z] {"timestamp":1776756566881,"level":"WARN","args":["Element with name \"gmp-place-autocomplete\" already defined."],"stack":null}
[2026-04-21T07:29:27.303Z] {"timestamp":1776756566882,"level":"WARN","args":["Element with name \"gmp-basic-place-autocomplete\" already defined."],"stack":null}
[2026-04-21T07:29:28.987Z] {"timestamp":1776756567369,"level":"WARN","args":["Element with name \"gmp-internal-camera-control\" already defined."],"stack":null}
[2026-04-21T07:34:02.987Z] {"timestamp":1776756842109,"level":"WARN","args":["google.maps.DirectionsService is deprecated as of February 25th, 2026. Please use google.maps.routes.Route.computeRoutes instead. At this time, google.maps.DirectionsService is not scheduled to be discontinued, but google.maps.routes.Route.computeRoutes is recommended over google.maps.DirectionsService.route. While google.maps.DirectionsService will continue to receive bug fixes for any major regressions, existing bugs in google.maps.DirectionsService will not be addressed. At least 12 months notice will be given before support is discontinued. Please see https://developers.google.com/maps/legacy for additional details and https://developers.google.com/maps/documentation/javascript/routes/routes-js-migration for the migration guide."],"stack":null}
[2026-04-21T07:34:02.987Z] {"timestamp":1776756842109,"level":"WARN","args":["google.maps.DirectionsRenderer is deprecated as of February 25th, 2026. At this time, google.maps.DirectionsRenderer is not scheduled to be discontinued. While google.maps.DirectionsRenderer will continue to receive bug fixes for any major regressions, existing bugs in google.maps.DirectionsRenderer will not be addressed. At least 12 months notice will be given before support is discontinued. Please see https://developers.google.com/maps/legacy for additional details and https://developers.google.com/maps/documentation/javascript/routes/routes-migrate-rendering for the migration guide."],"stack":null}
[2026-04-21T07:34:02.987Z] {"timestamp":1776756842675,"level":"INFO","args":["Directions request returned no results."],"stack":null}
[2026-04-21T07:34:04.994Z] {"timestamp":1776756843855,"level":"WARN","args":["google.maps.DirectionsService is deprecated as of February 25th, 2026. Please use google.maps.routes.Route.computeRoutes instead. At this time, google.maps.DirectionsService is not scheduled to be discontinued, but google.maps.routes.Route.computeRoutes is recommended over google.maps.DirectionsService.route. While google.maps.DirectionsService will continue to receive bug fixes for any major regressions, existing bugs in google.maps.DirectionsService will not be addressed. At least 12 months notice will be given before support is discontinued. Please see https://developers.google.com/maps/legacy for additional details and https://developers.google.com/maps/documentation/javascript/routes/routes-js-migration for the migration guide."],"stack":null}
[2026-04-21T07:34:04.994Z] {"timestamp":1776756843855,"level":"WARN","args":["google.maps.DirectionsRenderer is deprecated as of February 25th, 2026. At this time, google.maps.DirectionsRenderer is not scheduled to be discontinued. While google.maps.DirectionsRenderer will continue to receive bug fixes for any major regressions, existing bugs in google.maps.DirectionsRenderer will not be addressed. At least 12 months notice will be given before support is discontinued. Please see https://developers.google.com/maps/legacy for additional details and https://developers.google.com/maps/documentation/javascript/routes/routes-migrate-rendering for the migration guide."],"stack":null}
[2026-04-21T07:34:04.994Z] {"timestamp":1776756843968,"level":"INFO","args":["Directions request returned no results."],"stack":null}
[2026-04-21T07:34:07.126Z] {"timestamp":1776756845915,"level":"WARN","args":["Element with name \"gmp-internal-loading-text\" already defined."],"stack":null}
[2026-04-21T07:34:07.126Z] {"timestamp":1776756845916,"level":"WARN","args":["Element with name \"gmp-internal-request-error-text\" already defined."],"stack":null}
[2026-04-21T07:34:07.126Z] {"timestamp":1776756845917,"level":"WARN","args":["Element with name \"gmp-internal-back-button\" already defined."],"stack":null}
[2026-04-21T07:34:07.126Z] {"timestamp":1776756845917,"level":"WARN","args":["Element with name \"gmp-internal-dialog\" already defined."],"stack":null}
[2026-04-21T07:34:07.126Z] {"timestamp":1776756845917,"level":"WARN","args":["Element with name \"gmp-internal-disclosure\" already defined."],"stack":null}
[2026-04-21T07:34:07.126Z] {"timestamp":1776756845917,"level":"WARN","args":["Element with name \"gmp-internal-disclosure-section\" already defined."],"stack":null}
[2026-04-21T07:34:07.126Z] {"timestamp":1776756845917,"level":"WARN","args":["Element with name \"gmp-internal-attribution\" already defined."],"stack":null}
[2026-04-21T07:34:07.126Z] {"timestamp":1776756845917,"level":"WARN","args":["Element with name \"gmp-internal-element-support-verification\" already defined."],"stack":null}
[2026-04-21T07:34:07.126Z] {"timestamp":1776756845917,"level":"ERROR","args":["You have included the Google Maps JavaScript API multiple times on this page. This may cause unexpected errors."],"stack":"Error\n    at console.<computed> [as error] (https://3000-iwi3fzzw46c2utma7n3fo-5ac9c38d.sg1.manus.computer/__manus__/debug-collector.js:391:37)\n    at Cea (https://forge.manus.ai/v1/maps/proxy/maps/api/js?key=cvZzDbPkXuMKHHX2jcgL3z&v=weekly&libraries=marker,places,geocoding,geometry:2168:273)\n    at Kea (https://forge.manus.ai/v1/maps/proxy/maps/api/js?key=cvZzDbPkXuMKHHX2jcgL3z&v=weekly&libraries=marker,places,geocoding,geometry:2161:81)\n    at google.maps.Load (https://forge.manus.ai/v1/maps/proxy/maps/api/js?key=cvZzDbPkXuMKHHX2jcgL3z&v=weekly&libraries=marker,places,geocoding,geometry:14:5)\n    at https://forge.manus.ai/v1/maps/proxy/maps/api/js?key=cvZzDbPkXuMKHHX2jcgL3z&v=weekly&libraries=marker,places,geocoding,geometry:2467:267\n    at https://forge.manus.ai/v1/maps/proxy/maps/api/js?key=cvZzDbPkXuMKHHX2jcgL3z&v=weekly&libraries=marker,places,geocoding,geometry:2467:280"}
[2026-04-21T07:34:07.126Z] {"timestamp":1776756845918,"level":"WARN","args":["Google Maps JavaScript API has been loaded directly without loading=async. This can result in suboptimal performance. For best-practice loading patterns please see https://goo.gle/js-api-loading"],"stack":null}
[2026-04-21T07:34:07.126Z] {"timestamp":1776756845918,"level":"WARN","args":["Element with name \"gmp-internal-rating\" already defined."],"stack":null}
[2026-04-21T07:34:07.126Z] {"timestamp":1776756845919,"level":"WARN","args":["Element with name \"gmp-place-all-content\" already defined."],"stack":null}
[2026-04-21T07:34:07.126Z] {"timestamp":1776756845919,"level":"WARN","args":["Element with name \"gmp-internal-link-button\" already defined."],"stack":null}
[2026-04-21T07:34:07.126Z] {"timestamp":1776756845919,"level":"WARN","args":["Element with name \"gmp-internal-menu\" already defined."],"stack":null}
[2026-04-21T07:34:07.126Z] {"timestamp":1776756845919,"level":"WARN","args":["Element with name \"gmp-internal-place-opening-hours\" already defined."],"stack":null}
[2026-04-21T07:34:07.126Z] {"timestamp":1776756845919,"level":"WARN","args":["Element with name \"gmp-internal-place-review\" already defined."],"stack":null}
[2026-04-21T07:34:07.126Z] {"timestamp":1776756845919,"level":"WARN","args":["Element with name \"gmp-internal-tabbed-layout\" already defined."],"stack":null}
[2026-04-21T07:34:07.126Z] {"timestamp":1776756845919,"level":"WARN","args":["Element with name \"gmp-internal-lightbox\" already defined."],"stack":null}
[2026-04-21T07:34:07.126Z] {"timestamp":1776756845919,"level":"WARN","args":["Element with name \"gmp-internal-collage\" already defined."],"stack":null}
[2026-04-21T07:34:07.126Z] {"timestamp":1776756845919,"level":"WARN","args":["Element with name \"gmp-internal-place-rating-summary\" already defined."],"stack":null}
[2026-04-21T07:34:07.126Z] {"timestamp":1776756845919,"level":"WARN","args":["Element with name \"gmp-place-content-config\" already defined."],"stack":null}
[2026-04-21T07:34:07.126Z] {"timestamp":1776756845919,"level":"WARN","args":["Element with name \"gmp-place-standard-content\" already defined."],"stack":null}
[2026-04-21T07:34:07.126Z] {"timestamp":1776756845919,"level":"WARN","args":["Element with name \"gmp-internal-place-basic-info\" already defined."],"stack":null}
[2026-04-21T07:34:07.126Z] {"timestamp":1776756845919,"level":"WARN","args":["Element with name \"gmp-place-details-location-request\" already defined."],"stack":null}
[2026-04-21T07:34:07.126Z] {"timestamp":1776756845919,"level":"WARN","args":["Element with name \"gmp-place-details-place-request\" already defined."],"stack":null}
[2026-04-21T07:34:07.126Z] {"timestamp":1776756845920,"level":"WARN","args":["Element with name \"gmp-internal-circular-loader\" already defined."],"stack":null}
[2026-04-21T07:34:07.126Z] {"timestamp":1776756845920,"level":"WARN","args":["Element with name \"gmp-place-details-compact\" already defined."],"stack":null}
[2026-04-21T07:34:07.126Z] {"timestamp":1776756845920,"level":"WARN","args":["Element with name \"gmp-internal-use-place-details-compact\" already defined."],"stack":null}
[2026-04-21T07:34:07.126Z] {"timestamp":1776756845920,"level":"WARN","args":["Element with name \"gmp-place-media\" already defined."],"stack":null}
[2026-04-21T07:34:07.126Z] {"timestamp":1776756845920,"level":"WARN","args":["Element with name \"gmp-place-address\" already defined."],"stack":null}
[2026-04-21T07:34:07.126Z] {"timestamp":1776756845920,"level":"WARN","args":["Element with name \"gmp-place-rating\" already defined."],"stack":null}
[2026-04-21T07:34:07.126Z] {"timestamp":1776756845920,"level":"WARN","args":["Element with name \"gmp-place-type\" already defined."],"stack":null}
[2026-04-21T07:34:07.126Z] {"timestamp":1776756845920,"level":"WARN","args":["Element with name \"gmp-place-price\" already defined."],"stack":null}
[2026-04-21T07:34:07.126Z] {"timestamp":1776756845920,"level":"WARN","args":["Element with name \"gmp-place-accessible-entrance-icon\" already defined."],"stack":null}
[2026-04-21T07:34:07.126Z] {"timestamp":1776756845920,"level":"WARN","args":["Element with name \"gmp-place-open-now-status\" already defined."],"stack":null}
[2026-04-21T07:34:07.126Z] {"timestamp":1776756845920,"level":"WARN","args":["Element with name \"gmp-place-attribution\" already defined."],"stack":null}
[2026-04-21T07:34:07.126Z] {"timestamp":1776756845920,"level":"WARN","args":["Element with name \"gmp-place-website\" already defined."],"stack":null}
[2026-04-21T07:34:07.126Z] {"timestamp":1776756845920,"level":"WARN","args":["Element with name \"gmp-place-phone-number\" already defined."],"stack":null}
[2026-04-21T07:34:07.126Z] {"timestamp":1776756845920,"level":"WARN","args":["Element with name \"gmp-place-opening-hours\" already defined."],"stack":null}
[2026-04-21T07:34:07.126Z] {"timestamp":1776756845920,"level":"WARN","args":["Element with name \"gmp-place-summary\" already defined."],"stack":null}
[2026-04-21T07:34:07.126Z] {"timestamp":1776756845920,"level":"WARN","args":["Element with name \"gmp-place-type-specific-highlights\" already defined."],"stack":null}
[2026-04-21T07:34:07.126Z] {"timestamp":1776756845920,"level":"WARN","args":["Element with name \"gmp-place-review-summary\" already defined."],"stack":null}
[2026-04-21T07:34:07.126Z] {"timestamp":1776756845920,"level":"WARN","args":["Element with name \"gmp-place-reviews\" already defined."],"stack":null}
[2026-04-21T07:34:07.126Z] {"timestamp":1776756845920,"level":"WARN","args":["Element with name \"gmp-place-plus-code\" already defined."],"stack":null}
[2026-04-21T07:34:07.126Z] {"timestamp":1776756845920,"level":"WARN","args":["Element with name \"gmp-place-feature-list\" already defined."],"stack":null}
[2026-04-21T07:34:07.126Z] {"timestamp":1776756845920,"level":"WARN","args":["Element with name \"gmp-place-details\" already defined."],"stack":null}
[2026-04-21T07:34:07.126Z] {"timestamp":1776756845920,"level":"WARN","args":["Element with name \"gmp-internal-place-carousel\" already defined."],"stack":null}
[2026-04-21T07:34:07.126Z] {"timestamp":1776756845920,"level":"WARN","args":["Element with name \"gmp-internal-place-search-list-item\" already defined."],"stack":null}
[2026-04-21T07:34:07.126Z] {"timestamp":1776756845920,"level":"WARN","args":["Element with name \"gmp-place-nearby-search-request\" already defined."],"stack":null}
[2026-04-21T07:34:07.126Z] {"timestamp":1776756845921,"level":"WARN","args":["Element with name \"gmp-place-text-search-request\" already defined."],"stack":null}
[2026-04-21T07:34:07.126Z] {"timestamp":1776756845921,"level":"WARN","args":["Element with name \"gmp-place-search\" already defined."],"stack":null}
[2026-04-21T07:34:07.126Z] {"timestamp":1776756845925,"level":"WARN","args":["Element with name \"gmp-pin\" already defined."],"stack":null}
[2026-04-21T07:34:07.126Z] {"timestamp":1776756845927,"level":"WARN","args":["Element with name \"gmp-internal-use-am\" already defined."],"stack":null}
[2026-04-21T07:34:07.126Z] {"timestamp":1776756845927,"level":"WARN","args":["Element with name \"gmp-map\" already defined."],"stack":null}
[2026-04-21T07:34:07.126Z] {"timestamp":1776756845927,"level":"WARN","args":["Element with name \"gmp-advanced-marker\" already defined."],"stack":null}
[2026-04-21T07:34:07.126Z] {"timestamp":1776756845927,"level":"WARN","args":["Element with name \"gmp-place-autocomplete\" already defined."],"stack":null}
[2026-04-21T07:34:07.126Z] {"timestamp":1776756845927,"level":"WARN","args":["Element with name \"gmp-basic-place-autocomplete\" already defined."],"stack":null}
[2026-04-21T07:34:07.126Z] {"timestamp":1776756845933,"level":"WARN","args":["As of February 21st, 2024, google.maps.Marker is deprecated. Please use google.maps.marker.AdvancedMarkerElement instead. At this time, google.maps.Marker is not scheduled to be discontinued, but google.maps.marker.AdvancedMarkerElement is recommended over google.maps.Marker. While google.maps.Marker will continue to receive bug fixes for any major regressions, existing bugs in google.maps.Marker will not be addressed. At least 12 months notice will be given before support is discontinued. Please see https://developers.google.com/maps/deprecations for additional details and https://developers.google.com/maps/documentation/javascript/advanced-markers/migration for the migration guide."],"stack":null}
[2026-04-21T07:34:07.126Z] {"timestamp":1776756846454,"level":"ERROR","args":["In HTML, %s cannot be a descendant of <%s>.\nThis will cause a hydration error.%s","<button>","button","\n\n  ...\n    <TooltipProvider data-loc=\"client/src...\" data-slot=\"tooltip-pr...\" delayDuration={0}>\n      <TooltipProviderProvider scope={undefined} isOpenDelayedRef={{current:true}} delayDuration={0} onOpen={function} ...>\n        <Toaster>\n        <Router data-loc=\"client/src...\">\n          <Switch data-loc=\"client/src...\">\n            <Route data-loc=\"client/src...\" path=\"/map\" match={[...]}>\n              <OnboardingGuard data-loc=\"client/src...\">\n                <Map data-loc=\"client/src...\">\n                  <div data-loc=\"client/src...\" className=\"min-h-scre...\">\n                    <div>\n                    <div data-loc=\"client/src...\" className=\"max-w-6xl ...\">\n                      <div data-loc=\"client/src...\" className=\"grid grid-...\">\n                        <div>\n                        <div data-loc=\"client/src...\" className=\"lg:col-span-1\">\n                          <div>\n                          <div data-loc=\"client/src...\" className=\"bg-white r...\">\n                            <div>\n                            <div data-loc=\"client/src...\" className=\"divide-y m...\">\n>                             <button\n>                               data-loc=\"client/src/pages/Map.tsx:282\"\n>                               onClick={function onClick}\n>                               className={\"w-full p-4 text-left transition-colors hover:bg-blue-50 \"}\n>                             >\n                                <div>\n                                <p>\n                                <div data-loc=\"client/src...\" className=\"flex items...\">\n                                  <span>\n>                                 <button\n>                                   data-loc=\"client/src/pages/Map.tsx:302\"\n>                                   onClick={function onClick}\n>                                   className=\"text-blue-600 hover:text-blue-700 font-medium flex items-center gap-1\"\n>                                 >\n"],"stack":"Error\n    at console.<computed> [as error] (https://3000-iwi3fzzw46c2utma7n3fo-5ac9c38d.sg1.manus.computer/__manus__/debug-collector.js:391:37)\n    at validateDOMNesting (https://3000-iwi3fzzw46c2utma7n3fo-5ac9c38d.sg1.manus.computer/@fs/home/ubuntu/crisispath/node_modules/.vite/deps/react-dom_client.js?v=ec4d0a3a:2156:22)\n    at completeWork (https://3000-iwi3fzzw46c2utma7n3fo-5ac9c38d.sg1.manus.computer/@fs/home/ubuntu/crisispath/node_modules/.vite/deps/react-dom_client.js?v=ec4d0a3a:9002:17)\n    at runWithFiberInDEV (https://3000-iwi3fzzw46c2utma7n3fo-5ac9c38d.sg1.manus.computer/@fs/home/ubuntu/crisispath/node_modules/.vite/deps/react-dom_client.js?v=ec4d0a3a:997:72)\n    at completeUnitOfWork (https://3000-iwi3fzzw46c2utma7n3fo-5ac9c38d.sg1.manus.computer/@fs/home/ubuntu/crisispath/node_modules/.vite/deps/react-dom_client.js?v=ec4d0a3a:12669:22)\n    at performUnitOfWork (https://3000-iwi3fzzw46c2utma7n3fo-5ac9c38d.sg1.manus.computer/@fs/home/ubuntu/crisispath/node_modules/.vite/deps/react-dom_client.js?v=ec4d0a3a:12575:29)\n    at workLoopSync (https://3000-iwi3fzzw46c2utma7n3fo-5ac9c38d.sg1.manus.computer/@fs/home/ubuntu/crisispath/node_modules/.vite/deps/react-dom_client.js?v=ec4d0a3a:12424:43)\n    at renderRootSync (https://3000-iwi3fzzw46c2utma7n3fo-5ac9c38d.sg1.manus.computer/@fs/home/ubuntu/crisispath/node_modules/.vite/deps/react-dom_client.js?v=ec4d0a3a:12408:13)\n    at performWorkOnRoot (https://3000-iwi3fzzw46c2utma7n3fo-5ac9c38d.sg1.manus.computer/@fs/home/ubuntu/crisispath/node_modules/.vite/deps/react-dom_client.js?v=ec4d0a3a:11766:189)\n    at performSyncWorkOnRoot (https://3000-iwi3fzzw46c2utma7n3fo-5ac9c38d.sg1.manus.computer/@fs/home/ubuntu/crisispath/node_modules/.vite/deps/react-dom_client.js?v=ec4d0a3a:13517:9)"}
[2026-04-21T07:34:07.126Z] {"timestamp":1776756846456,"level":"ERROR","args":["<%s> cannot contain a nested %s.\nSee this log for the ancestor stack trace.","button","<button>"],"stack":"Error\n    at console.<computed> [as error] (https://3000-iwi3fzzw46c2utma7n3fo-5ac9c38d.sg1.manus.computer/__manus__/debug-collector.js:391:37)\n    at https://3000-iwi3fzzw46c2utma7n3fo-5ac9c38d.sg1.manus.computer/@fs/home/ubuntu/crisispath/node_modules/.vite/deps/react-dom_client.js?v=ec4d0a3a:2163:19\n    at runWithFiberInDEV (https://3000-iwi3fzzw46c2utma7n3fo-5ac9c38d.sg1.manus.computer/@fs/home/ubuntu/crisispath/node_modules/.vite/deps/react-dom_client.js?v=ec4d0a3a:997:72)\n    at validateDOMNesting (https://3000-iwi3fzzw46c2utma7n3fo-5ac9c38d.sg1.manus.computer/@fs/home/ubuntu/crisispath/node_modules/.vite/deps/react-dom_client.js?v=ec4d0a3a:2162:178)\n    at completeWork (https://3000-iwi3fzzw46c2utma7n3fo-5ac9c38d.sg1.manus.computer/@fs/home/ubuntu/crisispath/node_modules/.vite/deps/react-dom_client.js?v=ec4d0a3a:9002:17)\n    at runWithFiberInDEV (https://3000-iwi3fzzw46c2utma7n3fo-5ac9c38d.sg1.manus.computer/@fs/home/ubuntu/crisispath/node_modules/.vite/deps/react-dom_client.js?v=ec4d0a3a:997:72)\n    at completeUnitOfWork (https://3000-iwi3fzzw46c2utma7n3fo-5ac9c38d.sg1.manus.computer/@fs/home/ubuntu/crisispath/node_modules/.vite/deps/react-dom_client.js?v=ec4d0a3a:12669:22)\n    at performUnitOfWork (https://3000-iwi3fzzw46c2utma7n3fo-5ac9c38d.sg1.manus.computer/@fs/home/ubuntu/crisispath/node_modules/.vite/deps/react-dom_client.js?v=ec4d0a3a:12575:29)\n    at workLoopSync (https://3000-iwi3fzzw46c2utma7n3fo-5ac9c38d.sg1.manus.computer/@fs/home/ubuntu/crisispath/node_modules/.vite/deps/react-dom_client.js?v=ec4d0a3a:12424:43)\n    at renderRootSync (https://3000-iwi3fzzw46c2utma7n3fo-5ac9c38d.sg1.manus.computer/@fs/home/ubuntu/crisispath/node_modules/.vite/deps/react-dom_client.js?v=ec4d0a3a:12408:13)"}
[2026-04-21T07:34:07.126Z] {"timestamp":1776756846878,"level":"WARN","args":["Element with name \"gmp-internal-camera-control\" already defined."],"stack":null}
[2026-04-21T07:35:02.599Z] {"timestamp":1776756900938,"level":"DEBUG","args":["[Manus] Debug collector initialized (no rrweb, UI events only)"],"stack":null}
[2026-04-21T07:35:02.599Z] {"timestamp":1776756901185,"level":"DEBUG","args":["[vite] connected."],"stack":null}
[2026-04-21T07:35:06.856Z] {"timestamp":1776756905117,"level":"DEBUG","args":["[Manus] Debug collector initialized (no rrweb, UI events only)"],"stack":null}
[2026-04-21T07:35:06.856Z] {"timestamp":1776756905365,"level":"DEBUG","args":["[vite] connected."],"stack":null}
[2026-04-21T07:35:06.856Z] {"timestamp":1776756905868,"level":"WARN","args":["Google Maps JavaScript API has been loaded directly without loading=async. This can result in suboptimal performance. For best-practice loading patterns please see https://goo.gle/js-api-loading"],"stack":null}
[2026-04-21T07:37:06.301Z] {"timestamp":1776757024631,"level":"DEBUG","args":["[Manus] Debug collector initialized (no rrweb, UI events only)"],"stack":null}
[2026-04-21T07:37:06.301Z] {"timestamp":1776757024889,"level":"DEBUG","args":["[vite] connected."],"stack":null}
[2026-04-21T07:37:06.301Z] {"timestamp":1776757025276,"level":"WARN","args":["Google Maps JavaScript API has been loaded directly without loading=async. This can result in suboptimal performance. For best-practice loading patterns please see https://goo.gle/js-api-loading"],"stack":null}
[2026-04-21T07:37:09.591Z] {"timestamp":1776757027127,"level":"DEBUG","args":["[Manus] Debug collector initialized (no rrweb, UI events only)"],"stack":null}
[2026-04-21T07:37:09.591Z] {"timestamp":1776757027377,"level":"DEBUG","args":["[vite] connected."],"stack":null}
[2026-04-21T07:37:09.591Z] {"timestamp":1776757027760,"level":"WARN","args":["Google Maps JavaScript API has been loaded directly without loading=async. This can result in suboptimal performance. For best-practice loading patterns please see https://goo.gle/js-api-loading"],"stack":null}
[2026-04-21T07:40:34.154Z] {"timestamp":1776757232487,"level":"DEBUG","args":["[Manus] Debug collector initialized (no rrweb, UI events only)"],"stack":null}
[2026-04-21T07:40:34.154Z] {"timestamp":1776757232742,"level":"DEBUG","args":["[vite] connected."],"stack":null}
[2026-04-21T07:40:34.154Z] {"timestamp":1776757233378,"level":"WARN","args":["Google Maps JavaScript API has been loaded directly without loading=async. This can result in suboptimal performance. For best-practice loading patterns please see https://goo.gle/js-api-loading"],"stack":null}
[2026-04-21T07:40:42.605Z] {"timestamp":1776757240805,"level":"DEBUG","args":["[Manus] Debug collector initialized (no rrweb, UI events only)"],"stack":null}
[2026-04-21T07:40:42.605Z] {"timestamp":1776757241054,"level":"DEBUG","args":["[vite] connected."],"stack":null}
[2026-04-21T07:40:42.605Z] {"timestamp":1776757241555,"level":"WARN","args":["Google Maps JavaScript API has been loaded directly without loading=async. This can result in suboptimal performance. For best-practice loading patterns please see https://goo.gle/js-api-loading"],"stack":null}
[2026-04-21T07:40:57.880Z] {"timestamp":1776757256215,"level":"DEBUG","args":["[Manus] Debug collector initialized (no rrweb, UI events only)"],"stack":null}
[2026-04-21T07:40:57.880Z] {"timestamp":1776757256488,"level":"DEBUG","args":["[vite] connected."],"stack":null}
[2026-04-21T07:40:57.880Z] {"timestamp":1776757256976,"level":"WARN","args":["Google Maps JavaScript API has been loaded directly without loading=async. This can result in suboptimal performance. For best-practice loading patterns please see https://goo.gle/js-api-loading"],"stack":null}
[2026-04-21T07:41:03.595Z] {"timestamp":1776757261545,"level":"DEBUG","args":["[Manus] Debug collector initialized (no rrweb, UI events only)"],"stack":null}
[2026-04-21T07:41:03.595Z] {"timestamp":1776757261796,"level":"DEBUG","args":["[vite] connected."],"stack":null}
[2026-04-21T07:41:03.595Z] {"timestamp":1776757262154,"level":"WARN","args":["Google Maps JavaScript API has been loaded directly without loading=async. This can result in suboptimal performance. For best-practice loading patterns please see https://goo.gle/js-api-loading"],"stack":null}
[2026-04-21T07:41:18.610Z] {"timestamp":1776757276209,"level":"DEBUG","args":["[Manus] Debug collector initialized (no rrweb, UI events only)"],"stack":null}
[2026-04-21T07:41:18.610Z] {"timestamp":1776757276481,"level":"DEBUG","args":["[vite] connected."],"stack":null}
[2026-04-21T07:41:18.610Z] {"timestamp":1776757276833,"level":"WARN","args":["Google Maps JavaScript API has been loaded directly without loading=async. This can result in suboptimal performance. For best-practice loading patterns please see https://goo.gle/js-api-loading"],"stack":null}
[2026-04-21T07:41:18.610Z] {"timestamp":1776757278028,"level":"DEBUG","args":["[vite]","hot updated: /src/pages/Home.tsx"],"stack":null}
[2026-04-21T07:41:18.610Z] {"timestamp":1776757278028,"level":"DEBUG","args":["[vite]","hot updated: /src/index.css"],"stack":null}
[2026-04-21T07:41:26.598Z] {"timestamp":1776757284787,"level":"DEBUG","args":["[Manus] Debug collector initialized (no rrweb, UI events only)"],"stack":null}
[2026-04-21T07:41:26.598Z] {"timestamp":1776757285042,"level":"DEBUG","args":["[vite] connected."],"stack":null}
[2026-04-21T07:41:26.598Z] {"timestamp":1776757285457,"level":"WARN","args":["Google Maps JavaScript API has been loaded directly without loading=async. This can result in suboptimal performance. For best-practice loading patterns please see https://goo.gle/js-api-loading"],"stack":null}
[2026-04-21T07:41:30.607Z] {"timestamp":1776757290322,"level":"DEBUG","args":["[vite]","hot updated: /src/pages/Home.tsx"],"stack":null}
[2026-04-21T07:41:30.607Z] {"timestamp":1776757290322,"level":"DEBUG","args":["[vite]","hot updated: /src/index.css"],"stack":null}
[2026-04-21T07:41:36.591Z] {"timestamp":1776757294056,"level":"DEBUG","args":["[Manus] Debug collector initialized (no rrweb, UI events only)"],"stack":null}
[2026-04-21T07:41:36.591Z] {"timestamp":1776757294306,"level":"DEBUG","args":["[vite] connected."],"stack":null}
[2026-04-21T07:41:36.591Z] {"timestamp":1776757294686,"level":"WARN","args":["Google Maps JavaScript API has been loaded directly without loading=async. This can result in suboptimal performance. For best-practice loading patterns please see https://goo.gle/js-api-loading"],"stack":null}
[2026-04-21T07:41:44.598Z] {"timestamp":1776757303463,"level":"DEBUG","args":["[vite]","hot updated: /src/pages/EmergencyContacts.tsx"],"stack":null}
[2026-04-21T07:41:44.598Z] {"timestamp":1776757303463,"level":"DEBUG","args":["[vite]","hot updated: /src/index.css"],"stack":null}
[2026-04-21T07:41:50.599Z] {"timestamp":1776757308913,"level":"DEBUG","args":["[Manus] Debug collector initialized (no rrweb, UI events only)"],"stack":null}
[2026-04-21T07:41:50.599Z] {"timestamp":1776757309183,"level":"DEBUG","args":["[vite] connected."],"stack":null}
[2026-04-21T07:41:50.599Z] {"timestamp":1776757309544,"level":"WARN","args":["Google Maps JavaScript API has been loaded directly without loading=async. This can result in suboptimal performance. For best-practice loading patterns please see https://goo.gle/js-api-loading"],"stack":null}
[2026-04-21T07:41:54.591Z] {"timestamp":1776757314619,"level":"DEBUG","args":["[vite]","hot updated: /src/pages/EmergencyContacts.tsx"],"stack":null}
[2026-04-21T07:41:54.591Z] {"timestamp":1776757314619,"level":"DEBUG","args":["[vite]","hot updated: /src/index.css"],"stack":null}
[2026-04-21T07:41:59.598Z] {"timestamp":1776757317367,"level":"DEBUG","args":["[Manus] Debug collector initialized (no rrweb, UI events only)"],"stack":null}
[2026-04-21T07:41:59.598Z] {"timestamp":1776757317617,"level":"DEBUG","args":["[vite] connected."],"stack":null}
[2026-04-21T07:41:59.598Z] {"timestamp":1776757318047,"level":"WARN","args":["Google Maps JavaScript API has been loaded directly without loading=async. This can result in suboptimal performance. For best-practice loading patterns please see https://goo.gle/js-api-loading"],"stack":null}
[2026-04-21T07:42:02.596Z] {"timestamp":1776757320309,"level":"DEBUG","args":["[Manus] Debug collector initialized (no rrweb, UI events only)"],"stack":null}
[2026-04-21T07:42:02.596Z] {"timestamp":1776757320569,"level":"DEBUG","args":["[vite] connected."],"stack":null}
[2026-04-21T07:42:02.596Z] {"timestamp":1776757321040,"level":"WARN","args":["Google Maps JavaScript API has been loaded directly without loading=async. This can result in suboptimal performance. For best-practice loading patterns please see https://goo.gle/js-api-loading"],"stack":null}
[2026-04-21T07:42:22.594Z] {"timestamp":1776757341096,"level":"DEBUG","args":["[vite]","invalidate /src/contexts/I18nContext.tsx: Could not Fast Refresh (\"useI18n\" export is incompatible). Learn more at https://github.com/vitejs/vite-plugin-react/tree/main/packages/plugin-react#consistent-components-exports"],"stack":null}
[2026-04-21T07:42:22.594Z] {"timestamp":1776757341096,"level":"DEBUG","args":["[vite]","hot updated: /src/contexts/I18nContext.tsx"],"stack":null}
[2026-04-21T07:42:22.594Z] {"timestamp":1776757341096,"level":"DEBUG","args":["[vite]","hot updated: /src/pages/Settings.tsx"],"stack":null}
[2026-04-21T07:42:22.594Z] {"timestamp":1776757341096,"level":"DEBUG","args":["[vite]","hot updated: /src/pages/Onboarding.tsx"],"stack":null}
[2026-04-21T07:42:22.594Z] {"timestamp":1776757341096,"level":"DEBUG","args":["[vite]","hot updated: /src/pages/Home.tsx"],"stack":null}
[2026-04-21T07:42:22.594Z] {"timestamp":1776757341954,"level":"ERROR","args":["%o\n\n%s\n\n%s\n",{"type":"Error","message":"useI18n must be used within I18nProvider","stack":"Error: useI18n must be used within I18nProvider\n    at useI18n (https://3000-iwi3fzzw46c2utma7n3fo-5ac9c38d.sg1.manus.computer/src/contexts/I18nContext.tsx:76:11)\n    at OnboardingGuard (https://3000-iwi3fzzw46c2utma7n3fo-5ac9c38d.sg1.manus.computer/src/App.tsx?t=1776757314012:25:37)\n    at Object.react_stack_bottom_frame (https://3000-iwi3fzzw46c2utma7n3fo-5ac9c38d.sg1.manus.computer/@fs/home/ubuntu/crisispath/node_modules/.vite/deps/react-dom_client.js?v=ec4d0a3a:18509:20)\n    at renderWithHooks (https://3000-iwi3fzzw46c2utma7n3fo-5ac9c38d.sg1.manus.computer/@fs/home/ubuntu/crisispath/node_modules/.vite/deps/react-dom_client.js?v=ec4d0a3a:5654:24)\n    at updateFunctionComponent (https://3000-iwi3fzzw46c2utma7n3fo-5ac9c38d.sg1.manus.computer/@fs/home/ubuntu/crisispath/node_modules/.vite/deps/react-dom_client.js?v=ec4d0a3a:7475:21)\n    at beginWork (https://3000-iwi3fzzw46c2utma7n3fo-5ac9c38d.sg1.manus.computer/@fs/home/ubuntu/crisispath/node_modules/.vite/deps/react-dom_client.js?v=ec4d0a3a:8525:20)\n    at runWithFiberInDEV (https://3000-iwi3fzzw46c2utma7n3fo-5ac9c38d.sg1.manus.computer/@fs/home/ubuntu/crisispath/node_modules/.vite/deps/react-dom_client.js?v=ec4d0a3a:997:72)\n    at performUnitOfWork (https://3000-iwi3fzzw46c2utma7n3fo-5ac9c38d.sg1.manus.computer/@fs/home/ubuntu/crisispath/node_modules/.vite/deps/react-dom_client.js?v=ec4d0a3a:12561:98)\n    at workLoopSync (https://3000-iwi3fzzw46c2utma7n3fo-5ac9c38d.sg1.manus.computer/@fs/home/ubuntu/crisispath/node_modules/.vite/deps/react-dom_client.js?v=ec4d0a3a:12424:43)\n    at renderRootSync (https://3000-iwi3fzzw46c2utma7n3fo-5ac9c38d.sg1.manus.computer/@fs/home/ubuntu/crisispath/node_modules/.vite/deps/react-dom_client.js?v=ec4d0a3a:12408:13)"},"The above error occurred in the <OnboardingGuard> component.","React will try to recreate this component tree from scratch using the error boundary you provided, ErrorBoundary."],"stack":"Error\n    at console.<computed> [as error] (https://3000-iwi3fzzw46c2utma7n3fo-5ac9c38d.sg1.manus.computer/__manus__/debug-collector.js:391:37)\n    at defaultOnCaughtError (https://3000-iwi3fzzw46c2utma7n3fo-5ac9c38d.sg1.manus.computer/@fs/home/ubuntu/crisispath/node_modules/.vite/deps/react-dom_client.js?v=ec4d0a3a:7001:19)\n    at logCaughtError (https://3000-iwi3fzzw46c2utma7n3fo-5ac9c38d.sg1.manus.computer/@fs/home/ubuntu/crisispath/node_modules/.vite/deps/react-dom_client.js?v=ec4d0a3a:7033:11)\n    at runWithFiberInDEV (https://3000-iwi3fzzw46c2utma7n3fo-5ac9c38d.sg1.manus.computer/@fs/home/ubuntu/crisispath/node_modules/.vite/deps/react-dom_client.js?v=ec4d0a3a:997:72)\n    at update.callback (https://3000-iwi3fzzw46c2utma7n3fo-5ac9c38d.sg1.manus.computer/@fs/home/ubuntu/crisispath/node_modules/.vite/deps/react-dom_client.js?v=ec4d0a3a:7066:13)\n    at callCallback (https://3000-iwi3fzzw46c2utma7n3fo-5ac9c38d.sg1.manus.computer/@fs/home/ubuntu/crisispath/node_modules/.vite/deps/react-dom_client.js?v=ec4d0a3a:5491:18)\n    at commitCallbacks (https://3000-iwi3fzzw46c2utma7n3fo-5ac9c38d.sg1.manus.computer/@fs/home/ubuntu/crisispath/node_modules/.vite/deps/react-dom_client.js?v=ec4d0a3a:5503:13)\n    at runWithFiberInDEV (https://3000-iwi3fzzw46c2utma7n3fo-5ac9c38d.sg1.manus.computer/@fs/home/ubuntu/crisispath/node_modules/.vite/deps/react-dom_client.js?v=ec4d0a3a:997:72)\n    at commitClassCallbacks (https://3000-iwi3fzzw46c2utma7n3fo-5ac9c38d.sg1.manus.computer/@fs/home/ubuntu/crisispath/node_modules/.vite/deps/react-dom_client.js?v=ec4d0a3a:9490:13)\n    at commitLayoutEffectOnFiber (https://3000-iwi3fzzw46c2utma7n3fo-5ac9c38d.sg1.manus.computer/@fs/home/ubuntu/crisispath/node_modules/.vite/deps/react-dom_client.js?v=ec4d0a3a:9958:27)"}
[2026-04-21T07:42:22.595Z] {"timestamp":1776757342344,"level":"DEBUG","args":["[vite]","hot updated: /src/App.tsx"],"stack":null}
[2026-04-21T07:42:22.595Z] {"timestamp":1776757342344,"level":"DEBUG","args":["[vite]","hot updated: /src/pages/Dashboard.tsx"],"stack":null}
[2026-04-21T07:42:22.595Z] {"timestamp":1776757342344,"level":"DEBUG","args":["[vite]","hot updated: /src/pages/Settings.tsx"],"stack":null}
[2026-04-21T07:42:22.595Z] {"timestamp":1776757342344,"level":"DEBUG","args":["[vite]","hot updated: /src/pages/FamilyTracker.tsx"],"stack":null}
[2026-04-21T07:42:22.595Z] {"timestamp":1776757342344,"level":"DEBUG","args":["[vite]","hot updated: /src/pages/Terms.tsx"],"stack":null}
[2026-04-21T07:42:22.595Z] {"timestamp":1776757342344,"level":"DEBUG","args":["[vite]","hot updated: /src/pages/Onboarding.tsx"],"stack":null}
[2026-04-21T07:42:22.595Z] {"timestamp":1776757342344,"level":"DEBUG","args":["[vite]","hot updated: /src/pages/Map.tsx"],"stack":null}
[2026-04-21T07:42:22.595Z] {"timestamp":1776757342344,"level":"DEBUG","args":["[vite]","hot updated: /src/pages/Privacy.tsx"],"stack":null}
[2026-04-21T07:42:22.595Z] {"timestamp":1776757342344,"level":"DEBUG","args":["[vite]","hot updated: /src/pages/ActionGuide.tsx"],"stack":null}
[2026-04-21T07:42:22.595Z] {"timestamp":1776757342344,"level":"DEBUG","args":["[vite]","hot updated: /src/pages/DisasterGuide.tsx"],"stack":null}
[2026-04-21T07:42:22.595Z] {"timestamp":1776757342344,"level":"DEBUG","args":["[vite]","hot updated: /src/pages/EmergencyContacts.tsx"],"stack":null}
[2026-04-21T07:42:22.595Z] {"timestamp":1776757342344,"level":"DEBUG","args":["[vite]","hot updated: /src/pages/SafeRoute.tsx"],"stack":null}
[2026-04-21T07:42:22.595Z] {"timestamp":1776757342344,"level":"DEBUG","args":["[vite]","hot updated: /src/pages/ShelterDetail.tsx"],"stack":null}
[2026-04-21T07:42:22.595Z] {"timestamp":1776757342344,"level":"DEBUG","args":["[vite]","hot updated: /src/pages/Home.tsx"],"stack":null}
[2026-04-21T07:42:24.600Z] {"timestamp":1776757342959,"level":"WARN","args":["Element with name \"gmp-internal-loading-text\" already defined."],"stack":null}
[2026-04-21T07:42:24.600Z] {"timestamp":1776757342959,"level":"WARN","args":["Element with name \"gmp-internal-request-error-text\" already defined."],"stack":null}
[2026-04-21T07:42:24.600Z] {"timestamp":1776757342959,"level":"WARN","args":["Element with name \"gmp-internal-back-button\" already defined."],"stack":null}
[2026-04-21T07:42:24.600Z] {"timestamp":1776757342960,"level":"WARN","args":["Element with name \"gmp-internal-dialog\" already defined."],"stack":null}
[2026-04-21T07:42:24.600Z] {"timestamp":1776757342960,"level":"WARN","args":["Element with name \"gmp-internal-disclosure\" already defined."],"stack":null}
[2026-04-21T07:42:24.600Z] {"timestamp":1776757342960,"level":"WARN","args":["Element with name \"gmp-internal-disclosure-section\" already defined."],"stack":null}
[2026-04-21T07:42:24.600Z] {"timestamp":1776757342960,"level":"WARN","args":["Element with name \"gmp-internal-attribution\" already defined."],"stack":null}
[2026-04-21T07:42:24.600Z] {"timestamp":1776757342960,"level":"WARN","args":["Element with name \"gmp-internal-element-support-verification\" already defined."],"stack":null}
[2026-04-21T07:42:24.600Z] {"timestamp":1776757342960,"level":"ERROR","args":["You have included the Google Maps JavaScript API multiple times on this page. This may cause unexpected errors."],"stack":"Error\n    at console.<computed> [as error] (https://3000-iwi3fzzw46c2utma7n3fo-5ac9c38d.sg1.manus.computer/__manus__/debug-collector.js:391:37)\n    at Cea (https://forge.manus.ai/v1/maps/proxy/maps/api/js?key=cvZzDbPkXuMKHHX2jcgL3z&v=weekly&libraries=marker,places,geocoding,geometry:2168:273)\n    at Kea (https://forge.manus.ai/v1/maps/proxy/maps/api/js?key=cvZzDbPkXuMKHHX2jcgL3z&v=weekly&libraries=marker,places,geocoding,geometry:2161:81)\n    at google.maps.Load (https://forge.manus.ai/v1/maps/proxy/maps/api/js?key=cvZzDbPkXuMKHHX2jcgL3z&v=weekly&libraries=marker,places,geocoding,geometry:14:5)\n    at https://forge.manus.ai/v1/maps/proxy/maps/api/js?key=cvZzDbPkXuMKHHX2jcgL3z&v=weekly&libraries=marker,places,geocoding,geometry:2467:267\n    at https://forge.manus.ai/v1/maps/proxy/maps/api/js?key=cvZzDbPkXuMKHHX2jcgL3z&v=weekly&libraries=marker,places,geocoding,geometry:2467:280"}
[2026-04-21T07:42:24.600Z] {"timestamp":1776757342960,"level":"WARN","args":["Google Maps JavaScript API has been loaded directly without loading=async. This can result in suboptimal performance. For best-practice loading patterns please see https://goo.gle/js-api-loading"],"stack":null}
[2026-04-21T07:42:24.600Z] {"timestamp":1776757342961,"level":"WARN","args":["Element with name \"gmp-internal-rating\" already defined."],"stack":null}
[2026-04-21T07:42:24.600Z] {"timestamp":1776757342961,"level":"WARN","args":["Element with name \"gmp-place-all-content\" already defined."],"stack":null}
[2026-04-21T07:42:24.600Z] {"timestamp":1776757342961,"level":"WARN","args":["Element with name \"gmp-internal-link-button\" already defined."],"stack":null}
[2026-04-21T07:42:24.600Z] {"timestamp":1776757342961,"level":"WARN","args":["Element with name \"gmp-internal-menu\" already defined."],"stack":null}
[2026-04-21T07:42:24.600Z] {"timestamp":1776757342961,"level":"WARN","args":["Element with name \"gmp-internal-place-opening-hours\" already defined."],"stack":null}
[2026-04-21T07:42:24.600Z] {"timestamp":1776757342961,"level":"WARN","args":["Element with name \"gmp-internal-place-review\" already defined."],"stack":null}
[2026-04-21T07:42:24.600Z] {"timestamp":1776757342961,"level":"WARN","args":["Element with name \"gmp-internal-tabbed-layout\" already defined."],"stack":null}
[2026-04-21T07:42:24.600Z] {"timestamp":1776757342961,"level":"WARN","args":["Element with name \"gmp-internal-lightbox\" already defined."],"stack":null}
[2026-04-21T07:42:24.600Z] {"timestamp":1776757342961,"level":"WARN","args":["Element with name \"gmp-internal-collage\" already defined."],"stack":null}
[2026-04-21T07:42:24.600Z] {"timestamp":1776757342961,"level":"WARN","args":["Element with name \"gmp-internal-place-rating-summary\" already defined."],"stack":null}
[2026-04-21T07:42:24.600Z] {"timestamp":1776757342962,"level":"WARN","args":["Element with name \"gmp-place-content-config\" already defined."],"stack":null}
[2026-04-21T07:42:24.600Z] {"timestamp":1776757342962,"level":"WARN","args":["Element with name \"gmp-place-standard-content\" already defined."],"stack":null}
[2026-04-21T07:42:24.600Z] {"timestamp":1776757342962,"level":"WARN","args":["Element with name \"gmp-internal-place-basic-info\" already defined."],"stack":null}
[2026-04-21T07:42:24.600Z] {"timestamp":1776757342962,"level":"WARN","args":["Element with name \"gmp-place-details-location-request\" already defined."],"stack":null}
[2026-04-21T07:42:24.600Z] {"timestamp":1776757342962,"level":"WARN","args":["Element with name \"gmp-place-details-place-request\" already defined."],"stack":null}
[2026-04-21T07:42:24.600Z] {"timestamp":1776757342962,"level":"WARN","args":["Element with name \"gmp-internal-circular-loader\" already defined."],"stack":null}
[2026-04-21T07:42:24.600Z] {"timestamp":1776757342962,"level":"WARN","args":["Element with name \"gmp-place-details-compact\" already defined."],"stack":null}
[2026-04-21T07:42:24.600Z] {"timestamp":1776757342962,"level":"WARN","args":["Element with name \"gmp-internal-use-place-details-compact\" already defined."],"stack":null}
[2026-04-21T07:42:24.600Z] {"timestamp":1776757342962,"level":"WARN","args":["Element with name \"gmp-place-media\" already defined."],"stack":null}
[2026-04-21T07:42:24.600Z] {"timestamp":1776757342962,"level":"WARN","args":["Element with name \"gmp-place-address\" already defined."],"stack":null}
[2026-04-21T07:42:24.600Z] {"timestamp":1776757342962,"level":"WARN","args":["Element with name \"gmp-place-rating\" already defined."],"stack":null}
[2026-04-21T07:42:24.600Z] {"timestamp":1776757342962,"level":"WARN","args":["Element with name \"gmp-place-type\" already defined."],"stack":null}
[2026-04-21T07:42:24.600Z] {"timestamp":1776757342962,"level":"WARN","args":["Element with name \"gmp-place-price\" already defined."],"stack":null}
[2026-04-21T07:42:24.600Z] {"timestamp":1776757342962,"level":"WARN","args":["Element with name \"gmp-place-accessible-entrance-icon\" already defined."],"stack":null}
[2026-04-21T07:42:24.600Z] {"timestamp":1776757342962,"level":"WARN","args":["Element with name \"gmp-place-open-now-status\" already defined."],"stack":null}
[2026-04-21T07:42:24.600Z] {"timestamp":1776757342962,"level":"WARN","args":["Element with name \"gmp-place-attribution\" already defined."],"stack":null}
[2026-04-21T07:42:24.600Z] {"timestamp":1776757342962,"level":"WARN","args":["Element with name \"gmp-place-website\" already defined."],"stack":null}
[2026-04-21T07:42:24.600Z] {"timestamp":1776757342962,"level":"WARN","args":["Element with name \"gmp-place-phone-number\" already defined."],"stack":null}
[2026-04-21T07:42:24.600Z] {"timestamp":1776757342962,"level":"WARN","args":["Element with name \"gmp-place-opening-hours\" already defined."],"stack":null}
[2026-04-21T07:42:24.600Z] {"timestamp":1776757342962,"level":"WARN","args":["Element with name \"gmp-place-summary\" already defined."],"stack":null}
[2026-04-21T07:42:24.600Z] {"timestamp":1776757342963,"level":"WARN","args":["Element with name \"gmp-place-type-specific-highlights\" already defined."],"stack":null}
[2026-04-21T07:42:24.600Z] {"timestamp":1776757342963,"level":"WARN","args":["Element with name \"gmp-place-review-summary\" already defined."],"stack":null}
[2026-04-21T07:42:24.600Z] {"timestamp":1776757342963,"level":"WARN","args":["Element with name \"gmp-place-reviews\" already defined."],"stack":null}
[2026-04-21T07:42:24.600Z] {"timestamp":1776757342963,"level":"WARN","args":["Element with name \"gmp-place-plus-code\" already defined."],"stack":null}
[2026-04-21T07:42:24.600Z] {"timestamp":1776757342963,"level":"WARN","args":["Element with name \"gmp-place-feature-list\" already defined."],"stack":null}
[2026-04-21T07:42:24.600Z] {"timestamp":1776757342963,"level":"WARN","args":["Element with name \"gmp-place-details\" already defined."],"stack":null}
[2026-04-21T07:42:24.600Z] {"timestamp":1776757342963,"level":"WARN","args":["Element with name \"gmp-internal-place-carousel\" already defined."],"stack":null}
[2026-04-21T07:42:24.600Z] {"timestamp":1776757342963,"level":"WARN","args":["Element with name \"gmp-internal-place-search-list-item\" already defined."],"stack":null}
[2026-04-21T07:42:24.600Z] {"timestamp":1776757342963,"level":"WARN","args":["Element with name \"gmp-place-nearby-search-request\" already defined."],"stack":null}
[2026-04-21T07:42:24.600Z] {"timestamp":1776757342963,"level":"WARN","args":["Element with name \"gmp-place-text-search-request\" already defined."],"stack":null}
[2026-04-21T07:42:24.600Z] {"timestamp":1776757342963,"level":"WARN","args":["Element with name \"gmp-place-search\" already defined."],"stack":null}
[2026-04-21T07:42:24.600Z] {"timestamp":1776757342967,"level":"WARN","args":["Element with name \"gmp-pin\" already defined."],"stack":null}
[2026-04-21T07:42:24.600Z] {"timestamp":1776757342968,"level":"WARN","args":["Element with name \"gmp-internal-use-am\" already defined."],"stack":null}
[2026-04-21T07:42:24.600Z] {"timestamp":1776757342968,"level":"WARN","args":["Element with name \"gmp-map\" already defined."],"stack":null}
[2026-04-21T07:42:24.600Z] {"timestamp":1776757342969,"level":"WARN","args":["Element with name \"gmp-advanced-marker\" already defined."],"stack":null}
[2026-04-21T07:42:24.600Z] {"timestamp":1776757342969,"level":"WARN","args":["Element with name \"gmp-place-autocomplete\" already defined."],"stack":null}
[2026-04-21T07:42:24.600Z] {"timestamp":1776757342969,"level":"WARN","args":["Element with name \"gmp-basic-place-autocomplete\" already defined."],"stack":null}
[2026-04-21T07:42:28.590Z] {"timestamp":1776757346122,"level":"DEBUG","args":["[Manus] Debug collector initialized (no rrweb, UI events only)"],"stack":null}
[2026-04-21T07:42:28.590Z] {"timestamp":1776757346376,"level":"DEBUG","args":["[vite] connected."],"stack":null}
[2026-04-21T07:42:28.590Z] {"timestamp":1776757347899,"level":"WARN","args":["Google Maps JavaScript API has been loaded directly without loading=async. This can result in suboptimal performance. For best-practice loading patterns please see https://goo.gle/js-api-loading"],"stack":null}
[2026-04-21T07:42:32.593Z] {"timestamp":1776757350320,"level":"DEBUG","args":["[Manus] Debug collector initialized (no rrweb, UI events only)"],"stack":null}
[2026-04-21T07:42:32.593Z] {"timestamp":1776757350576,"level":"DEBUG","args":["[vite] connected."],"stack":null}
[2026-04-21T07:42:32.593Z] {"timestamp":1776757352060,"level":"WARN","args":["Google Maps JavaScript API has been loaded directly without loading=async. This can result in suboptimal performance. For best-practice loading patterns please see https://goo.gle/js-api-loading"],"stack":null}
[2026-04-21T07:42:40.611Z] {"timestamp":1776757360304,"level":"DEBUG","args":["[vite]","invalidate /src/contexts/I18nContext.tsx: Could not Fast Refresh (\"useI18n\" export is incompatible). Learn more at https://github.com/vitejs/vite-plugin-react/tree/main/packages/plugin-react#consistent-components-exports"],"stack":null}
[2026-04-21T07:42:40.611Z] {"timestamp":1776757360304,"level":"DEBUG","args":["[vite]","hot updated: /src/contexts/I18nContext.tsx"],"stack":null}
[2026-04-21T07:42:40.611Z] {"timestamp":1776757360304,"level":"DEBUG","args":["[vite]","hot updated: /src/pages/Settings.tsx"],"stack":null}
[2026-04-21T07:42:40.611Z] {"timestamp":1776757360304,"level":"DEBUG","args":["[vite]","hot updated: /src/pages/Onboarding.tsx"],"stack":null}
[2026-04-21T07:42:40.611Z] {"timestamp":1776757360304,"level":"DEBUG","args":["[vite]","hot updated: /src/pages/Home.tsx"],"stack":null}
[2026-04-21T07:42:40.611Z] {"timestamp":1776757360946,"level":"ERROR","args":["%o\n\n%s\n\n%s\n",{"type":"Error","message":"useI18n must be used within I18nProvider","stack":"Error: useI18n must be used within I18nProvider\n    at useI18n (https://3000-iwi3fzzw46c2utma7n3fo-5ac9c38d.sg1.manus.computer/src/contexts/I18nContext.tsx?t=1776757340368:76:11)\n    at OnboardingGuard (https://3000-iwi3fzzw46c2utma7n3fo-5ac9c38d.sg1.manus.computer/src/App.tsx?t=1776757340368:25:37)\n    at Object.react_stack_bottom_frame (https://3000-iwi3fzzw46c2utma7n3fo-5ac9c38d.sg1.manus.computer/@fs/home/ubuntu/crisispath/node_modules/.vite/deps/react-dom_client.js?v=ec4d0a3a:18509:20)\n    at renderWithHooks (https://3000-iwi3fzzw46c2utma7n3fo-5ac9c38d.sg1.manus.computer/@fs/home/ubuntu/crisispath/node_modules/.vite/deps/react-dom_client.js?v=ec4d0a3a:5654:24)\n    at updateFunctionComponent (https://3000-iwi3fzzw46c2utma7n3fo-5ac9c38d.sg1.manus.computer/@fs/home/ubuntu/crisispath/node_modules/.vite/deps/react-dom_client.js?v=ec4d0a3a:7475:21)\n    at beginWork (https://3000-iwi3fzzw46c2utma7n3fo-5ac9c38d.sg1.manus.computer/@fs/home/ubuntu/crisispath/node_modules/.vite/deps/react-dom_client.js?v=ec4d0a3a:8525:20)\n    at runWithFiberInDEV (https://3000-iwi3fzzw46c2utma7n3fo-5ac9c38d.sg1.manus.computer/@fs/home/ubuntu/crisispath/node_modules/.vite/deps/react-dom_client.js?v=ec4d0a3a:997:72)\n    at performUnitOfWork (https://3000-iwi3fzzw46c2utma7n3fo-5ac9c38d.sg1.manus.computer/@fs/home/ubuntu/crisispath/node_modules/.vite/deps/react-dom_client.js?v=ec4d0a3a:12561:98)\n    at workLoopSync (https://3000-iwi3fzzw46c2utma7n3fo-5ac9c38d.sg1.manus.computer/@fs/home/ubuntu/crisispath/node_modules/.vite/deps/react-dom_client.js?v=ec4d0a3a:12424:43)\n    at renderRootSync (https://3000-iwi3fzzw46c2utma7n3fo-5ac9c38d.sg1.manus.computer/@fs/home/ubuntu/crisispath/node_modules/.vite/deps/react-dom_client.js?v=ec4d0a3a:12408:13)"},"The above error occurred in the <OnboardingGuard> component.","React will try to recreate this component tree from scratch using the error boundary you provided, ErrorBoundary."],"stack":"Error\n    at console.<computed> [as error] (https://3000-iwi3fzzw46c2utma7n3fo-5ac9c38d.sg1.manus.computer/__manus__/debug-collector.js:391:37)\n    at defaultOnCaughtError (https://3000-iwi3fzzw46c2utma7n3fo-5ac9c38d.sg1.manus.computer/@fs/home/ubuntu/crisispath/node_modules/.vite/deps/react-dom_client.js?v=ec4d0a3a:7001:19)\n    at logCaughtError (https://3000-iwi3fzzw46c2utma7n3fo-5ac9c38d.sg1.manus.computer/@fs/home/ubuntu/crisispath/node_modules/.vite/deps/react-dom_client.js?v=ec4d0a3a:7033:11)\n    at runWithFiberInDEV (https://3000-iwi3fzzw46c2utma7n3fo-5ac9c38d.sg1.manus.computer/@fs/home/ubuntu/crisispath/node_modules/.vite/deps/react-dom_client.js?v=ec4d0a3a:997:72)\n    at update.callback (https://3000-iwi3fzzw46c2utma7n3fo-5ac9c38d.sg1.manus.computer/@fs/home/ubuntu/crisispath/node_modules/.vite/deps/react-dom_client.js?v=ec4d0a3a:7066:13)\n    at callCallback (https://3000-iwi3fzzw46c2utma7n3fo-5ac9c38d.sg1.manus.computer/@fs/home/ubuntu/crisispath/node_modules/.vite/deps/react-dom_client.js?v=ec4d0a3a:5491:18)\n    at commitCallbacks (https://3000-iwi3fzzw46c2utma7n3fo-5ac9c38d.sg1.manus.computer/@fs/home/ubuntu/crisispath/node_modules/.vite/deps/react-dom_client.js?v=ec4d0a3a:5503:13)\n    at runWithFiberInDEV (https://3000-iwi3fzzw46c2utma7n3fo-5ac9c38d.sg1.manus.computer/@fs/home/ubuntu/crisispath/node_modules/.vite/deps/react-dom_client.js?v=ec4d0a3a:997:72)\n    at commitClassCallbacks (https://3000-iwi3fzzw46c2utma7n3fo-5ac9c38d.sg1.manus.computer/@fs/home/ubuntu/crisispath/node_modules/.vite/deps/react-dom_client.js?v=ec4d0a3a:9490:13)\n    at commitLayoutEffectOnFiber (https://3000-iwi3fzzw46c2utma7n3fo-5ac9c38d.sg1.manus.computer/@fs/home/ubuntu/crisispath/node_modules/.vite/deps/react-dom_client.js?v=ec4d0a3a:9958:27)"}
[2026-04-21T07:42:42.038Z] {"timestamp":1776757361339,"level":"DEBUG","args":["[vite]","hot updated: /src/App.tsx"],"stack":null}
[2026-04-21T07:42:42.038Z] {"timestamp":1776757361339,"level":"DEBUG","args":["[vite]","hot updated: /src/pages/Dashboard.tsx"],"stack":null}
[2026-04-21T07:42:42.038Z] {"timestamp":1776757361339,"level":"DEBUG","args":["[vite]","hot updated: /src/pages/Settings.tsx"],"stack":null}
[2026-04-21T07:42:42.038Z] {"timestamp":1776757361339,"level":"DEBUG","args":["[vite]","hot updated: /src/pages/FamilyTracker.tsx"],"stack":null}
[2026-04-21T07:42:42.038Z] {"timestamp":1776757361340,"level":"DEBUG","args":["[vite]","hot updated: /src/pages/Terms.tsx"],"stack":null}
[2026-04-21T07:42:42.038Z] {"timestamp":1776757361340,"level":"DEBUG","args":["[vite]","hot updated: /src/pages/Onboarding.tsx"],"stack":null}
[2026-04-21T07:42:42.038Z] {"timestamp":1776757361340,"level":"DEBUG","args":["[vite]","hot updated: /src/pages/Map.tsx"],"stack":null}
[2026-04-21T07:42:42.038Z] {"timestamp":1776757361340,"level":"DEBUG","args":["[vite]","hot updated: /src/pages/Privacy.tsx"],"stack":null}
[2026-04-21T07:42:42.038Z] {"timestamp":1776757361340,"level":"DEBUG","args":["[vite]","hot updated: /src/pages/ActionGuide.tsx"],"stack":null}
[2026-04-21T07:42:42.038Z] {"timestamp":1776757361340,"level":"DEBUG","args":["[vite]","hot updated: /src/pages/DisasterGuide.tsx"],"stack":null}
[2026-04-21T07:42:42.038Z] {"timestamp":1776757361340,"level":"DEBUG","args":["[vite]","hot updated: /src/pages/EmergencyContacts.tsx"],"stack":null}
[2026-04-21T07:42:42.038Z] {"timestamp":1776757361340,"level":"DEBUG","args":["[vite]","hot updated: /src/pages/SafeRoute.tsx"],"stack":null}
[2026-04-21T07:42:42.038Z] {"timestamp":1776757361340,"level":"DEBUG","args":["[vite]","hot updated: /src/pages/ShelterDetail.tsx"],"stack":null}
[2026-04-21T07:42:42.038Z] {"timestamp":1776757361340,"level":"DEBUG","args":["[vite]","hot updated: /src/pages/Home.tsx"],"stack":null}
[2026-04-21T07:42:42.038Z] {"timestamp":1776757361984,"level":"WARN","args":["Element with name \"gmp-internal-loading-text\" already defined."],"stack":null}
[2026-04-21T07:42:42.038Z] {"timestamp":1776757361984,"level":"WARN","args":["Element with name \"gmp-internal-request-error-text\" already defined."],"stack":null}
[2026-04-21T07:42:42.038Z] {"timestamp":1776757361985,"level":"WARN","args":["Element with name \"gmp-internal-back-button\" already defined."],"stack":null}
[2026-04-21T07:42:42.038Z] {"timestamp":1776757361985,"level":"WARN","args":["Element with name \"gmp-internal-dialog\" already defined."],"stack":null}
[2026-04-21T07:42:42.038Z] {"timestamp":1776757361985,"level":"WARN","args":["Element with name \"gmp-internal-disclosure\" already defined."],"stack":null}
[2026-04-21T07:42:42.038Z] {"timestamp":1776757361985,"level":"WARN","args":["Element with name \"gmp-internal-disclosure-section\" already defined."],"stack":null}
[2026-04-21T07:42:42.038Z] {"timestamp":1776757361985,"level":"WARN","args":["Element with name \"gmp-internal-attribution\" already defined."],"stack":null}
[2026-04-21T07:42:42.038Z] {"timestamp":1776757361986,"level":"WARN","args":["Element with name \"gmp-internal-element-support-verification\" already defined."],"stack":null}
[2026-04-21T07:42:42.038Z] {"timestamp":1776757361986,"level":"ERROR","args":["You have included the Google Maps JavaScript API multiple times on this page. This may cause unexpected errors."],"stack":"Error\n    at console.<computed> [as error] (https://3000-iwi3fzzw46c2utma7n3fo-5ac9c38d.sg1.manus.computer/__manus__/debug-collector.js:391:37)\n    at Cea (https://forge.manus.ai/v1/maps/proxy/maps/api/js?key=cvZzDbPkXuMKHHX2jcgL3z&v=weekly&libraries=marker,places,geocoding,geometry:2168:273)\n    at Kea (https://forge.manus.ai/v1/maps/proxy/maps/api/js?key=cvZzDbPkXuMKHHX2jcgL3z&v=weekly&libraries=marker,places,geocoding,geometry:2161:81)\n    at google.maps.Load (https://forge.manus.ai/v1/maps/proxy/maps/api/js?key=cvZzDbPkXuMKHHX2jcgL3z&v=weekly&libraries=marker,places,geocoding,geometry:14:5)\n    at https://forge.manus.ai/v1/maps/proxy/maps/api/js?key=cvZzDbPkXuMKHHX2jcgL3z&v=weekly&libraries=marker,places,geocoding,geometry:2467:267\n    at https://forge.manus.ai/v1/maps/proxy/maps/api/js?key=cvZzDbPkXuMKHHX2jcgL3z&v=weekly&libraries=marker,places,geocoding,geometry:2467:280"}
[2026-04-21T07:42:42.038Z] {"timestamp":1776757361988,"level":"WARN","args":["Google Maps JavaScript API has been loaded directly without loading=async. This can result in suboptimal performance. For best-practice loading patterns please see https://goo.gle/js-api-loading"],"stack":null}
[2026-04-21T07:42:42.038Z] {"timestamp":1776757361990,"level":"WARN","args":["Element with name \"gmp-internal-rating\" already defined."],"stack":null}
[2026-04-21T07:42:42.038Z] {"timestamp":1776757361990,"level":"WARN","args":["Element with name \"gmp-place-all-content\" already defined."],"stack":null}
[2026-04-21T07:42:42.038Z] {"timestamp":1776757361990,"level":"WARN","args":["Element with name \"gmp-internal-link-button\" already defined."],"stack":null}
[2026-04-21T07:42:42.038Z] {"timestamp":1776757361990,"level":"WARN","args":["Element with name \"gmp-internal-menu\" already defined."],"stack":null}
[2026-04-21T07:42:42.038Z] {"timestamp":1776757361990,"level":"WARN","args":["Element with name \"gmp-internal-place-opening-hours\" already defined."],"stack":null}
[2026-04-21T07:42:42.038Z] {"timestamp":1776757361990,"level":"WARN","args":["Element with name \"gmp-internal-place-review\" already defined."],"stack":null}
[2026-04-21T07:42:42.038Z] {"timestamp":1776757361990,"level":"WARN","args":["Element with name \"gmp-internal-tabbed-layout\" already defined."],"stack":null}
[2026-04-21T07:42:42.038Z] {"timestamp":1776757361990,"level":"WARN","args":["Element with name \"gmp-internal-lightbox\" already defined."],"stack":null}
[2026-04-21T07:42:42.038Z] {"timestamp":1776757361990,"level":"WARN","args":["Element with name \"gmp-internal-collage\" already defined."],"stack":null}
[2026-04-21T07:42:42.038Z] {"timestamp":1776757361991,"level":"WARN","args":["Element with name \"gmp-internal-place-rating-summary\" already defined."],"stack":null}
[2026-04-21T07:42:42.038Z] {"timestamp":1776757361991,"level":"WARN","args":["Element with name \"gmp-place-content-config\" already defined."],"stack":null}
[2026-04-21T07:42:42.038Z] {"timestamp":1776757361991,"level":"WARN","args":["Element with name \"gmp-place-standard-content\" already defined."],"stack":null}
[2026-04-21T07:42:42.038Z] {"timestamp":1776757361991,"level":"WARN","args":["Element with name \"gmp-internal-place-basic-info\" already defined."],"stack":null}
[2026-04-21T07:42:42.038Z] {"timestamp":1776757361991,"level":"WARN","args":["Element with name \"gmp-place-details-location-request\" already defined."],"stack":null}
[2026-04-21T07:42:42.038Z] {"timestamp":1776757361991,"level":"WARN","args":["Element with name \"gmp-place-details-place-request\" already defined."],"stack":null}
[2026-04-21T07:42:42.038Z] {"timestamp":1776757361991,"level":"WARN","args":["Element with name \"gmp-internal-circular-loader\" already defined."],"stack":null}
[2026-04-21T07:42:42.038Z] {"timestamp":1776757361991,"level":"WARN","args":["Element with name \"gmp-place-details-compact\" already defined."],"stack":null}
[2026-04-21T07:42:42.038Z] {"timestamp":1776757361991,"level":"WARN","args":["Element with name \"gmp-internal-use-place-details-compact\" already defined."],"stack":null}
[2026-04-21T07:42:42.038Z] {"timestamp":1776757361991,"level":"WARN","args":["Element with name \"gmp-place-media\" already defined."],"stack":null}
[2026-04-21T07:42:42.038Z] {"timestamp":1776757361991,"level":"WARN","args":["Element with name \"gmp-place-address\" already defined."],"stack":null}
[2026-04-21T07:42:42.038Z] {"timestamp":1776757361991,"level":"WARN","args":["Element with name \"gmp-place-rating\" already defined."],"stack":null}
[2026-04-21T07:42:42.038Z] {"timestamp":1776757361991,"level":"WARN","args":["Element with name \"gmp-place-type\" already defined."],"stack":null}
[2026-04-21T07:42:42.038Z] {"timestamp":1776757361992,"level":"WARN","args":["Element with name \"gmp-place-price\" already defined."],"stack":null}
[2026-04-21T07:42:42.038Z] {"timestamp":1776757361992,"level":"WARN","args":["Element with name \"gmp-place-accessible-entrance-icon\" already defined."],"stack":null}
[2026-04-21T07:42:42.038Z] {"timestamp":1776757361992,"level":"WARN","args":["Element with name \"gmp-place-open-now-status\" already defined."],"stack":null}
[2026-04-21T07:42:42.038Z] {"timestamp":1776757361992,"level":"WARN","args":["Element with name \"gmp-place-attribution\" already defined."],"stack":null}
[2026-04-21T07:42:42.038Z] {"timestamp":1776757361992,"level":"WARN","args":["Element with name \"gmp-place-website\" already defined."],"stack":null}
[2026-04-21T07:42:42.038Z] {"timestamp":1776757361992,"level":"WARN","args":["Element with name \"gmp-place-phone-number\" already defined."],"stack":null}
[2026-04-21T07:42:42.038Z] {"timestamp":1776757361992,"level":"WARN","args":["Element with name \"gmp-place-opening-hours\" already defined."],"stack":null}
[2026-04-21T07:42:42.038Z] {"timestamp":1776757361992,"level":"WARN","args":["Element with name \"gmp-place-summary\" already defined."],"stack":null}
[2026-04-21T07:42:42.038Z] {"timestamp":1776757361992,"level":"WARN","args":["Element with name \"gmp-place-type-specific-highlights\" already defined."],"stack":null}
[2026-04-21T07:42:42.038Z] {"timestamp":1776757361992,"level":"WARN","args":["Element with name \"gmp-place-review-summary\" already defined."],"stack":null}
[2026-04-21T07:42:42.038Z] {"timestamp":1776757361992,"level":"WARN","args":["Element with name \"gmp-place-reviews\" already defined."],"stack":null}
[2026-04-21T07:42:42.038Z] {"timestamp":1776757361992,"level":"WARN","args":["Element with name \"gmp-place-plus-code\" already defined."],"stack":null}
[2026-04-21T07:42:42.038Z] {"timestamp":1776757361992,"level":"WARN","args":["Element with name \"gmp-place-feature-list\" already defined."],"stack":null}
[2026-04-21T07:42:42.038Z] {"timestamp":1776757361992,"level":"WARN","args":["Element with name \"gmp-place-details\" already defined."],"stack":null}
[2026-04-21T07:42:42.038Z] {"timestamp":1776757361992,"level":"WARN","args":["Element with name \"gmp-internal-place-carousel\" already defined."],"stack":null}
[2026-04-21T07:42:42.038Z] {"timestamp":1776757361992,"level":"WARN","args":["Element with name \"gmp-internal-place-search-list-item\" already defined."],"stack":null}
[2026-04-21T07:42:42.038Z] {"timestamp":1776757361992,"level":"WARN","args":["Element with name \"gmp-place-nearby-search-request\" already defined."],"stack":null}
[2026-04-21T07:42:42.038Z] {"timestamp":1776757361992,"level":"WARN","args":["Element with name \"gmp-place-text-search-request\" already defined."],"stack":null}
[2026-04-21T07:42:42.038Z] {"timestamp":1776757361993,"level":"WARN","args":["Element with name \"gmp-place-search\" already defined."],"stack":null}
[2026-04-21T07:42:42.038Z] {"timestamp":1776757361997,"level":"WARN","args":["Element with name \"gmp-pin\" already defined."],"stack":null}
[2026-04-21T07:42:42.038Z] {"timestamp":1776757361997,"level":"WARN","args":["Element with name \"gmp-internal-use-am\" already defined."],"stack":null}
[2026-04-21T07:42:42.038Z] {"timestamp":1776757361998,"level":"WARN","args":["Element with name \"gmp-map\" already defined."],"stack":null}
[2026-04-21T07:42:42.038Z] {"timestamp":1776757361998,"level":"WARN","args":["Element with name \"gmp-advanced-marker\" already defined."],"stack":null}
[2026-04-21T07:42:42.038Z] {"timestamp":1776757361998,"level":"WARN","args":["Element with name \"gmp-place-autocomplete\" already defined."],"stack":null}
[2026-04-21T07:42:42.038Z] {"timestamp":1776757361998,"level":"WARN","args":["Element with name \"gmp-basic-place-autocomplete\" already defined."],"stack":null}
[2026-04-21T07:42:50.596Z] {"timestamp":1776757368669,"level":"DEBUG","args":["[Manus] Debug collector initialized (no rrweb, UI events only)"],"stack":null}
[2026-04-21T07:42:50.596Z] {"timestamp":1776757368923,"level":"DEBUG","args":["[vite] connected."],"stack":null}
[2026-04-21T07:42:50.596Z] {"timestamp":1776757369302,"level":"WARN","args":["Google Maps JavaScript API has been loaded directly without loading=async. This can result in suboptimal performance. For best-practice loading patterns please see https://goo.gle/js-api-loading"],"stack":null}
[2026-04-21T07:46:12.566Z] {"timestamp":1776757570560,"level":"DEBUG","args":["[Manus] Debug collector initialized (no rrweb, UI events only)"],"stack":null}
[2026-04-21T07:46:12.566Z] {"timestamp":1776757570577,"level":"DEBUG","args":["[vite] connected."],"stack":null}
[2026-04-21T07:46:12.566Z] {"timestamp":1776757570788,"level":"INFO","args":["%cDownload the React DevTools for a better development experience: https://react.dev/link/react-devtools","font-weight:bold"],"stack":null}
[2026-04-22T05:10:42.920Z] {"timestamp":1776834641127,"level":"DEBUG","args":["[Manus] Debug collector initialized (no rrweb, UI events only)"],"stack":null}
[2026-04-22T05:10:42.920Z] {"timestamp":1776834641376,"level":"DEBUG","args":["[vite] connected."],"stack":null}
[2026-04-22T05:10:46.961Z] {"timestamp":1776834645228,"level":"DEBUG","args":["[Manus] Debug collector initialized (no rrweb, UI events only)"],"stack":null}
[2026-04-22T05:10:46.961Z] {"timestamp":1776834645411,"level":"DEBUG","args":["[vite] connected."],"stack":null}
[2026-04-22T05:10:46.961Z] {"timestamp":1776834646907,"level":"WARN","args":["Google Maps JavaScript API has been loaded directly without loading=async. This can result in suboptimal performance. For best-practice loading patterns please see https://goo.gle/js-api-loading"],"stack":null}
[2026-04-22T05:12:14.995Z] {"timestamp":1776834733833,"level":"DEBUG","args":["[Manus] Debug collector initialized (no rrweb, UI events only)"],"stack":null}
[2026-04-22T05:12:14.995Z] {"timestamp":1776834734084,"level":"DEBUG","args":["[vite] connected."],"stack":null}
[2026-04-22T05:12:14.995Z] {"timestamp":1776834734511,"level":"WARN","args":["Google Maps JavaScript API has been loaded directly without loading=async. This can result in suboptimal performance. For best-practice loading patterns please see https://goo.gle/js-api-loading"],"stack":null}
[2026-04-22T05:12:17.967Z] {"timestamp":1776834736317,"level":"DEBUG","args":["[Manus] Debug collector initialized (no rrweb, UI events only)"],"stack":null}
[2026-04-22T05:12:17.967Z] {"timestamp":1776834736568,"level":"DEBUG","args":["[vite] connected."],"stack":null}
[2026-04-22T05:12:17.967Z] {"timestamp":1776834737010,"level":"WARN","args":["Google Maps JavaScript API has been loaded directly without loading=async. This can result in suboptimal performance. For best-practice loading patterns please see https://goo.gle/js-api-loading"],"stack":null}
[2026-04-22T05:13:34.953Z] {"timestamp":1776834813593,"level":"DEBUG","args":["[Manus] Debug collector initialized (no rrweb, UI events only)"],"stack":null}
[2026-04-22T05:13:34.954Z] {"timestamp":1776834813846,"level":"DEBUG","args":["[vite] connected."],"stack":null}
[2026-04-22T05:13:34.954Z] {"timestamp":1776834814343,"level":"WARN","args":["Google Maps JavaScript API has been loaded directly without loading=async. This can result in suboptimal performance. For best-practice loading patterns please see https://goo.gle/js-api-loading"],"stack":null}
[2026-04-22T05:13:41.959Z] {"timestamp":1776834820679,"level":"DEBUG","args":["[Manus] Debug collector initialized (no rrweb, UI events only)"],"stack":null}
[2026-04-22T05:13:41.959Z] {"timestamp":1776834820932,"level":"DEBUG","args":["[vite] connected."],"stack":null}
[2026-04-22T05:13:41.959Z] {"timestamp":1776834822294,"level":"WARN","args":["Google Maps JavaScript API has been loaded directly without loading=async. This can result in suboptimal performance. For best-practice loading patterns please see https://goo.gle/js-api-loading"],"stack":null}
[2026-04-22T05:13:48.945Z] {"timestamp":1776834827192,"level":"DEBUG","args":["[Manus] Debug collector initialized (no rrweb, UI events only)"],"stack":null}
[2026-04-22T05:13:48.945Z] {"timestamp":1776834827448,"level":"DEBUG","args":["[vite] connected."],"stack":null}
[2026-04-22T05:13:48.945Z] {"timestamp":1776834828816,"level":"WARN","args":["Google Maps JavaScript API has been loaded directly without loading=async. This can result in suboptimal performance. For best-practice loading patterns please see https://goo.gle/js-api-loading"],"stack":null}
[2026-04-22T05:13:52.952Z] {"timestamp":1776834833198,"level":"DEBUG","args":["[vite]","hot updated: /src/pages/FamilyTracker.tsx"],"stack":null}
[2026-04-22T05:13:52.952Z] {"timestamp":1776834833198,"level":"DEBUG","args":["[vite]","hot updated: /src/index.css"],"stack":null}
[2026-04-22T05:13:58.959Z] {"timestamp":1776834836879,"level":"DEBUG","args":["[Manus] Debug collector initialized (no rrweb, UI events only)"],"stack":null}
[2026-04-22T05:13:58.959Z] {"timestamp":1776834837137,"level":"DEBUG","args":["[vite] connected."],"stack":null}
[2026-04-22T05:13:58.959Z] {"timestamp":1776834838565,"level":"WARN","args":["Google Maps JavaScript API has been loaded directly without loading=async. This can result in suboptimal performance. For best-practice loading patterns please see https://goo.gle/js-api-loading"],"stack":null}
[2026-04-22T05:14:02.959Z] {"timestamp":1776834841270,"level":"DEBUG","args":["[Manus] Debug collector initialized (no rrweb, UI events only)"],"stack":null}
[2026-04-22T05:14:02.959Z] {"timestamp":1776834841522,"level":"DEBUG","args":["[vite] connected."],"stack":null}
[2026-04-22T05:14:02.959Z] {"timestamp":1776834842984,"level":"WARN","args":["Google Maps JavaScript API has been loaded directly without loading=async. This can result in suboptimal performance. For best-practice loading patterns please see https://goo.gle/js-api-loading"],"stack":null}
[2026-04-22T05:14:54.957Z] {"timestamp":1776834894034,"level":"DEBUG","args":["[vite]","hot updated: /src/pages/ActionGuide.tsx"],"stack":null}
[2026-04-22T05:14:54.957Z] {"timestamp":1776834894034,"level":"DEBUG","args":["[vite]","hot updated: /src/index.css"],"stack":null}
[2026-04-22T05:15:00.954Z] {"timestamp":1776834899461,"level":"DEBUG","args":["[Manus] Debug collector initialized (no rrweb, UI events only)"],"stack":null}
[2026-04-22T05:15:00.954Z] {"timestamp":1776834899714,"level":"DEBUG","args":["[vite] connected."],"stack":null}
[2026-04-22T05:15:00.954Z] {"timestamp":1776834900085,"level":"WARN","args":["Google Maps JavaScript API has been loaded directly without loading=async. This can result in suboptimal performance. For best-practice loading patterns please see https://goo.gle/js-api-loading"],"stack":null}
[2026-04-22T05:15:50.947Z] {"timestamp":1776834949334,"level":"DEBUG","args":["[Manus] Debug collector initialized (no rrweb, UI events only)"],"stack":null}
[2026-04-22T05:15:50.947Z] {"timestamp":1776834949592,"level":"DEBUG","args":["[vite] connected."],"stack":null}
[2026-04-22T05:15:50.947Z] {"timestamp":1776834949986,"level":"WARN","args":["Google Maps JavaScript API has been loaded directly without loading=async. This can result in suboptimal performance. For best-practice loading patterns please see https://goo.gle/js-api-loading"],"stack":null}
[2026-04-22T05:16:12.950Z] {"timestamp":1776834972139,"level":"DEBUG","args":["[vite]","hot updated: /src/index.css"],"stack":null}
[2026-04-22T05:16:58.701Z] {"timestamp":1776835016695,"level":"DEBUG","args":["[Manus] Debug collector initialized (no rrweb, UI events only)"],"stack":null}
[2026-04-22T05:16:58.701Z] {"timestamp":1776835016709,"level":"DEBUG","args":["[vite] connected."],"stack":null}
[2026-04-22T05:16:58.701Z] {"timestamp":1776835016920,"level":"INFO","args":["%cDownload the React DevTools for a better development experience: https://react.dev/link/react-devtools","font-weight:bold"],"stack":null}
[2026-04-22T05:17:10.553Z] {"timestamp":1776835030861,"level":"WARN","args":["Element with name \"gmp-internal-loading-text\" already defined."],"stack":null}
[2026-04-22T05:17:10.553Z] {"timestamp":1776835030861,"level":"WARN","args":["Element with name \"gmp-internal-request-error-text\" already defined."],"stack":null}
[2026-04-22T05:17:10.553Z] {"timestamp":1776835030862,"level":"WARN","args":["Element with name \"gmp-internal-back-button\" already defined."],"stack":null}
[2026-04-22T05:17:10.553Z] {"timestamp":1776835030862,"level":"WARN","args":["Element with name \"gmp-internal-dialog\" already defined."],"stack":null}
[2026-04-22T05:17:10.553Z] {"timestamp":1776835030862,"level":"WARN","args":["Element with name \"gmp-internal-disclosure\" already defined."],"stack":null}
[2026-04-22T05:17:10.553Z] {"timestamp":1776835030862,"level":"WARN","args":["Element with name \"gmp-internal-disclosure-section\" already defined."],"stack":null}
[2026-04-22T05:17:10.553Z] {"timestamp":1776835030862,"level":"WARN","args":["Element with name \"gmp-internal-attribution\" already defined."],"stack":null}
[2026-04-22T05:17:10.553Z] {"timestamp":1776835030863,"level":"WARN","args":["Element with name \"gmp-internal-element-support-verification\" already defined."],"stack":null}
[2026-04-22T05:17:10.553Z] {"timestamp":1776835030863,"level":"ERROR","args":["You have included the Google Maps JavaScript API multiple times on this page. This may cause unexpected errors."],"stack":"Error\n    at console.<computed> [as error] (https://3000-iwi3fzzw46c2utma7n3fo-5ac9c38d.sg1.manus.computer/__manus__/debug-collector.js:391:37)\n    at Cea (https://forge.manus.ai/v1/maps/proxy/maps/api/js?key=cvZzDbPkXuMKHHX2jcgL3z&v=weekly&libraries=marker,places,geocoding,geometry:2168:273)\n    at Kea (https://forge.manus.ai/v1/maps/proxy/maps/api/js?key=cvZzDbPkXuMKHHX2jcgL3z&v=weekly&libraries=marker,places,geocoding,geometry:2161:81)\n    at google.maps.Load (https://forge.manus.ai/v1/maps/proxy/maps/api/js?key=cvZzDbPkXuMKHHX2jcgL3z&v=weekly&libraries=marker,places,geocoding,geometry:14:5)\n    at https://forge.manus.ai/v1/maps/proxy/maps/api/js?key=cvZzDbPkXuMKHHX2jcgL3z&v=weekly&libraries=marker,places,geocoding,geometry:2467:267\n    at https://forge.manus.ai/v1/maps/proxy/maps/api/js?key=cvZzDbPkXuMKHHX2jcgL3z&v=weekly&libraries=marker,places,geocoding,geometry:2467:280"}
[2026-04-22T05:17:10.553Z] {"timestamp":1776835030892,"level":"WARN","args":["Google Maps JavaScript API has been loaded directly without loading=async. This can result in suboptimal performance. For best-practice loading patterns please see https://goo.gle/js-api-loading"],"stack":null}
[2026-04-22T05:17:10.553Z] {"timestamp":1776835030893,"level":"WARN","args":["Element with name \"gmp-internal-rating\" already defined."],"stack":null}
[2026-04-22T05:17:10.553Z] {"timestamp":1776835030893,"level":"WARN","args":["Element with name \"gmp-place-all-content\" already defined."],"stack":null}
[2026-04-22T05:17:10.553Z] {"timestamp":1776835030893,"level":"WARN","args":["Element with name \"gmp-internal-link-button\" already defined."],"stack":null}
[2026-04-22T05:17:10.553Z] {"timestamp":1776835030893,"level":"WARN","args":["Element with name \"gmp-internal-menu\" already defined."],"stack":null}
[2026-04-22T05:17:10.553Z] {"timestamp":1776835030893,"level":"WARN","args":["Element with name \"gmp-internal-place-opening-hours\" already defined."],"stack":null}
[2026-04-22T05:17:10.553Z] {"timestamp":1776835030893,"level":"WARN","args":["Element with name \"gmp-internal-place-review\" already defined."],"stack":null}
[2026-04-22T05:17:10.553Z] {"timestamp":1776835030893,"level":"WARN","args":["Element with name \"gmp-internal-tabbed-layout\" already defined."],"stack":null}
[2026-04-22T05:17:10.553Z] {"timestamp":1776835030893,"level":"WARN","args":["Element with name \"gmp-internal-lightbox\" already defined."],"stack":null}
[2026-04-22T05:17:10.553Z] {"timestamp":1776835030893,"level":"WARN","args":["Element with name \"gmp-internal-collage\" already defined."],"stack":null}
[2026-04-22T05:17:10.553Z] {"timestamp":1776835030894,"level":"WARN","args":["Element with name \"gmp-internal-place-rating-summary\" already defined."],"stack":null}
[2026-04-22T05:17:10.553Z] {"timestamp":1776835030894,"level":"WARN","args":["Element with name \"gmp-place-content-config\" already defined."],"stack":null}
[2026-04-22T05:17:10.553Z] {"timestamp":1776835030894,"level":"WARN","args":["Element with name \"gmp-place-standard-content\" already defined."],"stack":null}
[2026-04-22T05:17:10.553Z] {"timestamp":1776835030894,"level":"WARN","args":["Element with name \"gmp-internal-place-basic-info\" already defined."],"stack":null}
[2026-04-22T05:17:10.553Z] {"timestamp":1776835030894,"level":"WARN","args":["Element with name \"gmp-place-details-location-request\" already defined."],"stack":null}
[2026-04-22T05:17:10.553Z] {"timestamp":1776835030894,"level":"WARN","args":["Element with name \"gmp-place-details-place-request\" already defined."],"stack":null}
[2026-04-22T05:17:10.553Z] {"timestamp":1776835030894,"level":"WARN","args":["Element with name \"gmp-internal-circular-loader\" already defined."],"stack":null}
[2026-04-22T05:17:10.553Z] {"timestamp":1776835030894,"level":"WARN","args":["Element with name \"gmp-place-details-compact\" already defined."],"stack":null}
[2026-04-22T05:17:10.553Z] {"timestamp":1776835030894,"level":"WARN","args":["Element with name \"gmp-internal-use-place-details-compact\" already defined."],"stack":null}
[2026-04-22T05:17:10.553Z] {"timestamp":1776835030895,"level":"WARN","args":["Element with name \"gmp-place-media\" already defined."],"stack":null}
[2026-04-22T05:17:10.553Z] {"timestamp":1776835030895,"level":"WARN","args":["Element with name \"gmp-place-address\" already defined."],"stack":null}
[2026-04-22T05:17:10.553Z] {"timestamp":1776835030895,"level":"WARN","args":["Element with name \"gmp-place-rating\" already defined."],"stack":null}
[2026-04-22T05:17:10.553Z] {"timestamp":1776835030895,"level":"WARN","args":["Element with name \"gmp-place-type\" already defined."],"stack":null}
[2026-04-22T05:17:10.553Z] {"timestamp":1776835030895,"level":"WARN","args":["Element with name \"gmp-place-price\" already defined."],"stack":null}
[2026-04-22T05:17:10.553Z] {"timestamp":1776835030895,"level":"WARN","args":["Element with name \"gmp-place-accessible-entrance-icon\" already defined."],"stack":null}
[2026-04-22T05:17:10.553Z] {"timestamp":1776835030895,"level":"WARN","args":["Element with name \"gmp-place-open-now-status\" already defined."],"stack":null}
[2026-04-22T05:17:10.553Z] {"timestamp":1776835030895,"level":"WARN","args":["Element with name \"gmp-place-attribution\" already defined."],"stack":null}
[2026-04-22T05:17:10.553Z] {"timestamp":1776835030895,"level":"WARN","args":["Element with name \"gmp-place-website\" already defined."],"stack":null}
[2026-04-22T05:17:10.553Z] {"timestamp":1776835030895,"level":"WARN","args":["Element with name \"gmp-place-phone-number\" already defined."],"stack":null}
[2026-04-22T05:17:10.553Z] {"timestamp":1776835030895,"level":"WARN","args":["Element with name \"gmp-place-opening-hours\" already defined."],"stack":null}
[2026-04-22T05:17:10.553Z] {"timestamp":1776835030895,"level":"WARN","args":["Element with name \"gmp-place-summary\" already defined."],"stack":null}
[2026-04-22T05:17:10.553Z] {"timestamp":1776835030895,"level":"WARN","args":["Element with name \"gmp-place-type-specific-highlights\" already defined."],"stack":null}
[2026-04-22T05:17:10.553Z] {"timestamp":1776835030895,"level":"WARN","args":["Element with name \"gmp-place-review-summary\" already defined."],"stack":null}
[2026-04-22T05:17:10.553Z] {"timestamp":1776835030895,"level":"WARN","args":["Element with name \"gmp-place-reviews\" already defined."],"stack":null}
[2026-04-22T05:17:10.553Z] {"timestamp":1776835030895,"level":"WARN","args":["Element with name \"gmp-place-plus-code\" already defined."],"stack":null}
[2026-04-22T05:17:10.553Z] {"timestamp":1776835030895,"level":"WARN","args":["Element with name \"gmp-place-feature-list\" already defined."],"stack":null}
[2026-04-22T05:17:10.553Z] {"timestamp":1776835030895,"level":"WARN","args":["Element with name \"gmp-place-details\" already defined."],"stack":null}
[2026-04-22T05:17:10.553Z] {"timestamp":1776835030895,"level":"WARN","args":["Element with name \"gmp-internal-place-carousel\" already defined."],"stack":null}
[2026-04-22T05:17:10.553Z] {"timestamp":1776835030895,"level":"WARN","args":["Element with name \"gmp-internal-place-search-list-item\" already defined."],"stack":null}
[2026-04-22T05:17:10.553Z] {"timestamp":1776835030896,"level":"WARN","args":["Element with name \"gmp-place-nearby-search-request\" already defined."],"stack":null}
[2026-04-22T05:17:10.553Z] {"timestamp":1776835030896,"level":"WARN","args":["Element with name \"gmp-place-text-search-request\" already defined."],"stack":null}
[2026-04-22T05:17:10.553Z] {"timestamp":1776835030896,"level":"WARN","args":["Element with name \"gmp-place-search\" already defined."],"stack":null}
[2026-04-22T05:17:10.553Z] {"timestamp":1776835030901,"level":"WARN","args":["Element with name \"gmp-pin\" already defined."],"stack":null}
[2026-04-22T05:17:10.553Z] {"timestamp":1776835030902,"level":"WARN","args":["Element with name \"gmp-internal-use-am\" already defined."],"stack":null}
[2026-04-22T05:17:10.553Z] {"timestamp":1776835030902,"level":"WARN","args":["Element with name \"gmp-map\" already defined."],"stack":null}
[2026-04-22T05:17:10.553Z] {"timestamp":1776835030903,"level":"WARN","args":["Element with name \"gmp-advanced-marker\" already defined."],"stack":null}
[2026-04-22T05:17:10.553Z] {"timestamp":1776835030903,"level":"WARN","args":["Element with name \"gmp-place-autocomplete\" already defined."],"stack":null}
[2026-04-22T05:17:10.553Z] {"timestamp":1776835030903,"level":"WARN","args":["Element with name \"gmp-basic-place-autocomplete\" already defined."],"stack":null}
[2026-04-22T05:17:10.553Z] {"timestamp":1776835031300,"level":"WARN","args":["Element with name \"gmp-internal-camera-control\" already defined."],"stack":null}
[2026-04-22T05:17:14.486Z] {"timestamp":1776835033558,"level":"WARN","args":["Warning: Missing `Description` or `aria-describedby={undefined}` for {DialogContent}."],"stack":null}
[2026-04-22T05:17:16.564Z] {"timestamp":1776835036092,"level":"WARN","args":["Element with name \"gmp-internal-loading-text\" already defined."],"stack":null}
[2026-04-22T05:17:16.564Z] {"timestamp":1776835036093,"level":"WARN","args":["Element with name \"gmp-internal-request-error-text\" already defined."],"stack":null}
[2026-04-22T05:17:16.564Z] {"timestamp":1776835036093,"level":"WARN","args":["Element with name \"gmp-internal-back-button\" already defined."],"stack":null}
[2026-04-22T05:17:16.564Z] {"timestamp":1776835036093,"level":"WARN","args":["Element with name \"gmp-internal-dialog\" already defined."],"stack":null}
[2026-04-22T05:17:16.564Z] {"timestamp":1776835036093,"level":"WARN","args":["Element with name \"gmp-internal-disclosure\" already defined."],"stack":null}
[2026-04-22T05:17:16.564Z] {"timestamp":1776835036093,"level":"WARN","args":["Element with name \"gmp-internal-disclosure-section\" already defined."],"stack":null}
[2026-04-22T05:17:16.564Z] {"timestamp":1776835036093,"level":"WARN","args":["Element with name \"gmp-internal-attribution\" already defined."],"stack":null}
[2026-04-22T05:17:16.564Z] {"timestamp":1776835036094,"level":"WARN","args":["Element with name \"gmp-internal-element-support-verification\" already defined."],"stack":null}
[2026-04-22T05:17:16.564Z] {"timestamp":1776835036094,"level":"ERROR","args":["You have included the Google Maps JavaScript API multiple times on this page. This may cause unexpected errors."],"stack":"Error\n    at console.<computed> [as error] (https://3000-iwi3fzzw46c2utma7n3fo-5ac9c38d.sg1.manus.computer/__manus__/debug-collector.js:391:37)\n    at Cea (https://forge.manus.ai/v1/maps/proxy/maps/api/js?key=cvZzDbPkXuMKHHX2jcgL3z&v=weekly&libraries=marker,places,geocoding,geometry:2168:273)\n    at Kea (https://forge.manus.ai/v1/maps/proxy/maps/api/js?key=cvZzDbPkXuMKHHX2jcgL3z&v=weekly&libraries=marker,places,geocoding,geometry:2161:81)\n    at google.maps.Load (https://forge.manus.ai/v1/maps/proxy/maps/api/js?key=cvZzDbPkXuMKHHX2jcgL3z&v=weekly&libraries=marker,places,geocoding,geometry:14:5)\n    at https://forge.manus.ai/v1/maps/proxy/maps/api/js?key=cvZzDbPkXuMKHHX2jcgL3z&v=weekly&libraries=marker,places,geocoding,geometry:2467:267\n    at https://forge.manus.ai/v1/maps/proxy/maps/api/js?key=cvZzDbPkXuMKHHX2jcgL3z&v=weekly&libraries=marker,places,geocoding,geometry:2467:280"}
[2026-04-22T05:17:16.564Z] {"timestamp":1776835036094,"level":"WARN","args":["Google Maps JavaScript API has been loaded directly without loading=async. This can result in suboptimal performance. For best-practice loading patterns please see https://goo.gle/js-api-loading"],"stack":null}
[2026-04-22T05:17:16.564Z] {"timestamp":1776835036095,"level":"WARN","args":["Element with name \"gmp-internal-rating\" already defined."],"stack":null}
[2026-04-22T05:17:16.564Z] {"timestamp":1776835036095,"level":"WARN","args":["Element with name \"gmp-place-all-content\" already defined."],"stack":null}
[2026-04-22T05:17:16.564Z] {"timestamp":1776835036095,"level":"WARN","args":["Element with name \"gmp-internal-link-button\" already defined."],"stack":null}
[2026-04-22T05:17:16.564Z] {"timestamp":1776835036095,"level":"WARN","args":["Element with name \"gmp-internal-menu\" already defined."],"stack":null}
[2026-04-22T05:17:16.564Z] {"timestamp":1776835036095,"level":"WARN","args":["Element with name \"gmp-internal-place-opening-hours\" already defined."],"stack":null}
[2026-04-22T05:17:16.564Z] {"timestamp":1776835036095,"level":"WARN","args":["Element with name \"gmp-internal-place-review\" already defined."],"stack":null}
[2026-04-22T05:17:16.564Z] {"timestamp":1776835036095,"level":"WARN","args":["Element with name \"gmp-internal-tabbed-layout\" already defined."],"stack":null}
[2026-04-22T05:17:16.564Z] {"timestamp":1776835036095,"level":"WARN","args":["Element with name \"gmp-internal-lightbox\" already defined."],"stack":null}
[2026-04-22T05:17:16.564Z] {"timestamp":1776835036095,"level":"WARN","args":["Element with name \"gmp-internal-collage\" already defined."],"stack":null}
[2026-04-22T05:17:16.564Z] {"timestamp":1776835036096,"level":"WARN","args":["Element with name \"gmp-internal-place-rating-summary\" already defined."],"stack":null}
[2026-04-22T05:17:16.564Z] {"timestamp":1776835036096,"level":"WARN","args":["Element with name \"gmp-place-content-config\" already defined."],"stack":null}
[2026-04-22T05:17:16.564Z] {"timestamp":1776835036096,"level":"WARN","args":["Element with name \"gmp-place-standard-content\" already defined."],"stack":null}
[2026-04-22T05:17:16.564Z] {"timestamp":1776835036096,"level":"WARN","args":["Element with name \"gmp-internal-place-basic-info\" already defined."],"stack":null}
[2026-04-22T05:17:16.564Z] {"timestamp":1776835036096,"level":"WARN","args":["Element with name \"gmp-place-details-location-request\" already defined."],"stack":null}
[2026-04-22T05:17:16.564Z] {"timestamp":1776835036096,"level":"WARN","args":["Element with name \"gmp-place-details-place-request\" already defined."],"stack":null}
[2026-04-22T05:17:16.564Z] {"timestamp":1776835036096,"level":"WARN","args":["Element with name \"gmp-internal-circular-loader\" already defined."],"stack":null}
[2026-04-22T05:17:16.564Z] {"timestamp":1776835036096,"level":"WARN","args":["Element with name \"gmp-place-details-compact\" already defined."],"stack":null}
[2026-04-22T05:17:16.564Z] {"timestamp":1776835036096,"level":"WARN","args":["Element with name \"gmp-internal-use-place-details-compact\" already defined."],"stack":null}
[2026-04-22T05:17:16.564Z] {"timestamp":1776835036097,"level":"WARN","args":["Element with name \"gmp-place-media\" already defined."],"stack":null}
[2026-04-22T05:17:16.564Z] {"timestamp":1776835036097,"level":"WARN","args":["Element with name \"gmp-place-address\" already defined."],"stack":null}
[2026-04-22T05:17:16.564Z] {"timestamp":1776835036097,"level":"WARN","args":["Element with name \"gmp-place-rating\" already defined."],"stack":null}
[2026-04-22T05:17:16.564Z] {"timestamp":1776835036097,"level":"WARN","args":["Element with name \"gmp-place-type\" already defined."],"stack":null}
[2026-04-22T05:17:16.564Z] {"timestamp":1776835036097,"level":"WARN","args":["Element with name \"gmp-place-price\" already defined."],"stack":null}
[2026-04-22T05:17:16.564Z] {"timestamp":1776835036097,"level":"WARN","args":["Element with name \"gmp-place-accessible-entrance-icon\" already defined."],"stack":null}
[2026-04-22T05:17:16.564Z] {"timestamp":1776835036097,"level":"WARN","args":["Element with name \"gmp-place-open-now-status\" already defined."],"stack":null}
[2026-04-22T05:17:16.564Z] {"timestamp":1776835036097,"level":"WARN","args":["Element with name \"gmp-place-attribution\" already defined."],"stack":null}
[2026-04-22T05:17:16.564Z] {"timestamp":1776835036097,"level":"WARN","args":["Element with name \"gmp-place-website\" already defined."],"stack":null}
[2026-04-22T05:17:16.564Z] {"timestamp":1776835036097,"level":"WARN","args":["Element with name \"gmp-place-phone-number\" already defined."],"stack":null}
[2026-04-22T05:17:16.564Z] {"timestamp":1776835036097,"level":"WARN","args":["Element with name \"gmp-place-opening-hours\" already defined."],"stack":null}
[2026-04-22T05:17:16.564Z] {"timestamp":1776835036097,"level":"WARN","args":["Element with name \"gmp-place-summary\" already defined."],"stack":null}
[2026-04-22T05:17:16.564Z] {"timestamp":1776835036097,"level":"WARN","args":["Element with name \"gmp-place-type-specific-highlights\" already defined."],"stack":null}
[2026-04-22T05:17:16.564Z] {"timestamp":1776835036097,"level":"WARN","args":["Element with name \"gmp-place-review-summary\" already defined."],"stack":null}
[2026-04-22T05:17:16.564Z] {"timestamp":1776835036097,"level":"WARN","args":["Element with name \"gmp-place-reviews\" already defined."],"stack":null}
[2026-04-22T05:17:16.564Z] {"timestamp":1776835036097,"level":"WARN","args":["Element with name \"gmp-place-plus-code\" already defined."],"stack":null}
[2026-04-22T05:17:16.564Z] {"timestamp":1776835036097,"level":"WARN","args":["Element with name \"gmp-place-feature-list\" already defined."],"stack":null}
[2026-04-22T05:17:16.564Z] {"timestamp":1776835036097,"level":"WARN","args":["Element with name \"gmp-place-details\" already defined."],"stack":null}
[2026-04-22T05:17:16.564Z] {"timestamp":1776835036097,"level":"WARN","args":["Element with name \"gmp-internal-place-carousel\" already defined."],"stack":null}
[2026-04-22T05:17:16.564Z] {"timestamp":1776835036097,"level":"WARN","args":["Element with name \"gmp-internal-place-search-list-item\" already defined."],"stack":null}
[2026-04-22T05:17:16.564Z] {"timestamp":1776835036097,"level":"WARN","args":["Element with name \"gmp-place-nearby-search-request\" already defined."],"stack":null}
[2026-04-22T05:17:16.564Z] {"timestamp":1776835036097,"level":"WARN","args":["Element with name \"gmp-place-text-search-request\" already defined."],"stack":null}
[2026-04-22T05:17:16.564Z] {"timestamp":1776835036097,"level":"WARN","args":["Element with name \"gmp-place-search\" already defined."],"stack":null}
[2026-04-22T05:17:16.564Z] {"timestamp":1776835036102,"level":"WARN","args":["Element with name \"gmp-pin\" already defined."],"stack":null}
[2026-04-22T05:17:16.564Z] {"timestamp":1776835036102,"level":"WARN","args":["Element with name \"gmp-internal-use-am\" already defined."],"stack":null}
[2026-04-22T05:17:16.564Z] {"timestamp":1776835036103,"level":"WARN","args":["Element with name \"gmp-map\" already defined."],"stack":null}
[2026-04-22T05:17:16.564Z] {"timestamp":1776835036103,"level":"WARN","args":["Element with name \"gmp-advanced-marker\" already defined."],"stack":null}
[2026-04-22T05:17:16.564Z] {"timestamp":1776835036103,"level":"WARN","args":["Element with name \"gmp-place-autocomplete\" already defined."],"stack":null}
[2026-04-22T05:17:16.564Z] {"timestamp":1776835036103,"level":"WARN","args":["Element with name \"gmp-basic-place-autocomplete\" already defined."],"stack":null}
[2026-04-22T05:17:16.564Z] {"timestamp":1776835036516,"level":"WARN","args":["Element with name \"gmp-internal-camera-control\" already defined."],"stack":null}
[2026-04-22T05:17:20.567Z] {"timestamp":1776835040619,"level":"WARN","args":["Element with name \"gmp-internal-loading-text\" already defined."],"stack":null}
[2026-04-22T05:17:20.567Z] {"timestamp":1776835040619,"level":"WARN","args":["Element with name \"gmp-internal-request-error-text\" already defined."],"stack":null}
[2026-04-22T05:17:20.567Z] {"timestamp":1776835040620,"level":"WARN","args":["Element with name \"gmp-internal-back-button\" already defined."],"stack":null}
[2026-04-22T05:17:20.567Z] {"timestamp":1776835040620,"level":"WARN","args":["Element with name \"gmp-internal-dialog\" already defined."],"stack":null}
[2026-04-22T05:17:20.567Z] {"timestamp":1776835040620,"level":"WARN","args":["Element with name \"gmp-internal-disclosure\" already defined."],"stack":null}
[2026-04-22T05:17:20.567Z] {"timestamp":1776835040620,"level":"WARN","args":["Element with name \"gmp-internal-disclosure-section\" already defined."],"stack":null}
[2026-04-22T05:17:20.567Z] {"timestamp":1776835040620,"level":"WARN","args":["Element with name \"gmp-internal-attribution\" already defined."],"stack":null}
[2026-04-22T05:17:20.567Z] {"timestamp":1776835040620,"level":"WARN","args":["Element with name \"gmp-internal-element-support-verification\" already defined."],"stack":null}
[2026-04-22T05:17:20.567Z] {"timestamp":1776835040620,"level":"ERROR","args":["You have included the Google Maps JavaScript API multiple times on this page. This may cause unexpected errors."],"stack":"Error\n    at console.<computed> [as error] (https://3000-iwi3fzzw46c2utma7n3fo-5ac9c38d.sg1.manus.computer/__manus__/debug-collector.js:391:37)\n    at Cea (https://forge.manus.ai/v1/maps/proxy/maps/api/js?key=cvZzDbPkXuMKHHX2jcgL3z&v=weekly&libraries=marker,places,geocoding,geometry:2168:273)\n    at Kea (https://forge.manus.ai/v1/maps/proxy/maps/api/js?key=cvZzDbPkXuMKHHX2jcgL3z&v=weekly&libraries=marker,places,geocoding,geometry:2161:81)\n    at google.maps.Load (https://forge.manus.ai/v1/maps/proxy/maps/api/js?key=cvZzDbPkXuMKHHX2jcgL3z&v=weekly&libraries=marker,places,geocoding,geometry:14:5)\n    at https://forge.manus.ai/v1/maps/proxy/maps/api/js?key=cvZzDbPkXuMKHHX2jcgL3z&v=weekly&libraries=marker,places,geocoding,geometry:2467:267\n    at https://forge.manus.ai/v1/maps/proxy/maps/api/js?key=cvZzDbPkXuMKHHX2jcgL3z&v=weekly&libraries=marker,places,geocoding,geometry:2467:280"}
[2026-04-22T05:17:20.567Z] {"timestamp":1776835040620,"level":"WARN","args":["Google Maps JavaScript API has been loaded directly without loading=async. This can result in suboptimal performance. For best-practice loading patterns please see https://goo.gle/js-api-loading"],"stack":null}
[2026-04-22T05:17:20.567Z] {"timestamp":1776835040621,"level":"WARN","args":["Element with name \"gmp-internal-rating\" already defined."],"stack":null}
[2026-04-22T05:17:20.567Z] {"timestamp":1776835040621,"level":"WARN","args":["Element with name \"gmp-place-all-content\" already defined."],"stack":null}
[2026-04-22T05:17:20.567Z] {"timestamp":1776835040621,"level":"WARN","args":["Element with name \"gmp-internal-link-button\" already defined."],"stack":null}
[2026-04-22T05:17:20.567Z] {"timestamp":1776835040621,"level":"WARN","args":["Element with name \"gmp-internal-menu\" already defined."],"stack":null}
[2026-04-22T05:17:20.567Z] {"timestamp":1776835040621,"level":"WARN","args":["Element with name \"gmp-internal-place-opening-hours\" already defined."],"stack":null}
[2026-04-22T05:17:20.567Z] {"timestamp":1776835040621,"level":"WARN","args":["Element with name \"gmp-internal-place-review\" already defined."],"stack":null}
[2026-04-22T05:17:20.567Z] {"timestamp":1776835040622,"level":"WARN","args":["Element with name \"gmp-internal-tabbed-layout\" already defined."],"stack":null}
[2026-04-22T05:17:20.567Z] {"timestamp":1776835040622,"level":"WARN","args":["Element with name \"gmp-internal-lightbox\" already defined."],"stack":null}
[2026-04-22T05:17:20.567Z] {"timestamp":1776835040622,"level":"WARN","args":["Element with name \"gmp-internal-collage\" already defined."],"stack":null}
[2026-04-22T05:17:20.567Z] {"timestamp":1776835040622,"level":"WARN","args":["Element with name \"gmp-internal-place-rating-summary\" already defined."],"stack":null}
[2026-04-22T05:17:20.567Z] {"timestamp":1776835040622,"level":"WARN","args":["Element with name \"gmp-place-content-config\" already defined."],"stack":null}
[2026-04-22T05:17:20.567Z] {"timestamp":1776835040622,"level":"WARN","args":["Element with name \"gmp-place-standard-content\" already defined."],"stack":null}
[2026-04-22T05:17:20.567Z] {"timestamp":1776835040622,"level":"WARN","args":["Element with name \"gmp-internal-place-basic-info\" already defined."],"stack":null}
[2026-04-22T05:17:20.567Z] {"timestamp":1776835040622,"level":"WARN","args":["Element with name \"gmp-place-details-location-request\" already defined."],"stack":null}
[2026-04-22T05:17:20.567Z] {"timestamp":1776835040622,"level":"WARN","args":["Element with name \"gmp-place-details-place-request\" already defined."],"stack":null}
[2026-04-22T05:17:20.567Z] {"timestamp":1776835040622,"level":"WARN","args":["Element with name \"gmp-internal-circular-loader\" already defined."],"stack":null}
[2026-04-22T05:17:20.567Z] {"timestamp":1776835040622,"level":"WARN","args":["Element with name \"gmp-place-details-compact\" already defined."],"stack":null}
[2026-04-22T05:17:20.567Z] {"timestamp":1776835040622,"level":"WARN","args":["Element with name \"gmp-internal-use-place-details-compact\" already defined."],"stack":null}
[2026-04-22T05:17:20.567Z] {"timestamp":1776835040623,"level":"WARN","args":["Element with name \"gmp-place-media\" already defined."],"stack":null}
[2026-04-22T05:17:20.567Z] {"timestamp":1776835040623,"level":"WARN","args":["Element with name \"gmp-place-address\" already defined."],"stack":null}
[2026-04-22T05:17:20.567Z] {"timestamp":1776835040623,"level":"WARN","args":["Element with name \"gmp-place-rating\" already defined."],"stack":null}
[2026-04-22T05:17:20.567Z] {"timestamp":1776835040623,"level":"WARN","args":["Element with name \"gmp-place-type\" already defined."],"stack":null}
[2026-04-22T05:17:20.567Z] {"timestamp":1776835040623,"level":"WARN","args":["Element with name \"gmp-place-price\" already defined."],"stack":null}
[2026-04-22T05:17:20.567Z] {"timestamp":1776835040623,"level":"WARN","args":["Element with name \"gmp-place-accessible-entrance-icon\" already defined."],"stack":null}
[2026-04-22T05:17:20.567Z] {"timestamp":1776835040623,"level":"WARN","args":["Element with name \"gmp-place-open-now-status\" already defined."],"stack":null}
[2026-04-22T05:17:20.567Z] {"timestamp":1776835040623,"level":"WARN","args":["Element with name \"gmp-place-attribution\" already defined."],"stack":null}
[2026-04-22T05:17:20.567Z] {"timestamp":1776835040623,"level":"WARN","args":["Element with name \"gmp-place-website\" already defined."],"stack":null}
[2026-04-22T05:17:20.567Z] {"timestamp":1776835040623,"level":"WARN","args":["Element with name \"gmp-place-phone-number\" already defined."],"stack":null}
[2026-04-22T05:17:20.567Z] {"timestamp":1776835040623,"level":"WARN","args":["Element with name \"gmp-place-opening-hours\" already defined."],"stack":null}
[2026-04-22T05:17:20.567Z] {"timestamp":1776835040623,"level":"WARN","args":["Element with name \"gmp-place-summary\" already defined."],"stack":null}
[2026-04-22T05:17:20.567Z] {"timestamp":1776835040623,"level":"WARN","args":["Element with name \"gmp-place-type-specific-highlights\" already defined."],"stack":null}
[2026-04-22T05:17:20.567Z] {"timestamp":1776835040623,"level":"WARN","args":["Element with name \"gmp-place-review-summary\" already defined."],"stack":null}
[2026-04-22T05:17:20.567Z] {"timestamp":1776835040623,"level":"WARN","args":["Element with name \"gmp-place-reviews\" already defined."],"stack":null}
[2026-04-22T05:17:20.567Z] {"timestamp":1776835040623,"level":"WARN","args":["Element with name \"gmp-place-plus-code\" already defined."],"stack":null}
[2026-04-22T05:17:20.567Z] {"timestamp":1776835040623,"level":"WARN","args":["Element with name \"gmp-place-feature-list\" already defined."],"stack":null}
[2026-04-22T05:17:20.567Z] {"timestamp":1776835040623,"level":"WARN","args":["Element with name \"gmp-place-details\" already defined."],"stack":null}
[2026-04-22T05:17:20.567Z] {"timestamp":1776835040623,"level":"WARN","args":["Element with name \"gmp-internal-place-carousel\" already defined."],"stack":null}
[2026-04-22T05:17:20.567Z] {"timestamp":1776835040623,"level":"WARN","args":["Element with name \"gmp-internal-place-search-list-item\" already defined."],"stack":null}
[2026-04-22T05:17:20.567Z] {"timestamp":1776835040623,"level":"WARN","args":["Element with name \"gmp-place-nearby-search-request\" already defined."],"stack":null}
[2026-04-22T05:17:20.567Z] {"timestamp":1776835040623,"level":"WARN","args":["Element with name \"gmp-place-text-search-request\" already defined."],"stack":null}
[2026-04-22T05:17:20.567Z] {"timestamp":1776835040623,"level":"WARN","args":["Element with name \"gmp-place-search\" already defined."],"stack":null}
[2026-04-22T05:17:20.567Z] {"timestamp":1776835040626,"level":"WARN","args":["Element with name \"gmp-pin\" already defined."],"stack":null}
[2026-04-22T05:17:20.567Z] {"timestamp":1776835040627,"level":"WARN","args":["Element with name \"gmp-internal-use-am\" already defined."],"stack":null}
[2026-04-22T05:17:20.567Z] {"timestamp":1776835040627,"level":"WARN","args":["Element with name \"gmp-map\" already defined."],"stack":null}
[2026-04-22T05:17:20.567Z] {"timestamp":1776835040628,"level":"WARN","args":["Element with name \"gmp-advanced-marker\" already defined."],"stack":null}
[2026-04-22T05:17:20.567Z] {"timestamp":1776835040628,"level":"WARN","args":["Element with name \"gmp-place-autocomplete\" already defined."],"stack":null}
[2026-04-22T05:17:20.567Z] {"timestamp":1776835040628,"level":"WARN","args":["Element with name \"gmp-basic-place-autocomplete\" already defined."],"stack":null}
[2026-04-22T05:17:20.567Z] {"timestamp":1776835040998,"level":"WARN","args":["Element with name \"gmp-internal-camera-control\" already defined."],"stack":null}
[2026-04-22T05:21:14.058Z] {"timestamp":1776835272907,"level":"DEBUG","args":["[Manus] Debug collector initialized (no rrweb, UI events only)"],"stack":null}
[2026-04-22T05:21:14.058Z] {"timestamp":1776835273155,"level":"DEBUG","args":["[vite] connected."],"stack":null}
[2026-04-22T05:21:14.058Z] {"timestamp":1776835273653,"level":"WARN","args":["Google Maps JavaScript API has been loaded directly without loading=async. This can result in suboptimal performance. For best-practice loading patterns please see https://goo.gle/js-api-loading"],"stack":null}
[2026-04-22T05:21:20.943Z] {"timestamp":1776835280140,"level":"DEBUG","args":["[vite]","hot updated: /src/App.tsx"],"stack":null}
[2026-04-22T05:21:20.943Z] {"timestamp":1776835280140,"level":"DEBUG","args":["[vite]","hot updated: /src/index.css"],"stack":null}
[2026-04-22T05:21:26.954Z] {"timestamp":1776835285764,"level":"DEBUG","args":["[Manus] Debug collector initialized (no rrweb, UI events only)"],"stack":null}
[2026-04-22T05:21:26.954Z] {"timestamp":1776835286018,"level":"DEBUG","args":["[vite] connected."],"stack":null}
[2026-04-22T05:21:26.954Z] {"timestamp":1776835286564,"level":"WARN","args":["Google Maps JavaScript API has been loaded directly without loading=async. This can result in suboptimal performance. For best-practice loading patterns please see https://goo.gle/js-api-loading"],"stack":null}
[2026-04-22T05:21:41.375Z] {"timestamp":1776835300018,"level":"DEBUG","args":["[Manus] Debug collector initialized (no rrweb, UI events only)"],"stack":null}
[2026-04-22T05:21:41.375Z] {"timestamp":1776835300263,"level":"DEBUG","args":["[vite] connected."],"stack":null}
[2026-04-22T05:21:41.375Z] {"timestamp":1776835300818,"level":"WARN","args":["Google Maps JavaScript API has been loaded directly without loading=async. This can result in suboptimal performance. For best-practice loading patterns please see https://goo.gle/js-api-loading"],"stack":null}
[2026-04-22T05:21:42.886Z] {"timestamp":1776835301737,"level":"DEBUG","args":["[Manus] Debug collector initialized (no rrweb, UI events only)"],"stack":null}
[2026-04-22T05:21:42.886Z] {"timestamp":1776835301980,"level":"DEBUG","args":["[vite] connected."],"stack":null}
[2026-04-22T05:21:42.886Z] {"timestamp":1776835302364,"level":"WARN","args":["Google Maps JavaScript API has been loaded directly without loading=async. This can result in suboptimal performance. For best-practice loading patterns please see https://goo.gle/js-api-loading"],"stack":null}
[2026-04-22T05:22:43.633Z] {"timestamp":1776835362419,"level":"DEBUG","args":["[Manus] Debug collector initialized (no rrweb, UI events only)"],"stack":null}
[2026-04-22T05:22:43.633Z] {"timestamp":1776835362677,"level":"DEBUG","args":["[vite] connected."],"stack":null}
[2026-04-22T05:22:43.633Z] {"timestamp":1776835363168,"level":"WARN","args":["Google Maps JavaScript API has been loaded directly without loading=async. This can result in suboptimal performance. For best-practice loading patterns please see https://goo.gle/js-api-loading"],"stack":null}
[2026-04-22T05:22:48.292Z] {"timestamp":1776835367084,"level":"DEBUG","args":["[Manus] Debug collector initialized (no rrweb, UI events only)"],"stack":null}
[2026-04-22T05:22:48.292Z] {"timestamp":1776835367340,"level":"DEBUG","args":["[vite] connected."],"stack":null}
[2026-04-22T05:22:48.292Z] {"timestamp":1776835367748,"level":"WARN","args":["Google Maps JavaScript API has been loaded directly without loading=async. This can result in suboptimal performance. For best-practice loading patterns please see https://goo.gle/js-api-loading"],"stack":null}
[2026-04-22T05:25:20.476Z] {"timestamp":1776835519265,"level":"DEBUG","args":["[Manus] Debug collector initialized (no rrweb, UI events only)"],"stack":null}
[2026-04-22T05:25:20.476Z] {"timestamp":1776835519515,"level":"DEBUG","args":["[vite] connected."],"stack":null}
[2026-04-22T05:25:20.476Z] {"timestamp":1776835520037,"level":"WARN","args":["Google Maps JavaScript API has been loaded directly without loading=async. This can result in suboptimal performance. For best-practice loading patterns please see https://goo.gle/js-api-loading"],"stack":null}
[2026-04-22T05:25:23.006Z] {"timestamp":1776835521793,"level":"DEBUG","args":["[Manus] Debug collector initialized (no rrweb, UI events only)"],"stack":null}
[2026-04-22T05:25:23.006Z] {"timestamp":1776835522049,"level":"DEBUG","args":["[vite] connected."],"stack":null}
[2026-04-22T05:25:23.006Z] {"timestamp":1776835522525,"level":"WARN","args":["Google Maps JavaScript API has been loaded directly without loading=async. This can result in suboptimal performance. For best-practice loading patterns please see https://goo.gle/js-api-loading"],"stack":null}
[2026-04-22T05:25:31.186Z] {"timestamp":1776835529974,"level":"DEBUG","args":["[Manus] Debug collector initialized (no rrweb, UI events only)"],"stack":null}
[2026-04-22T05:25:31.186Z] {"timestamp":1776835530221,"level":"DEBUG","args":["[vite] connected."],"stack":null}
[2026-04-22T05:25:31.186Z] {"timestamp":1776835530544,"level":"WARN","args":["Google Maps JavaScript API has been loaded directly without loading=async. This can result in suboptimal performance. For best-practice loading patterns please see https://goo.gle/js-api-loading"],"stack":null}
[2026-04-22T05:25:35.110Z] {"timestamp":1776835534141,"level":"DEBUG","args":["[vite]","hot updated: /src/index.css"],"stack":null}
[2026-04-22T05:26:19.181Z] {"timestamp":1776835577175,"level":"DEBUG","args":["[Manus] Debug collector initialized (no rrweb, UI events only)"],"stack":null}
[2026-04-22T05:26:19.181Z] {"timestamp":1776835577180,"level":"DEBUG","args":["[vite] connected."],"stack":null}
[2026-04-22T05:26:19.181Z] {"timestamp":1776835577414,"level":"INFO","args":["%cDownload the React DevTools for a better development experience: https://react.dev/link/react-devtools","font-weight:bold"],"stack":null}
[2026-04-22T05:26:24.819Z] {"timestamp":1776835583615,"level":"DEBUG","args":["[Manus] Debug collector initialized (no rrweb, UI events only)"],"stack":null}
[2026-04-22T05:26:24.819Z] {"timestamp":1776835583878,"level":"DEBUG","args":["[vite] connected."],"stack":null}
[2026-04-22T05:26:24.819Z] {"timestamp":1776835584433,"level":"WARN","args":["Google Maps JavaScript API has been loaded directly without loading=async. This can result in suboptimal performance. For best-practice loading patterns please see https://goo.gle/js-api-loading"],"stack":null}
[2026-04-22T05:26:28.006Z] {"timestamp":1776835586434,"level":"DEBUG","args":["[Manus] Debug collector initialized (no rrweb, UI events only)"],"stack":null}
[2026-04-22T05:26:28.006Z] {"timestamp":1776835586689,"level":"DEBUG","args":["[vite] connected."],"stack":null}
[2026-04-22T05:26:28.006Z] {"timestamp":1776835587020,"level":"WARN","args":["Google Maps JavaScript API has been loaded directly without loading=async. This can result in suboptimal performance. For best-practice loading patterns please see https://goo.gle/js-api-loading"],"stack":null}
[2026-04-22T05:26:59.932Z] {"timestamp":1776835618788,"level":"DEBUG","args":["[Manus] Debug collector initialized (no rrweb, UI events only)"],"stack":null}
[2026-04-22T05:26:59.932Z] {"timestamp":1776835619035,"level":"DEBUG","args":["[vite] connected."],"stack":null}
[2026-04-22T05:26:59.932Z] {"timestamp":1776835619475,"level":"WARN","args":["Google Maps JavaScript API has been loaded directly without loading=async. This can result in suboptimal performance. For best-practice loading patterns please see https://goo.gle/js-api-loading"],"stack":null}
[2026-04-22T05:27:08.321Z] {"timestamp":1776835627113,"level":"DEBUG","args":["[Manus] Debug collector initialized (no rrweb, UI events only)"],"stack":null}
[2026-04-22T05:27:08.321Z] {"timestamp":1776835627364,"level":"DEBUG","args":["[vite] connected."],"stack":null}
[2026-04-22T05:27:08.321Z] {"timestamp":1776835627755,"level":"WARN","args":["Google Maps JavaScript API has been loaded directly without loading=async. This can result in suboptimal performance. For best-practice loading patterns please see https://goo.gle/js-api-loading"],"stack":null}
[2026-04-22T05:27:58.842Z] {"timestamp":1776835677635,"level":"DEBUG","args":["[Manus] Debug collector initialized (no rrweb, UI events only)"],"stack":null}
[2026-04-22T05:27:58.842Z] {"timestamp":1776835677885,"level":"DEBUG","args":["[vite] connected."],"stack":null}
[2026-04-22T05:27:58.842Z] {"timestamp":1776835678454,"level":"WARN","args":["Google Maps JavaScript API has been loaded directly without loading=async. This can result in suboptimal performance. For best-practice loading patterns please see https://goo.gle/js-api-loading"],"stack":null}
[2026-04-22T05:28:03.313Z] {"timestamp":1776835682107,"level":"DEBUG","args":["[Manus] Debug collector initialized (no rrweb, UI events only)"],"stack":null}
[2026-04-22T05:28:03.313Z] {"timestamp":1776835682366,"level":"DEBUG","args":["[vite] connected."],"stack":null}
[2026-04-22T05:28:03.313Z] {"timestamp":1776835682748,"level":"WARN","args":["Google Maps JavaScript API has been loaded directly without loading=async. This can result in suboptimal performance. For best-practice loading patterns please see https://goo.gle/js-api-loading"],"stack":null}
[2026-04-22T06:11:59.491Z] {"timestamp":1776838317486,"level":"DEBUG","args":["[Manus] Debug collector initialized (no rrweb, UI events only)"],"stack":null}
[2026-04-22T06:11:59.492Z] {"timestamp":1776838317496,"level":"DEBUG","args":["[vite] connected."],"stack":null}
[2026-04-22T06:11:59.492Z] {"timestamp":1776838317698,"level":"INFO","args":["%cDownload the React DevTools for a better development experience: https://react.dev/link/react-devtools","font-weight:bold"],"stack":null}
[2026-04-22T06:12:05.353Z] {"timestamp":1776838324181,"level":"DEBUG","args":["[Manus] Debug collector initialized (no rrweb, UI events only)"],"stack":null}
[2026-04-22T06:12:05.353Z] {"timestamp":1776838324450,"level":"DEBUG","args":["[vite] connected."],"stack":null}
[2026-04-22T06:12:05.353Z] {"timestamp":1776838325374,"level":"WARN","args":["Google Maps JavaScript API has been loaded directly without loading=async. This can result in suboptimal performance. For best-practice loading patterns please see https://goo.gle/js-api-loading"],"stack":null}
[2026-04-22T06:12:08.745Z] {"timestamp":1776838327570,"level":"DEBUG","args":["[Manus] Debug collector initialized (no rrweb, UI events only)"],"stack":null}
[2026-04-22T06:12:08.745Z] {"timestamp":1776838327822,"level":"DEBUG","args":["[vite] connected."],"stack":null}
[2026-04-22T06:12:08.745Z] {"timestamp":1776838328402,"level":"WARN","args":["Google Maps JavaScript API has been loaded directly without loading=async. This can result in suboptimal performance. For best-practice loading patterns please see https://goo.gle/js-api-loading"],"stack":null}
[2026-04-22T06:12:11.338Z] {"timestamp":1776838330158,"level":"DEBUG","args":["[Manus] Debug collector initialized (no rrweb, UI events only)"],"stack":null}
[2026-04-22T06:12:11.338Z] {"timestamp":1776838330407,"level":"DEBUG","args":["[vite] connected."],"stack":null}
[2026-04-22T06:12:11.338Z] {"timestamp":1776838331018,"level":"WARN","args":["Google Maps JavaScript API has been loaded directly without loading=async. This can result in suboptimal performance. For best-practice loading patterns please see https://goo.gle/js-api-loading"],"stack":null}
[2026-04-22T06:13:15.958Z] {"timestamp":1776838394853,"level":"DEBUG","args":["[Manus] Debug collector initialized (no rrweb, UI events only)"],"stack":null}
[2026-04-22T06:13:15.958Z] {"timestamp":1776838395102,"level":"DEBUG","args":["[vite] connected."],"stack":null}
[2026-04-22T06:13:15.958Z] {"timestamp":1776838395562,"level":"WARN","args":["Google Maps JavaScript API has been loaded directly without loading=async. This can result in suboptimal performance. For best-practice loading patterns please see https://goo.gle/js-api-loading"],"stack":null}
[2026-04-22T06:13:18.900Z] {"timestamp":1776838397450,"level":"DEBUG","args":["[Manus] Debug collector initialized (no rrweb, UI events only)"],"stack":null}
[2026-04-22T06:13:18.900Z] {"timestamp":1776838397703,"level":"DEBUG","args":["[vite] connected."],"stack":null}
[2026-04-22T06:13:18.900Z] {"timestamp":1776838398178,"level":"WARN","args":["Google Maps JavaScript API has been loaded directly without loading=async. This can result in suboptimal performance. For best-practice loading patterns please see https://goo.gle/js-api-loading"],"stack":null}
[2026-04-22T06:13:27.364Z] {"timestamp":1776838406266,"level":"DEBUG","args":["[Manus] Debug collector initialized (no rrweb, UI events only)"],"stack":null}
[2026-04-22T06:13:27.364Z] {"timestamp":1776838406522,"level":"DEBUG","args":["[vite] connected."],"stack":null}
[2026-04-22T06:13:27.364Z] {"timestamp":1776838407017,"level":"WARN","args":["Google Maps JavaScript API has been loaded directly without loading=async. This can result in suboptimal performance. For best-practice loading patterns please see https://goo.gle/js-api-loading"],"stack":null}
[2026-04-22T06:13:33.903Z] {"timestamp":1776838411892,"level":"DEBUG","args":["[Manus] Debug collector initialized (no rrweb, UI events only)"],"stack":null}
[2026-04-22T06:13:33.903Z] {"timestamp":1776838412144,"level":"DEBUG","args":["[vite] connected."],"stack":null}
[2026-04-22T06:13:33.903Z] {"timestamp":1776838412696,"level":"WARN","args":["Google Maps JavaScript API has been loaded directly without loading=async. This can result in suboptimal performance. For best-practice loading patterns please see https://goo.gle/js-api-loading"],"stack":null}
[2026-04-22T06:19:03.909Z] {"timestamp":1776838742279,"level":"DEBUG","args":["[Manus] Debug collector initialized (no rrweb, UI events only)"],"stack":null}
[2026-04-22T06:19:03.909Z] {"timestamp":1776838742528,"level":"DEBUG","args":["[vite] connected."],"stack":null}
[2026-04-22T06:19:07.900Z] {"timestamp":1776838746731,"level":"DEBUG","args":["[Manus] Debug collector initialized (no rrweb, UI events only)"],"stack":null}
[2026-04-22T06:19:07.900Z] {"timestamp":1776838746992,"level":"DEBUG","args":["[vite] connected."],"stack":null}
[2026-04-22T06:19:07.900Z] {"timestamp":1776838747397,"level":"WARN","args":["Google Maps JavaScript API has been loaded directly without loading=async. This can result in suboptimal performance. For best-practice loading patterns please see https://goo.gle/js-api-loading"],"stack":null}
[2026-04-22T06:19:33.908Z] {"timestamp":1776838774046,"level":"WARN","args":["Element with name \"gmp-internal-loading-text\" already defined."],"stack":null}
[2026-04-22T06:19:33.908Z] {"timestamp":1776838774046,"level":"WARN","args":["Element with name \"gmp-internal-request-error-text\" already defined."],"stack":null}
[2026-04-22T06:19:33.908Z] {"timestamp":1776838774046,"level":"WARN","args":["Element with name \"gmp-internal-back-button\" already defined."],"stack":null}
[2026-04-22T06:19:33.908Z] {"timestamp":1776838774046,"level":"WARN","args":["Element with name \"gmp-internal-dialog\" already defined."],"stack":null}
[2026-04-22T06:19:33.908Z] {"timestamp":1776838774047,"level":"WARN","args":["Element with name \"gmp-internal-disclosure\" already defined."],"stack":null}
[2026-04-22T06:19:33.908Z] {"timestamp":1776838774047,"level":"WARN","args":["Element with name \"gmp-internal-disclosure-section\" already defined."],"stack":null}
[2026-04-22T06:19:33.908Z] {"timestamp":1776838774047,"level":"WARN","args":["Element with name \"gmp-internal-attribution\" already defined."],"stack":null}
[2026-04-22T06:19:33.908Z] {"timestamp":1776838774047,"level":"WARN","args":["Element with name \"gmp-internal-element-support-verification\" already defined."],"stack":null}
[2026-04-22T06:19:33.908Z] {"timestamp":1776838774047,"level":"ERROR","args":["You have included the Google Maps JavaScript API multiple times on this page. This may cause unexpected errors."],"stack":"Error\n    at console.<computed> [as error] (https://3000-iwi3fzzw46c2utma7n3fo-5ac9c38d.sg1.manus.computer/__manus__/debug-collector.js:391:37)\n    at Cea (https://forge.manus.ai/v1/maps/proxy/maps/api/js?key=cvZzDbPkXuMKHHX2jcgL3z&v=weekly&libraries=marker,places,geocoding,geometry:2168:273)\n    at Kea (https://forge.manus.ai/v1/maps/proxy/maps/api/js?key=cvZzDbPkXuMKHHX2jcgL3z&v=weekly&libraries=marker,places,geocoding,geometry:2161:81)\n    at google.maps.Load (https://forge.manus.ai/v1/maps/proxy/maps/api/js?key=cvZzDbPkXuMKHHX2jcgL3z&v=weekly&libraries=marker,places,geocoding,geometry:14:5)\n    at https://forge.manus.ai/v1/maps/proxy/maps/api/js?key=cvZzDbPkXuMKHHX2jcgL3z&v=weekly&libraries=marker,places,geocoding,geometry:2467:267\n    at https://forge.manus.ai/v1/maps/proxy/maps/api/js?key=cvZzDbPkXuMKHHX2jcgL3z&v=weekly&libraries=marker,places,geocoding,geometry:2467:280"}
[2026-04-22T06:19:33.908Z] {"timestamp":1776838774079,"level":"WARN","args":["Google Maps JavaScript API has been loaded directly without loading=async. This can result in suboptimal performance. For best-practice loading patterns please see https://goo.gle/js-api-loading"],"stack":null}
[2026-04-22T06:19:33.908Z] {"timestamp":1776838774079,"level":"WARN","args":["Element with name \"gmp-internal-rating\" already defined."],"stack":null}
[2026-04-22T06:19:33.908Z] {"timestamp":1776838774080,"level":"WARN","args":["Element with name \"gmp-place-all-content\" already defined."],"stack":null}
[2026-04-22T06:19:33.908Z] {"timestamp":1776838774080,"level":"WARN","args":["Element with name \"gmp-internal-link-button\" already defined."],"stack":null}
[2026-04-22T06:19:33.908Z] {"timestamp":1776838774080,"level":"WARN","args":["Element with name \"gmp-internal-menu\" already defined."],"stack":null}
[2026-04-22T06:19:33.908Z] {"timestamp":1776838774080,"level":"WARN","args":["Element with name \"gmp-internal-place-opening-hours\" already defined."],"stack":null}
[2026-04-22T06:19:33.908Z] {"timestamp":1776838774080,"level":"WARN","args":["Element with name \"gmp-internal-place-review\" already defined."],"stack":null}
[2026-04-22T06:19:33.908Z] {"timestamp":1776838774080,"level":"WARN","args":["Element with name \"gmp-internal-tabbed-layout\" already defined."],"stack":null}
[2026-04-22T06:19:33.908Z] {"timestamp":1776838774080,"level":"WARN","args":["Element with name \"gmp-internal-lightbox\" already defined."],"stack":null}
[2026-04-22T06:19:33.908Z] {"timestamp":1776838774080,"level":"WARN","args":["Element with name \"gmp-internal-collage\" already defined."],"stack":null}
[2026-04-22T06:19:33.908Z] {"timestamp":1776838774080,"level":"WARN","args":["Element with name \"gmp-internal-place-rating-summary\" already defined."],"stack":null}
[2026-04-22T06:19:33.908Z] {"timestamp":1776838774080,"level":"WARN","args":["Element with name \"gmp-place-content-config\" already defined."],"stack":null}
[2026-04-22T06:19:33.908Z] {"timestamp":1776838774080,"level":"WARN","args":["Element with name \"gmp-place-standard-content\" already defined."],"stack":null}
[2026-04-22T06:19:33.908Z] {"timestamp":1776838774080,"level":"WARN","args":["Element with name \"gmp-internal-place-basic-info\" already defined."],"stack":null}
[2026-04-22T06:19:33.908Z] {"timestamp":1776838774080,"level":"WARN","args":["Element with name \"gmp-place-details-location-request\" already defined."],"stack":null}
[2026-04-22T06:19:33.908Z] {"timestamp":1776838774081,"level":"WARN","args":["Element with name \"gmp-place-details-place-request\" already defined."],"stack":null}
[2026-04-22T06:19:33.908Z] {"timestamp":1776838774081,"level":"WARN","args":["Element with name \"gmp-internal-circular-loader\" already defined."],"stack":null}
[2026-04-22T06:19:33.908Z] {"timestamp":1776838774081,"level":"WARN","args":["Element with name \"gmp-place-details-compact\" already defined."],"stack":null}
[2026-04-22T06:19:33.908Z] {"timestamp":1776838774081,"level":"WARN","args":["Element with name \"gmp-internal-use-place-details-compact\" already defined."],"stack":null}
[2026-04-22T06:19:33.908Z] {"timestamp":1776838774081,"level":"WARN","args":["Element with name \"gmp-place-media\" already defined."],"stack":null}
[2026-04-22T06:19:33.908Z] {"timestamp":1776838774081,"level":"WARN","args":["Element with name \"gmp-place-address\" already defined."],"stack":null}
[2026-04-22T06:19:33.908Z] {"timestamp":1776838774081,"level":"WARN","args":["Element with name \"gmp-place-rating\" already defined."],"stack":null}
[2026-04-22T06:19:33.908Z] {"timestamp":1776838774081,"level":"WARN","args":["Element with name \"gmp-place-type\" already defined."],"stack":null}
[2026-04-22T06:19:33.908Z] {"timestamp":1776838774081,"level":"WARN","args":["Element with name \"gmp-place-price\" already defined."],"stack":null}
[2026-04-22T06:19:33.908Z] {"timestamp":1776838774081,"level":"WARN","args":["Element with name \"gmp-place-accessible-entrance-icon\" already defined."],"stack":null}
[2026-04-22T06:19:33.909Z] {"timestamp":1776838774081,"level":"WARN","args":["Element with name \"gmp-place-open-now-status\" already defined."],"stack":null}
[2026-04-22T06:19:33.909Z] {"timestamp":1776838774081,"level":"WARN","args":["Element with name \"gmp-place-attribution\" already defined."],"stack":null}
[2026-04-22T06:19:33.909Z] {"timestamp":1776838774081,"level":"WARN","args":["Element with name \"gmp-place-website\" already defined."],"stack":null}
[2026-04-22T06:19:33.909Z] {"timestamp":1776838774081,"level":"WARN","args":["Element with name \"gmp-place-phone-number\" already defined."],"stack":null}
[2026-04-22T06:19:33.909Z] {"timestamp":1776838774081,"level":"WARN","args":["Element with name \"gmp-place-opening-hours\" already defined."],"stack":null}
[2026-04-22T06:19:33.909Z] {"timestamp":1776838774081,"level":"WARN","args":["Element with name \"gmp-place-summary\" already defined."],"stack":null}
[2026-04-22T06:19:33.909Z] {"timestamp":1776838774081,"level":"WARN","args":["Element with name \"gmp-place-type-specific-highlights\" already defined."],"stack":null}
[2026-04-22T06:19:33.909Z] {"timestamp":1776838774081,"level":"WARN","args":["Element with name \"gmp-place-review-summary\" already defined."],"stack":null}
[2026-04-22T06:19:33.909Z] {"timestamp":1776838774081,"level":"WARN","args":["Element with name \"gmp-place-reviews\" already defined."],"stack":null}
[2026-04-22T06:19:33.909Z] {"timestamp":1776838774081,"level":"WARN","args":["Element with name \"gmp-place-plus-code\" already defined."],"stack":null}
[2026-04-22T06:19:33.909Z] {"timestamp":1776838774081,"level":"WARN","args":["Element with name \"gmp-place-feature-list\" already defined."],"stack":null}
[2026-04-22T06:19:33.909Z] {"timestamp":1776838774081,"level":"WARN","args":["Element with name \"gmp-place-details\" already defined."],"stack":null}
[2026-04-22T06:19:33.909Z] {"timestamp":1776838774081,"level":"WARN","args":["Element with name \"gmp-internal-place-carousel\" already defined."],"stack":null}
[2026-04-22T06:19:33.909Z] {"timestamp":1776838774081,"level":"WARN","args":["Element with name \"gmp-internal-place-search-list-item\" already defined."],"stack":null}
[2026-04-22T06:19:33.909Z] {"timestamp":1776838774082,"level":"WARN","args":["Element with name \"gmp-place-nearby-search-request\" already defined."],"stack":null}
[2026-04-22T06:19:33.909Z] {"timestamp":1776838774082,"level":"WARN","args":["Element with name \"gmp-place-text-search-request\" already defined."],"stack":null}
[2026-04-22T06:19:33.909Z] {"timestamp":1776838774082,"level":"WARN","args":["Element with name \"gmp-place-search\" already defined."],"stack":null}
[2026-04-22T06:19:33.909Z] {"timestamp":1776838774086,"level":"WARN","args":["Element with name \"gmp-pin\" already defined."],"stack":null}
[2026-04-22T06:19:33.909Z] {"timestamp":1776838774087,"level":"WARN","args":["Element with name \"gmp-internal-use-am\" already defined."],"stack":null}
[2026-04-22T06:19:33.909Z] {"timestamp":1776838774088,"level":"WARN","args":["Element with name \"gmp-map\" already defined."],"stack":null}
[2026-04-22T06:19:33.909Z] {"timestamp":1776838774088,"level":"WARN","args":["Element with name \"gmp-advanced-marker\" already defined."],"stack":null}
[2026-04-22T06:19:33.909Z] {"timestamp":1776838774088,"level":"WARN","args":["Element with name \"gmp-place-autocomplete\" already defined."],"stack":null}
[2026-04-22T06:19:33.909Z] {"timestamp":1776838774088,"level":"WARN","args":["Element with name \"gmp-basic-place-autocomplete\" already defined."],"stack":null}
[2026-04-22T06:19:33.909Z] {"timestamp":1776838774552,"level":"WARN","args":["Element with name \"gmp-internal-camera-control\" already defined."],"stack":null}
[2026-04-22T06:19:42.057Z] {"timestamp":1776838781045,"level":"WARN","args":["Element with name \"gmp-internal-loading-text\" already defined."],"stack":null}
[2026-04-22T06:19:42.057Z] {"timestamp":1776838781045,"level":"WARN","args":["Element with name \"gmp-internal-request-error-text\" already defined."],"stack":null}
[2026-04-22T06:19:42.057Z] {"timestamp":1776838781046,"level":"WARN","args":["Element with name \"gmp-internal-back-button\" already defined."],"stack":null}
[2026-04-22T06:19:42.057Z] {"timestamp":1776838781046,"level":"WARN","args":["Element with name \"gmp-internal-dialog\" already defined."],"stack":null}
[2026-04-22T06:19:42.057Z] {"timestamp":1776838781046,"level":"WARN","args":["Element with name \"gmp-internal-disclosure\" already defined."],"stack":null}
[2026-04-22T06:19:42.057Z] {"timestamp":1776838781046,"level":"WARN","args":["Element with name \"gmp-internal-disclosure-section\" already defined."],"stack":null}
[2026-04-22T06:19:42.057Z] {"timestamp":1776838781046,"level":"WARN","args":["Element with name \"gmp-internal-attribution\" already defined."],"stack":null}
[2026-04-22T06:19:42.057Z] {"timestamp":1776838781046,"level":"WARN","args":["Element with name \"gmp-internal-element-support-verification\" already defined."],"stack":null}
[2026-04-22T06:19:42.057Z] {"timestamp":1776838781046,"level":"ERROR","args":["You have included the Google Maps JavaScript API multiple times on this page. This may cause unexpected errors."],"stack":"Error\n    at console.<computed> [as error] (https://3000-iwi3fzzw46c2utma7n3fo-5ac9c38d.sg1.manus.computer/__manus__/debug-collector.js:391:37)\n    at Cea (https://forge.manus.ai/v1/maps/proxy/maps/api/js?key=cvZzDbPkXuMKHHX2jcgL3z&v=weekly&libraries=marker,places,geocoding,geometry:2168:273)\n    at Kea (https://forge.manus.ai/v1/maps/proxy/maps/api/js?key=cvZzDbPkXuMKHHX2jcgL3z&v=weekly&libraries=marker,places,geocoding,geometry:2161:81)\n    at google.maps.Load (https://forge.manus.ai/v1/maps/proxy/maps/api/js?key=cvZzDbPkXuMKHHX2jcgL3z&v=weekly&libraries=marker,places,geocoding,geometry:14:5)\n    at https://forge.manus.ai/v1/maps/proxy/maps/api/js?key=cvZzDbPkXuMKHHX2jcgL3z&v=weekly&libraries=marker,places,geocoding,geometry:2467:267\n    at https://forge.manus.ai/v1/maps/proxy/maps/api/js?key=cvZzDbPkXuMKHHX2jcgL3z&v=weekly&libraries=marker,places,geocoding,geometry:2467:280"}
[2026-04-22T06:19:42.057Z] {"timestamp":1776838781047,"level":"WARN","args":["Google Maps JavaScript API has been loaded directly without loading=async. This can result in suboptimal performance. For best-practice loading patterns please see https://goo.gle/js-api-loading"],"stack":null}
[2026-04-22T06:19:42.057Z] {"timestamp":1776838781047,"level":"WARN","args":["Element with name \"gmp-internal-rating\" already defined."],"stack":null}
[2026-04-22T06:19:42.057Z] {"timestamp":1776838781047,"level":"WARN","args":["Element with name \"gmp-place-all-content\" already defined."],"stack":null}
[2026-04-22T06:19:42.057Z] {"timestamp":1776838781047,"level":"WARN","args":["Element with name \"gmp-internal-link-button\" already defined."],"stack":null}
[2026-04-22T06:19:42.057Z] {"timestamp":1776838781047,"level":"WARN","args":["Element with name \"gmp-internal-menu\" already defined."],"stack":null}
[2026-04-22T06:19:42.057Z] {"timestamp":1776838781048,"level":"WARN","args":["Element with name \"gmp-internal-place-opening-hours\" already defined."],"stack":null}
[2026-04-22T06:19:42.057Z] {"timestamp":1776838781048,"level":"WARN","args":["Element with name \"gmp-internal-place-review\" already defined."],"stack":null}
[2026-04-22T06:19:42.057Z] {"timestamp":1776838781048,"level":"WARN","args":["Element with name \"gmp-internal-tabbed-layout\" already defined."],"stack":null}
[2026-04-22T06:19:42.057Z] {"timestamp":1776838781048,"level":"WARN","args":["Element with name \"gmp-internal-lightbox\" already defined."],"stack":null}
[2026-04-22T06:19:42.057Z] {"timestamp":1776838781048,"level":"WARN","args":["Element with name \"gmp-internal-collage\" already defined."],"stack":null}
[2026-04-22T06:19:42.057Z] {"timestamp":1776838781048,"level":"WARN","args":["Element with name \"gmp-internal-place-rating-summary\" already defined."],"stack":null}
[2026-04-22T06:19:42.057Z] {"timestamp":1776838781048,"level":"WARN","args":["Element with name \"gmp-place-content-config\" already defined."],"stack":null}
[2026-04-22T06:19:42.057Z] {"timestamp":1776838781048,"level":"WARN","args":["Element with name \"gmp-place-standard-content\" already defined."],"stack":null}
[2026-04-22T06:19:42.057Z] {"timestamp":1776838781048,"level":"WARN","args":["Element with name \"gmp-internal-place-basic-info\" already defined."],"stack":null}
[2026-04-22T06:19:42.057Z] {"timestamp":1776838781048,"level":"WARN","args":["Element with name \"gmp-place-details-location-request\" already defined."],"stack":null}
[2026-04-22T06:19:42.057Z] {"timestamp":1776838781048,"level":"WARN","args":["Element with name \"gmp-place-details-place-request\" already defined."],"stack":null}
[2026-04-22T06:19:42.057Z] {"timestamp":1776838781048,"level":"WARN","args":["Element with name \"gmp-internal-circular-loader\" already defined."],"stack":null}
[2026-04-22T06:19:42.057Z] {"timestamp":1776838781048,"level":"WARN","args":["Element with name \"gmp-place-details-compact\" already defined."],"stack":null}
[2026-04-22T06:19:42.057Z] {"timestamp":1776838781048,"level":"WARN","args":["Element with name \"gmp-internal-use-place-details-compact\" already defined."],"stack":null}
[2026-04-22T06:19:42.057Z] {"timestamp":1776838781049,"level":"WARN","args":["Element with name \"gmp-place-media\" already defined."],"stack":null}
[2026-04-22T06:19:42.057Z] {"timestamp":1776838781049,"level":"WARN","args":["Element with name \"gmp-place-address\" already defined."],"stack":null}
[2026-04-22T06:19:42.057Z] {"timestamp":1776838781049,"level":"WARN","args":["Element with name \"gmp-place-rating\" already defined."],"stack":null}
[2026-04-22T06:19:42.057Z] {"timestamp":1776838781049,"level":"WARN","args":["Element with name \"gmp-place-type\" already defined."],"stack":null}
[2026-04-22T06:19:42.057Z] {"timestamp":1776838781049,"level":"WARN","args":["Element with name \"gmp-place-price\" already defined."],"stack":null}
[2026-04-22T06:19:42.057Z] {"timestamp":1776838781049,"level":"WARN","args":["Element with name \"gmp-place-accessible-entrance-icon\" already defined."],"stack":null}
[2026-04-22T06:19:42.057Z] {"timestamp":1776838781049,"level":"WARN","args":["Element with name \"gmp-place-open-now-status\" already defined."],"stack":null}
[2026-04-22T06:19:42.057Z] {"timestamp":1776838781049,"level":"WARN","args":["Element with name \"gmp-place-attribution\" already defined."],"stack":null}
[2026-04-22T06:19:42.057Z] {"timestamp":1776838781049,"level":"WARN","args":["Element with name \"gmp-place-website\" already defined."],"stack":null}
[2026-04-22T06:19:42.057Z] {"timestamp":1776838781049,"level":"WARN","args":["Element with name \"gmp-place-phone-number\" already defined."],"stack":null}
[2026-04-22T06:19:42.057Z] {"timestamp":1776838781049,"level":"WARN","args":["Element with name \"gmp-place-opening-hours\" already defined."],"stack":null}
[2026-04-22T06:19:42.057Z] {"timestamp":1776838781049,"level":"WARN","args":["Element with name \"gmp-place-summary\" already defined."],"stack":null}
[2026-04-22T06:19:42.057Z] {"timestamp":1776838781049,"level":"WARN","args":["Element with name \"gmp-place-type-specific-highlights\" already defined."],"stack":null}
[2026-04-22T06:19:42.057Z] {"timestamp":1776838781049,"level":"WARN","args":["Element with name \"gmp-place-review-summary\" already defined."],"stack":null}
[2026-04-22T06:19:42.057Z] {"timestamp":1776838781049,"level":"WARN","args":["Element with name \"gmp-place-reviews\" already defined."],"stack":null}
[2026-04-22T06:19:42.057Z] {"timestamp":1776838781049,"level":"WARN","args":["Element with name \"gmp-place-plus-code\" already defined."],"stack":null}
[2026-04-22T06:19:42.057Z] {"timestamp":1776838781049,"level":"WARN","args":["Element with name \"gmp-place-feature-list\" already defined."],"stack":null}
[2026-04-22T06:19:42.057Z] {"timestamp":1776838781049,"level":"WARN","args":["Element with name \"gmp-place-details\" already defined."],"stack":null}
[2026-04-22T06:19:42.057Z] {"timestamp":1776838781049,"level":"WARN","args":["Element with name \"gmp-internal-place-carousel\" already defined."],"stack":null}
[2026-04-22T06:19:42.057Z] {"timestamp":1776838781049,"level":"WARN","args":["Element with name \"gmp-internal-place-search-list-item\" already defined."],"stack":null}
[2026-04-22T06:19:42.057Z] {"timestamp":1776838781049,"level":"WARN","args":["Element with name \"gmp-place-nearby-search-request\" already defined."],"stack":null}
[2026-04-22T06:19:42.057Z] {"timestamp":1776838781049,"level":"WARN","args":["Element with name \"gmp-place-text-search-request\" already defined."],"stack":null}
[2026-04-22T06:19:42.057Z] {"timestamp":1776838781049,"level":"WARN","args":["Element with name \"gmp-place-search\" already defined."],"stack":null}
[2026-04-22T06:19:42.057Z] {"timestamp":1776838781053,"level":"WARN","args":["Element with name \"gmp-pin\" already defined."],"stack":null}
[2026-04-22T06:19:42.057Z] {"timestamp":1776838781054,"level":"WARN","args":["Element with name \"gmp-internal-use-am\" already defined."],"stack":null}
[2026-04-22T06:19:42.057Z] {"timestamp":1776838781055,"level":"WARN","args":["Element with name \"gmp-map\" already defined."],"stack":null}
[2026-04-22T06:19:42.057Z] {"timestamp":1776838781055,"level":"WARN","args":["Element with name \"gmp-advanced-marker\" already defined."],"stack":null}
[2026-04-22T06:19:42.057Z] {"timestamp":1776838781055,"level":"WARN","args":["Element with name \"gmp-place-autocomplete\" already defined."],"stack":null}
[2026-04-22T06:19:42.057Z] {"timestamp":1776838781055,"level":"WARN","args":["Element with name \"gmp-basic-place-autocomplete\" already defined."],"stack":null}
[2026-04-22T06:19:42.057Z] {"timestamp":1776838781444,"level":"WARN","args":["Element with name \"gmp-internal-camera-control\" already defined."],"stack":null}
[2026-04-22T06:19:42.057Z] {"timestamp":1776838782728,"level":"WARN","args":["google.maps.DirectionsService is deprecated as of February 25th, 2026. Please use google.maps.routes.Route.computeRoutes instead. At this time, google.maps.DirectionsService is not scheduled to be discontinued, but google.maps.routes.Route.computeRoutes is recommended over google.maps.DirectionsService.route. While google.maps.DirectionsService will continue to receive bug fixes for any major regressions, existing bugs in google.maps.DirectionsService will not be addressed. At least 12 months notice will be given before support is discontinued. Please see https://developers.google.com/maps/legacy for additional details and https://developers.google.com/maps/documentation/javascript/routes/routes-js-migration for the migration guide."],"stack":null}
[2026-04-22T06:19:42.057Z] {"timestamp":1776838782728,"level":"WARN","args":["google.maps.DirectionsRenderer is deprecated as of February 25th, 2026. At this time, google.maps.DirectionsRenderer is not scheduled to be discontinued. While google.maps.DirectionsRenderer will continue to receive bug fixes for any major regressions, existing bugs in google.maps.DirectionsRenderer will not be addressed. At least 12 months notice will be given before support is discontinued. Please see https://developers.google.com/maps/legacy for additional details and https://developers.google.com/maps/documentation/javascript/routes/routes-migrate-rendering for the migration guide."],"stack":null}
[2026-04-22T06:19:43.828Z] {"timestamp":1776838783126,"level":"INFO","args":["Directions request returned no results."],"stack":null}
[2026-04-22T06:19:43.828Z] {"timestamp":1776838783286,"level":"WARN","args":["google.maps.DirectionsService is deprecated as of February 25th, 2026. Please use google.maps.routes.Route.computeRoutes instead. At this time, google.maps.DirectionsService is not scheduled to be discontinued, but google.maps.routes.Route.computeRoutes is recommended over google.maps.DirectionsService.route. While google.maps.DirectionsService will continue to receive bug fixes for any major regressions, existing bugs in google.maps.DirectionsService will not be addressed. At least 12 months notice will be given before support is discontinued. Please see https://developers.google.com/maps/legacy for additional details and https://developers.google.com/maps/documentation/javascript/routes/routes-js-migration for the migration guide."],"stack":null}
[2026-04-22T06:19:43.828Z] {"timestamp":1776838783286,"level":"WARN","args":["google.maps.DirectionsRenderer is deprecated as of February 25th, 2026. At this time, google.maps.DirectionsRenderer is not scheduled to be discontinued. While google.maps.DirectionsRenderer will continue to receive bug fixes for any major regressions, existing bugs in google.maps.DirectionsRenderer will not be addressed. At least 12 months notice will be given before support is discontinued. Please see https://developers.google.com/maps/legacy for additional details and https://developers.google.com/maps/documentation/javascript/routes/routes-migrate-rendering for the migration guide."],"stack":null}
[2026-04-22T06:19:43.828Z] {"timestamp":1776838783406,"level":"INFO","args":["Directions request returned no results."],"stack":null}
[2026-04-22T06:19:58.021Z] {"timestamp":1776838796903,"level":"DEBUG","args":["[Manus] Debug collector initialized (no rrweb, UI events only)"],"stack":null}
[2026-04-22T06:19:58.021Z] {"timestamp":1776838797170,"level":"DEBUG","args":["[vite] connected."],"stack":null}
[2026-04-22T06:20:02.230Z] {"timestamp":1776838801130,"level":"DEBUG","args":["[Manus] Debug collector initialized (no rrweb, UI events only)"],"stack":null}
[2026-04-22T06:20:02.231Z] {"timestamp":1776838801377,"level":"DEBUG","args":["[vite] connected."],"stack":null}
[2026-04-22T06:20:05.893Z] {"timestamp":1776838804792,"level":"DEBUG","args":["[Manus] Debug collector initialized (no rrweb, UI events only)"],"stack":null}
[2026-04-22T06:20:05.893Z] {"timestamp":1776838805045,"level":"DEBUG","args":["[vite] connected."],"stack":null}
[2026-04-22T06:20:08.893Z] {"timestamp":1776838807229,"level":"DEBUG","args":["[Manus] Debug collector initialized (no rrweb, UI events only)"],"stack":null}
[2026-04-22T06:20:08.893Z] {"timestamp":1776838807486,"level":"DEBUG","args":["[vite] connected."],"stack":null}
[2026-04-22T06:20:48.902Z] {"timestamp":1776838848033,"level":"DEBUG","args":["[vite]","hot updated: /src/index.css"],"stack":null}
[2026-04-22T06:21:34.084Z] {"timestamp":1776838892078,"level":"DEBUG","args":["[Manus] Debug collector initialized (no rrweb, UI events only)"],"stack":null}
[2026-04-22T06:21:34.084Z] {"timestamp":1776838892098,"level":"DEBUG","args":["[vite] connected."],"stack":null}
[2026-04-22T06:21:34.084Z] {"timestamp":1776838892326,"level":"INFO","args":["%cDownload the React DevTools for a better development experience: https://react.dev/link/react-devtools","font-weight:bold"],"stack":null}
[2026-04-22T06:26:12.335Z] {"timestamp":1776839171551,"level":"DEBUG","args":["[vite]","hot updated: /src/index.css"],"stack":null}
[2026-04-22T06:26:30.324Z] {"timestamp":1776839189382,"level":"DEBUG","args":["[vite]","hot updated: /src/index.css"],"stack":null}
[2026-04-22T06:27:17.688Z] {"timestamp":1776839235682,"level":"DEBUG","args":["[Manus] Debug collector initialized (no rrweb, UI events only)"],"stack":null}
[2026-04-22T06:27:17.688Z] {"timestamp":1776839235691,"level":"DEBUG","args":["[vite] connected."],"stack":null}
[2026-04-22T06:27:17.688Z] {"timestamp":1776839235904,"level":"INFO","args":["%cDownload the React DevTools for a better development experience: https://react.dev/link/react-devtools","font-weight:bold"],"stack":null}
[2026-04-22T06:32:35.892Z] {"timestamp":1776839553821,"level":"DEBUG","args":["[Manus] Debug collector initialized (no rrweb, UI events only)"],"stack":null}
[2026-04-22T06:32:35.892Z] {"timestamp":1776839554084,"level":"DEBUG","args":["[vite] connected."],"stack":null}
[2026-04-22T06:33:01.900Z] {"timestamp":1776839580055,"level":"DEBUG","args":["[Manus] Debug collector initialized (no rrweb, UI events only)"],"stack":null}
[2026-04-22T06:33:01.900Z] {"timestamp":1776839580301,"level":"DEBUG","args":["[vite] connected."],"stack":null}
[2026-04-22T06:33:04.890Z] {"timestamp":1776839583715,"level":"DEBUG","args":["[Manus] Debug collector initialized (no rrweb, UI events only)"],"stack":null}
[2026-04-22T06:33:04.890Z] {"timestamp":1776839583985,"level":"DEBUG","args":["[vite] connected."],"stack":null}
[2026-04-22T06:34:26.895Z] {"timestamp":1776839664955,"level":"DEBUG","args":["[Manus] Debug collector initialized (no rrweb, UI events only)"],"stack":null}
[2026-04-22T06:34:26.895Z] {"timestamp":1776839665211,"level":"DEBUG","args":["[vite] connected."],"stack":null}
[2026-04-22T06:34:40.890Z] {"timestamp":1776839679490,"level":"DEBUG","args":["[Manus] Debug collector initialized (no rrweb, UI events only)"],"stack":null}
[2026-04-22T06:34:40.891Z] {"timestamp":1776839679749,"level":"DEBUG","args":["[vite] connected."],"stack":null}
[2026-04-22T06:34:43.887Z] {"timestamp":1776839682561,"level":"DEBUG","args":["[Manus] Debug collector initialized (no rrweb, UI events only)"],"stack":null}
[2026-04-22T06:34:43.887Z] {"timestamp":1776839682824,"level":"DEBUG","args":["[vite] connected."],"stack":null}
[2026-04-22T06:34:57.898Z] {"timestamp":1776839696401,"level":"DEBUG","args":["[Manus] Debug collector initialized (no rrweb, UI events only)"],"stack":null}
[2026-04-22T06:34:57.898Z] {"timestamp":1776839696663,"level":"DEBUG","args":["[vite] connected."],"stack":null}
[2026-04-22T06:35:19.742Z] {"timestamp":1776839718575,"level":"DEBUG","args":["[Manus] Debug collector initialized (no rrweb, UI events only)"],"stack":null}
[2026-04-22T06:35:19.742Z] {"timestamp":1776839718829,"level":"DEBUG","args":["[vite] connected."],"stack":null}
[2026-04-22T06:35:19.742Z] {"timestamp":1776839719429,"level":"WARN","args":["Google Maps JavaScript API has been loaded directly without loading=async. This can result in suboptimal performance. For best-practice loading patterns please see https://goo.gle/js-api-loading"],"stack":null}
[2026-04-22T06:35:24.954Z] {"timestamp":1776839723778,"level":"DEBUG","args":["[Manus] Debug collector initialized (no rrweb, UI events only)"],"stack":null}
[2026-04-22T06:35:24.954Z] {"timestamp":1776839724029,"level":"DEBUG","args":["[vite] connected."],"stack":null}
[2026-04-22T06:35:24.954Z] {"timestamp":1776839724547,"level":"WARN","args":["Google Maps JavaScript API has been loaded directly without loading=async. This can result in suboptimal performance. For best-practice loading patterns please see https://goo.gle/js-api-loading"],"stack":null}
[2026-04-22T06:36:04.882Z] {"timestamp":1776839762942,"level":"DEBUG","args":["[Manus] Debug collector initialized (no rrweb, UI events only)"],"stack":null}
[2026-04-22T06:36:04.882Z] {"timestamp":1776839763202,"level":"DEBUG","args":["[vite] connected."],"stack":null}
[2026-04-22T06:36:04.882Z] {"timestamp":1776839763731,"level":"WARN","args":["Google Maps JavaScript API has been loaded directly without loading=async. This can result in suboptimal performance. For best-practice loading patterns please see https://goo.gle/js-api-loading"],"stack":null}
[2026-04-22T06:36:14.892Z] {"timestamp":1776839773490,"level":"DEBUG","args":["[Manus] Debug collector initialized (no rrweb, UI events only)"],"stack":null}
[2026-04-22T06:36:14.892Z] {"timestamp":1776839773745,"level":"DEBUG","args":["[vite] connected."],"stack":null}
[2026-04-22T06:36:14.892Z] {"timestamp":1776839774142,"level":"WARN","args":["Google Maps JavaScript API has been loaded directly without loading=async. This can result in suboptimal performance. For best-practice loading patterns please see https://goo.gle/js-api-loading"],"stack":null}
[2026-04-22T06:36:23.885Z] {"timestamp":1776839781879,"level":"DEBUG","args":["[Manus] Debug collector initialized (no rrweb, UI events only)"],"stack":null}
[2026-04-22T06:36:23.885Z] {"timestamp":1776839782140,"level":"DEBUG","args":["[vite] connected."],"stack":null}
[2026-04-22T06:36:23.885Z] {"timestamp":1776839782491,"level":"WARN","args":["Google Maps JavaScript API has been loaded directly without loading=async. This can result in suboptimal performance. For best-practice loading patterns please see https://goo.gle/js-api-loading"],"stack":null}
[2026-04-22T06:36:45.889Z] {"timestamp":1776839803835,"level":"DEBUG","args":["[Manus] Debug collector initialized (no rrweb, UI events only)"],"stack":null}
[2026-04-22T06:36:45.889Z] {"timestamp":1776839804087,"level":"DEBUG","args":["[vite] connected."],"stack":null}
[2026-04-22T06:36:45.889Z] {"timestamp":1776839805379,"level":"WARN","args":["Google Maps JavaScript API has been loaded directly without loading=async. This can result in suboptimal performance. For best-practice loading patterns please see https://goo.gle/js-api-loading"],"stack":null}
[2026-04-22T06:36:52.884Z] {"timestamp":1776839811543,"level":"DEBUG","args":["[Manus] Debug collector initialized (no rrweb, UI events only)"],"stack":null}
[2026-04-22T06:36:52.884Z] {"timestamp":1776839811799,"level":"DEBUG","args":["[vite] connected."],"stack":null}
[2026-04-22T06:36:52.884Z] {"timestamp":1776839812320,"level":"WARN","args":["Google Maps JavaScript API has been loaded directly without loading=async. This can result in suboptimal performance. For best-practice loading patterns please see https://goo.gle/js-api-loading"],"stack":null}
[2026-04-22T06:36:55.893Z] {"timestamp":1776839814360,"level":"DEBUG","args":["[Manus] Debug collector initialized (no rrweb, UI events only)"],"stack":null}
[2026-04-22T06:36:55.893Z] {"timestamp":1776839814608,"level":"DEBUG","args":["[vite] connected."],"stack":null}
[2026-04-22T06:36:55.893Z] {"timestamp":1776839814986,"level":"WARN","args":["Google Maps JavaScript API has been loaded directly without loading=async. This can result in suboptimal performance. For best-practice loading patterns please see https://goo.gle/js-api-loading"],"stack":null}
[2026-04-22T06:37:01.903Z] {"timestamp":1776839822656,"level":"ERROR","args":["[vite]","Failed to reload /src/App.tsx. This could be due to syntax errors or importing non-existent modules. (see errors above)"],"stack":"Error\n    at console.<computed> [as error] (https://3000-iwi3fzzw46c2utma7n3fo-5ac9c38d.sg1.manus.computer/__manus__/debug-collector.js:391:37)\n    at Object.error (https://3000-iwi3fzzw46c2utma7n3fo-5ac9c38d.sg1.manus.computer/@vite/client:809:26)\n    at HMRClient.warnFailedUpdate (https://3000-iwi3fzzw46c2utma7n3fo-5ac9c38d.sg1.manus.computer/@vite/client:181:15)\n    at HMRClient.fetchUpdate (https://3000-iwi3fzzw46c2utma7n3fo-5ac9c38d.sg1.manus.computer/@vite/client:212:10)\n    at async Promise.all (index 0)\n    at async HMRClient.queueUpdate (https://3000-iwi3fzzw46c2utma7n3fo-5ac9c38d.sg1.manus.computer/@vite/client:196:5)\n    at async Promise.all (index 0)\n    at async handleMessage (https://3000-iwi3fzzw46c2utma7n3fo-5ac9c38d.sg1.manus.computer/@vite/client:838:4)"}
[2026-04-22T06:37:01.903Z] {"timestamp":1776839822658,"level":"DEBUG","args":["[vite]","hot updated: /src/App.tsx"],"stack":null}
[2026-04-22T06:37:01.903Z] {"timestamp":1776839822658,"level":"DEBUG","args":["[vite]","hot updated: /src/index.css"],"stack":null}
[2026-04-22T06:37:08.885Z] {"timestamp":1776839827629,"level":"DEBUG","args":["[Manus] Debug collector initialized (no rrweb, UI events only)"],"stack":null}
[2026-04-22T06:37:08.885Z] {"timestamp":1776839827883,"level":"DEBUG","args":["[vite] connected."],"stack":null}
[2026-04-22T06:37:31.205Z] {"timestamp":1776839850109,"level":"DEBUG","args":["[Manus] Debug collector initialized (no rrweb, UI events only)"],"stack":null}
[2026-04-22T06:37:31.205Z] {"timestamp":1776839850360,"level":"DEBUG","args":["[vite] connected."],"stack":null}
[2026-04-22T06:37:31.205Z] {"timestamp":1776839851286,"level":"WARN","args":["Google Maps JavaScript API has been loaded directly without loading=async. This can result in suboptimal performance. For best-practice loading patterns please see https://goo.gle/js-api-loading"],"stack":null}
[2026-04-22T06:37:55.199Z] {"timestamp":1776839874358,"level":"DEBUG","args":["[vite]","hot updated: /src/pages/LocationShareView.tsx"],"stack":null}
[2026-04-22T06:38:07.024Z] {"timestamp":1776839885873,"level":"DEBUG","args":["[Manus] Debug collector initialized (no rrweb, UI events only)"],"stack":null}
[2026-04-22T06:38:07.024Z] {"timestamp":1776839886136,"level":"DEBUG","args":["[vite] connected."],"stack":null}
[2026-04-22T06:38:07.024Z] {"timestamp":1776839886637,"level":"WARN","args":["Google Maps JavaScript API has been loaded directly without loading=async. This can result in suboptimal performance. For best-practice loading patterns please see https://goo.gle/js-api-loading"],"stack":null}
[2026-04-22T06:38:13.880Z] {"timestamp":1776839892404,"level":"DEBUG","args":["[Manus] Debug collector initialized (no rrweb, UI events only)"],"stack":null}
[2026-04-22T06:38:13.880Z] {"timestamp":1776839892658,"level":"DEBUG","args":["[vite] connected."],"stack":null}
[2026-04-22T06:38:13.880Z] {"timestamp":1776839893081,"level":"WARN","args":["Google Maps JavaScript API has been loaded directly without loading=async. This can result in suboptimal performance. For best-practice loading patterns please see https://goo.gle/js-api-loading"],"stack":null}
[2026-04-22T06:38:23.107Z] {"timestamp":1776839902010,"level":"DEBUG","args":["[Manus] Debug collector initialized (no rrweb, UI events only)"],"stack":null}
[2026-04-22T06:38:23.107Z] {"timestamp":1776839902358,"level":"DEBUG","args":["[vite] connected."],"stack":null}
[2026-04-22T06:38:23.107Z] {"timestamp":1776839902854,"level":"WARN","args":["Google Maps JavaScript API has been loaded directly without loading=async. This can result in suboptimal performance. For best-practice loading patterns please see https://goo.gle/js-api-loading"],"stack":null}
[2026-04-22T06:40:19.091Z] {"timestamp":1776840018342,"level":"DEBUG","args":["[vite]","hot updated: /src/pages/FamilyTracker.tsx"],"stack":null}
[2026-04-22T06:40:19.091Z] {"timestamp":1776840018343,"level":"DEBUG","args":["[vite]","hot updated: /src/index.css"],"stack":null}
[2026-04-22T06:40:22.883Z] {"timestamp":1776840021488,"level":"DEBUG","args":["[Manus] Debug collector initialized (no rrweb, UI events only)"],"stack":null}
[2026-04-22T06:40:22.883Z] {"timestamp":1776840021703,"level":"DEBUG","args":["[vite] connected."],"stack":null}
[2026-04-22T06:40:22.883Z] {"timestamp":1776840022313,"level":"WARN","args":["Google Maps JavaScript API has been loaded directly without loading=async. This can result in suboptimal performance. For best-practice loading patterns please see https://goo.gle/js-api-loading"],"stack":null}
[2026-04-22T06:40:25.884Z] {"timestamp":1776840024705,"level":"DEBUG","args":["[Manus] Debug collector initialized (no rrweb, UI events only)"],"stack":null}
[2026-04-22T06:40:25.884Z] {"timestamp":1776840025412,"level":"DEBUG","args":["[vite] connected."],"stack":null}
[2026-04-22T06:40:25.884Z] {"timestamp":1776840026440,"level":"WARN","args":["Google Maps JavaScript API has been loaded directly without loading=async. This can result in suboptimal performance. For best-practice loading patterns please see https://goo.gle/js-api-loading"],"stack":null}
[2026-04-22T06:40:42.226Z] {"timestamp":1776840041074,"level":"DEBUG","args":["[Manus] Debug collector initialized (no rrweb, UI events only)"],"stack":null}
[2026-04-22T06:40:42.226Z] {"timestamp":1776840041357,"level":"DEBUG","args":["[vite] connected."],"stack":null}
[2026-04-22T06:40:42.226Z] {"timestamp":1776840041899,"level":"WARN","args":["Google Maps JavaScript API has been loaded directly without loading=async. This can result in suboptimal performance. For best-practice loading patterns please see https://goo.gle/js-api-loading"],"stack":null}
[2026-04-22T06:40:46.884Z] {"timestamp":1776840046023,"level":"DEBUG","args":["[vite]","hot updated: /src/pages/FamilyTracker.tsx"],"stack":null}
[2026-04-22T06:40:46.884Z] {"timestamp":1776840046023,"level":"DEBUG","args":["[vite]","hot updated: /src/index.css"],"stack":null}
[2026-04-22T06:40:50.549Z] {"timestamp":1776840049462,"level":"DEBUG","args":["[Manus] Debug collector initialized (no rrweb, UI events only)"],"stack":null}
[2026-04-22T06:40:50.549Z] {"timestamp":1776840049712,"level":"DEBUG","args":["[vite] connected."],"stack":null}
[2026-04-22T06:40:50.549Z] {"timestamp":1776840050272,"level":"WARN","args":["Google Maps JavaScript API has been loaded directly without loading=async. This can result in suboptimal performance. For best-practice loading patterns please see https://goo.gle/js-api-loading"],"stack":null}
[2026-04-22T06:40:53.885Z] {"timestamp":1776840052061,"level":"DEBUG","args":["[Manus] Debug collector initialized (no rrweb, UI events only)"],"stack":null}
[2026-04-22T06:40:53.885Z] {"timestamp":1776840052308,"level":"DEBUG","args":["[vite] connected."],"stack":null}
[2026-04-22T06:40:53.885Z] {"timestamp":1776840052863,"level":"WARN","args":["Google Maps JavaScript API has been loaded directly without loading=async. This can result in suboptimal performance. For best-practice loading patterns please see https://goo.gle/js-api-loading"],"stack":null}
[2026-04-22T06:40:57.887Z] {"timestamp":1776840057479,"level":"DEBUG","args":["[vite]","hot updated: /src/pages/FamilyTracker.tsx"],"stack":null}
[2026-04-22T06:40:57.887Z] {"timestamp":1776840057479,"level":"DEBUG","args":["[vite]","hot updated: /src/index.css"],"stack":null}
[2026-04-22T06:41:11.877Z] {"timestamp":1776840070789,"level":"DEBUG","args":["[Manus] Debug collector initialized (no rrweb, UI events only)"],"stack":null}
[2026-04-22T06:41:11.877Z] {"timestamp":1776840071971,"level":"DEBUG","args":["[vite] connected."],"stack":null}
[2026-04-22T06:41:13.869Z] {"timestamp":1776840072813,"level":"WARN","args":["Google Maps JavaScript API has been loaded directly without loading=async. This can result in suboptimal performance. For best-practice loading patterns please see https://goo.gle/js-api-loading"],"stack":null}
[2026-04-22T06:41:23.525Z] {"timestamp":1776840082363,"level":"DEBUG","args":["[Manus] Debug collector initialized (no rrweb, UI events only)"],"stack":null}
[2026-04-22T06:41:23.525Z] {"timestamp":1776840083402,"level":"WARN","args":["Google Maps JavaScript API has been loaded directly without loading=async. This can result in suboptimal performance. For best-practice loading patterns please see https://goo.gle/js-api-loading"],"stack":null}
[2026-04-22T06:41:23.525Z] {"timestamp":1776840083452,"level":"DEBUG","args":["[vite] connected."],"stack":null}
[2026-04-22T06:41:33.445Z] {"timestamp":1776840093749,"level":"DEBUG","args":["[vite]","hot updated: /src/pages/FamilyTracker.tsx"],"stack":null}
[2026-04-22T06:41:33.445Z] {"timestamp":1776840093749,"level":"DEBUG","args":["[vite]","hot updated: /src/index.css"],"stack":null}
[2026-04-22T06:41:38.120Z] {"timestamp":1776840096962,"level":"DEBUG","args":["[Manus] Debug collector initialized (no rrweb, UI events only)"],"stack":null}
[2026-04-22T06:41:38.120Z] {"timestamp":1776840097220,"level":"DEBUG","args":["[vite] connected."],"stack":null}
[2026-04-22T06:41:38.120Z] {"timestamp":1776840097726,"level":"WARN","args":["Google Maps JavaScript API has been loaded directly without loading=async. This can result in suboptimal performance. For best-practice loading patterns please see https://goo.gle/js-api-loading"],"stack":null}
[2026-04-22T06:41:40.717Z] {"timestamp":1776840099565,"level":"DEBUG","args":["[Manus] Debug collector initialized (no rrweb, UI events only)"],"stack":null}
[2026-04-22T06:41:40.717Z] {"timestamp":1776840099822,"level":"DEBUG","args":["[vite] connected."],"stack":null}
[2026-04-22T06:41:40.717Z] {"timestamp":1776840100295,"level":"WARN","args":["Google Maps JavaScript API has been loaded directly without loading=async. This can result in suboptimal performance. For best-practice loading patterns please see https://goo.gle/js-api-loading"],"stack":null}
[2026-04-22T06:41:48.645Z] {"timestamp":1776840108095,"level":"DEBUG","args":["[vite]","hot updated: /src/pages/FamilyTracker.tsx"],"stack":null}
[2026-04-22T06:41:48.645Z] {"timestamp":1776840108095,"level":"DEBUG","args":["[vite]","hot updated: /src/index.css"],"stack":null}
[2026-04-22T06:41:52.616Z] {"timestamp":1776840111465,"level":"DEBUG","args":["[Manus] Debug collector initialized (no rrweb, UI events only)"],"stack":null}
[2026-04-22T06:41:52.616Z] {"timestamp":1776840111718,"level":"DEBUG","args":["[vite] connected."],"stack":null}
[2026-04-22T06:41:52.616Z] {"timestamp":1776840112180,"level":"WARN","args":["Google Maps JavaScript API has been loaded directly without loading=async. This can result in suboptimal performance. For best-practice loading patterns please see https://goo.gle/js-api-loading"],"stack":null}
[2026-04-22T06:41:55.070Z] {"timestamp":1776840113920,"level":"DEBUG","args":["[Manus] Debug collector initialized (no rrweb, UI events only)"],"stack":null}
[2026-04-22T06:41:55.070Z] {"timestamp":1776840114181,"level":"DEBUG","args":["[vite] connected."],"stack":null}
[2026-04-22T06:41:55.070Z] {"timestamp":1776840114624,"level":"WARN","args":["Google Maps JavaScript API has been loaded directly without loading=async. This can result in suboptimal performance. For best-practice loading patterns please see https://goo.gle/js-api-loading"],"stack":null}
[2026-04-22T06:42:05.013Z] {"timestamp":1776840125727,"level":"DEBUG","args":["[vite]","hot updated: /src/pages/FamilyTracker.tsx"],"stack":null}
[2026-04-22T06:42:05.013Z] {"timestamp":1776840125727,"level":"DEBUG","args":["[vite]","hot updated: /src/index.css"],"stack":null}
[2026-04-22T06:42:11.970Z] {"timestamp":1776840130818,"level":"DEBUG","args":["[Manus] Debug collector initialized (no rrweb, UI events only)"],"stack":null}
[2026-04-22T06:42:11.970Z] {"timestamp":1776840131088,"level":"DEBUG","args":["[vite] connected."],"stack":null}
[2026-04-22T06:42:11.970Z] {"timestamp":1776840131565,"level":"WARN","args":["Google Maps JavaScript API has been loaded directly without loading=async. This can result in suboptimal performance. For best-practice loading patterns please see https://goo.gle/js-api-loading"],"stack":null}
[2026-04-22T06:42:32.133Z] {"timestamp":1776840150119,"level":"DEBUG","args":["[Manus] Debug collector initialized (no rrweb, UI events only)"],"stack":null}
[2026-04-22T06:42:32.133Z] {"timestamp":1776840150138,"level":"DEBUG","args":["[vite] connected."],"stack":null}
[2026-04-22T06:42:32.133Z] {"timestamp":1776840151602,"level":"INFO","args":["%cDownload the React DevTools for a better development experience: https://react.dev/link/react-devtools","font-weight:bold"],"stack":null}
[2026-04-22T06:42:33.734Z] {"timestamp":1776840152585,"level":"DEBUG","args":["[Manus] Debug collector initialized (no rrweb, UI events only)"],"stack":null}
[2026-04-22T06:42:33.734Z] {"timestamp":1776840152853,"level":"DEBUG","args":["[vite] connected."],"stack":null}
[2026-04-22T06:42:33.734Z] {"timestamp":1776840153257,"level":"WARN","args":["Google Maps JavaScript API has been loaded directly without loading=async. This can result in suboptimal performance. For best-practice loading patterns please see https://goo.gle/js-api-loading"],"stack":null}
[2026-04-22T06:43:30.731Z] {"timestamp":1776840209581,"level":"DEBUG","args":["[Manus] Debug collector initialized (no rrweb, UI events only)"],"stack":null}
[2026-04-22T06:43:30.731Z] {"timestamp":1776840209831,"level":"DEBUG","args":["[vite] connected."],"stack":null}
[2026-04-22T06:43:30.731Z] {"timestamp":1776840210317,"level":"WARN","args":["Google Maps JavaScript API has been loaded directly without loading=async. This can result in suboptimal performance. For best-practice loading patterns please see https://goo.gle/js-api-loading"],"stack":null}
[2026-04-22T06:43:33.332Z] {"timestamp":1776840212180,"level":"DEBUG","args":["[Manus] Debug collector initialized (no rrweb, UI events only)"],"stack":null}
[2026-04-22T06:43:33.332Z] {"timestamp":1776840212428,"level":"DEBUG","args":["[vite] connected."],"stack":null}
[2026-04-22T06:43:33.332Z] {"timestamp":1776840212929,"level":"WARN","args":["Google Maps JavaScript API has been loaded directly without loading=async. This can result in suboptimal performance. For best-practice loading patterns please see https://goo.gle/js-api-loading"],"stack":null}
[2026-04-22T06:43:48.710Z] {"timestamp":1776840227558,"level":"DEBUG","args":["[Manus] Debug collector initialized (no rrweb, UI events only)"],"stack":null}
[2026-04-22T06:43:48.710Z] {"timestamp":1776840227809,"level":"DEBUG","args":["[vite] connected."],"stack":null}
[2026-04-22T06:43:48.710Z] {"timestamp":1776840228533,"level":"WARN","args":["Google Maps JavaScript API has been loaded directly without loading=async. This can result in suboptimal performance. For best-practice loading patterns please see https://goo.gle/js-api-loading"],"stack":null}
[2026-04-22T06:43:51.598Z] {"timestamp":1776840230441,"level":"DEBUG","args":["[Manus] Debug collector initialized (no rrweb, UI events only)"],"stack":null}
[2026-04-22T06:43:51.598Z] {"timestamp":1776840230700,"level":"DEBUG","args":["[vite] connected."],"stack":null}
[2026-04-22T06:43:51.598Z] {"timestamp":1776840231325,"level":"WARN","args":["Google Maps JavaScript API has been loaded directly without loading=async. This can result in suboptimal performance. For best-practice loading patterns please see https://goo.gle/js-api-loading"],"stack":null}
[2026-04-22T06:44:35.875Z] {"timestamp":1776840274727,"level":"DEBUG","args":["[Manus] Debug collector initialized (no rrweb, UI events only)"],"stack":null}
[2026-04-22T06:44:35.875Z] {"timestamp":1776840275025,"level":"DEBUG","args":["[vite] connected."],"stack":null}
[2026-04-22T06:44:35.875Z] {"timestamp":1776840275773,"level":"WARN","args":["Google Maps JavaScript API has been loaded directly without loading=async. This can result in suboptimal performance. For best-practice loading patterns please see https://goo.gle/js-api-loading"],"stack":null}
[2026-04-22T06:44:40.931Z] {"timestamp":1776840279759,"level":"DEBUG","args":["[Manus] Debug collector initialized (no rrweb, UI events only)"],"stack":null}
[2026-04-22T06:44:40.931Z] {"timestamp":1776840280008,"level":"DEBUG","args":["[vite] connected."],"stack":null}
[2026-04-22T06:44:40.931Z] {"timestamp":1776840280622,"level":"WARN","args":["Google Maps JavaScript API has been loaded directly without loading=async. This can result in suboptimal performance. For best-practice loading patterns please see https://goo.gle/js-api-loading"],"stack":null}
[2026-04-22T06:45:07.833Z] {"timestamp":1776840306749,"level":"DEBUG","args":["[Manus] Debug collector initialized (no rrweb, UI events only)"],"stack":null}
[2026-04-22T06:45:07.833Z] {"timestamp":1776840306997,"level":"WARN","args":["Google Maps JavaScript API has been loaded directly without loading=async. This can result in suboptimal performance. For best-practice loading patterns please see https://goo.gle/js-api-loading"],"stack":null}
[2026-04-22T06:45:07.833Z] {"timestamp":1776840307022,"level":"DEBUG","args":["[vite] connected."],"stack":null}
[2026-04-22T06:46:32.873Z] {"timestamp":1776840391780,"level":"DEBUG","args":["[Manus] Debug collector initialized (no rrweb, UI events only)"],"stack":null}
[2026-04-22T06:46:32.873Z] {"timestamp":1776840392034,"level":"DEBUG","args":["[vite] connected."],"stack":null}
[2026-04-22T06:46:32.873Z] {"timestamp":1776840392496,"level":"WARN","args":["Google Maps JavaScript API has been loaded directly without loading=async. This can result in suboptimal performance. For best-practice loading patterns please see https://goo.gle/js-api-loading"],"stack":null}
[2026-04-22T06:46:36.881Z] {"timestamp":1776840395134,"level":"DEBUG","args":["[Manus] Debug collector initialized (no rrweb, UI events only)"],"stack":null}
[2026-04-22T06:46:36.881Z] {"timestamp":1776840395383,"level":"DEBUG","args":["[vite] connected."],"stack":null}
[2026-04-22T06:46:36.881Z] {"timestamp":1776840395861,"level":"WARN","args":["Google Maps JavaScript API has been loaded directly without loading=async. This can result in suboptimal performance. For best-practice loading patterns please see https://goo.gle/js-api-loading"],"stack":null}
[2026-04-22T06:47:52.784Z] {"timestamp":1776840471698,"level":"DEBUG","args":["[Manus] Debug collector initialized (no rrweb, UI events only)"],"stack":null}
[2026-04-22T06:47:52.784Z] {"timestamp":1776840471955,"level":"DEBUG","args":["[vite] connected."],"stack":null}
[2026-04-22T06:47:52.784Z] {"timestamp":1776840472412,"level":"WARN","args":["Google Maps JavaScript API has been loaded directly without loading=async. This can result in suboptimal performance. For best-practice loading patterns please see https://goo.gle/js-api-loading"],"stack":null}
[2026-04-22T06:48:26.774Z] {"timestamp":1776840506423,"level":"DEBUG","args":["[vite]","hot updated: /src/index.css"],"stack":null}
[2026-04-22T06:49:12.444Z] {"timestamp":1776840550439,"level":"DEBUG","args":["[Manus] Debug collector initialized (no rrweb, UI events only)"],"stack":null}
[2026-04-22T06:49:12.444Z] {"timestamp":1776840550453,"level":"DEBUG","args":["[vite] connected."],"stack":null}
[2026-04-22T06:49:12.444Z] {"timestamp":1776840550673,"level":"INFO","args":["%cDownload the React DevTools for a better development experience: https://react.dev/link/react-devtools","font-weight:bold"],"stack":null}
[2026-04-22T06:54:34.200Z] {"timestamp":1776840872613,"level":"DEBUG","args":["[Manus] Debug collector initialized (no rrweb, UI events only)"],"stack":null}
[2026-04-22T06:54:34.200Z] {"timestamp":1776840872876,"level":"DEBUG","args":["[vite] connected."],"stack":null}
[2026-04-22T06:54:35.873Z] {"timestamp":1776840875599,"level":"WARN","args":["Google Maps JavaScript API has been loaded directly without loading=async. This can result in suboptimal performance. For best-practice loading patterns please see https://goo.gle/js-api-loading"],"stack":null}
[2026-04-22T06:54:38.868Z] {"timestamp":1776840877553,"level":"DEBUG","args":["[Manus] Debug collector initialized (no rrweb, UI events only)"],"stack":null}
[2026-04-22T06:54:38.868Z] {"timestamp":1776840877818,"level":"DEBUG","args":["[vite] connected."],"stack":null}
[2026-04-22T06:54:38.868Z] {"timestamp":1776840878458,"level":"WARN","args":["Google Maps JavaScript API has been loaded directly without loading=async. This can result in suboptimal performance. For best-practice loading patterns please see https://goo.gle/js-api-loading"],"stack":null}
[2026-04-22T06:54:56.876Z] {"timestamp":1776840897236,"level":"DEBUG","args":["[vite]","hot updated: /src/index.css"],"stack":null}
[2026-04-22T06:55:43.494Z] {"timestamp":1776840941489,"level":"DEBUG","args":["[Manus] Debug collector initialized (no rrweb, UI events only)"],"stack":null}
[2026-04-22T06:55:43.494Z] {"timestamp":1776840941507,"level":"DEBUG","args":["[vite] connected."],"stack":null}
[2026-04-22T06:55:43.494Z] {"timestamp":1776840941744,"level":"INFO","args":["%cDownload the React DevTools for a better development experience: https://react.dev/link/react-devtools","font-weight:bold"],"stack":null}
[2026-04-22T07:00:50.791Z] {"timestamp":1776841250964,"level":"WARN","args":["Warning: Missing `Description` or `aria-describedby={undefined}` for {DialogContent}."],"stack":null}
[2026-04-22T07:00:58.689Z] {"timestamp":1776841258992,"level":"WARN","args":["Element with name \"gmp-internal-loading-text\" already defined."],"stack":null}
[2026-04-22T07:00:58.689Z] {"timestamp":1776841258993,"level":"WARN","args":["Element with name \"gmp-internal-request-error-text\" already defined."],"stack":null}
[2026-04-22T07:00:58.689Z] {"timestamp":1776841258993,"level":"WARN","args":["Element with name \"gmp-internal-back-button\" already defined."],"stack":null}
[2026-04-22T07:00:58.689Z] {"timestamp":1776841258994,"level":"WARN","args":["Element with name \"gmp-internal-dialog\" already defined."],"stack":null}
[2026-04-22T07:00:58.689Z] {"timestamp":1776841258994,"level":"WARN","args":["Element with name \"gmp-internal-disclosure\" already defined."],"stack":null}
[2026-04-22T07:00:58.689Z] {"timestamp":1776841258994,"level":"WARN","args":["Element with name \"gmp-internal-disclosure-section\" already defined."],"stack":null}
[2026-04-22T07:00:58.689Z] {"timestamp":1776841258994,"level":"WARN","args":["Element with name \"gmp-internal-attribution\" already defined."],"stack":null}
[2026-04-22T07:00:58.689Z] {"timestamp":1776841258994,"level":"WARN","args":["Element with name \"gmp-internal-element-support-verification\" already defined."],"stack":null}
[2026-04-22T07:00:58.689Z] {"timestamp":1776841258994,"level":"ERROR","args":["You have included the Google Maps JavaScript API multiple times on this page. This may cause unexpected errors."],"stack":"Error\n    at console.<computed> [as error] (https://3000-iwi3fzzw46c2utma7n3fo-5ac9c38d.sg1.manus.computer/__manus__/debug-collector.js:391:37)\n    at Cea (https://forge.manus.ai/v1/maps/proxy/maps/api/js?key=cvZzDbPkXuMKHHX2jcgL3z&v=weekly&libraries=marker,places,geocoding,geometry:2168:273)\n    at Kea (https://forge.manus.ai/v1/maps/proxy/maps/api/js?key=cvZzDbPkXuMKHHX2jcgL3z&v=weekly&libraries=marker,places,geocoding,geometry:2161:81)\n    at google.maps.Load (https://forge.manus.ai/v1/maps/proxy/maps/api/js?key=cvZzDbPkXuMKHHX2jcgL3z&v=weekly&libraries=marker,places,geocoding,geometry:14:5)\n    at https://forge.manus.ai/v1/maps/proxy/maps/api/js?key=cvZzDbPkXuMKHHX2jcgL3z&v=weekly&libraries=marker,places,geocoding,geometry:2467:267\n    at https://forge.manus.ai/v1/maps/proxy/maps/api/js?key=cvZzDbPkXuMKHHX2jcgL3z&v=weekly&libraries=marker,places,geocoding,geometry:2467:280"}
[2026-04-22T07:00:58.689Z] {"timestamp":1776841259031,"level":"WARN","args":["Google Maps JavaScript API has been loaded directly without loading=async. This can result in suboptimal performance. For best-practice loading patterns please see https://goo.gle/js-api-loading"],"stack":null}
[2026-04-22T07:00:58.689Z] {"timestamp":1776841259032,"level":"WARN","args":["Element with name \"gmp-internal-rating\" already defined."],"stack":null}
[2026-04-22T07:00:58.689Z] {"timestamp":1776841259032,"level":"WARN","args":["Element with name \"gmp-place-all-content\" already defined."],"stack":null}
[2026-04-22T07:00:58.689Z] {"timestamp":1776841259032,"level":"WARN","args":["Element with name \"gmp-internal-link-button\" already defined."],"stack":null}
[2026-04-22T07:00:58.689Z] {"timestamp":1776841259033,"level":"WARN","args":["Element with name \"gmp-internal-menu\" already defined."],"stack":null}
[2026-04-22T07:00:58.689Z] {"timestamp":1776841259033,"level":"WARN","args":["Element with name \"gmp-internal-place-opening-hours\" already defined."],"stack":null}
[2026-04-22T07:00:58.689Z] {"timestamp":1776841259033,"level":"WARN","args":["Element with name \"gmp-internal-place-review\" already defined."],"stack":null}
[2026-04-22T07:00:58.689Z] {"timestamp":1776841259033,"level":"WARN","args":["Element with name \"gmp-internal-tabbed-layout\" already defined."],"stack":null}
[2026-04-22T07:00:58.689Z] {"timestamp":1776841259033,"level":"WARN","args":["Element with name \"gmp-internal-lightbox\" already defined."],"stack":null}
[2026-04-22T07:00:58.689Z] {"timestamp":1776841259033,"level":"WARN","args":["Element with name \"gmp-internal-collage\" already defined."],"stack":null}
[2026-04-22T07:00:58.689Z] {"timestamp":1776841259033,"level":"WARN","args":["Element with name \"gmp-internal-place-rating-summary\" already defined."],"stack":null}
[2026-04-22T07:00:58.689Z] {"timestamp":1776841259034,"level":"WARN","args":["Element with name \"gmp-place-content-config\" already defined."],"stack":null}
[2026-04-22T07:00:58.689Z] {"timestamp":1776841259034,"level":"WARN","args":["Element with name \"gmp-place-standard-content\" already defined."],"stack":null}
[2026-04-22T07:00:58.689Z] {"timestamp":1776841259034,"level":"WARN","args":["Element with name \"gmp-internal-place-basic-info\" already defined."],"stack":null}
[2026-04-22T07:00:58.689Z] {"timestamp":1776841259034,"level":"WARN","args":["Element with name \"gmp-place-details-location-request\" already defined."],"stack":null}
[2026-04-22T07:00:58.689Z] {"timestamp":1776841259034,"level":"WARN","args":["Element with name \"gmp-place-details-place-request\" already defined."],"stack":null}
[2026-04-22T07:00:58.689Z] {"timestamp":1776841259034,"level":"WARN","args":["Element with name \"gmp-internal-circular-loader\" already defined."],"stack":null}
[2026-04-22T07:00:58.689Z] {"timestamp":1776841259034,"level":"WARN","args":["Element with name \"gmp-place-details-compact\" already defined."],"stack":null}
[2026-04-22T07:00:58.689Z] {"timestamp":1776841259034,"level":"WARN","args":["Element with name \"gmp-internal-use-place-details-compact\" already defined."],"stack":null}
[2026-04-22T07:00:58.689Z] {"timestamp":1776841259034,"level":"WARN","args":["Element with name \"gmp-place-media\" already defined."],"stack":null}
[2026-04-22T07:00:58.689Z] {"timestamp":1776841259034,"level":"WARN","args":["Element with name \"gmp-place-address\" already defined."],"stack":null}
[2026-04-22T07:00:58.689Z] {"timestamp":1776841259034,"level":"WARN","args":["Element with name \"gmp-place-rating\" already defined."],"stack":null}
[2026-04-22T07:00:58.689Z] {"timestamp":1776841259034,"level":"WARN","args":["Element with name \"gmp-place-type\" already defined."],"stack":null}
[2026-04-22T07:00:58.689Z] {"timestamp":1776841259034,"level":"WARN","args":["Element with name \"gmp-place-price\" already defined."],"stack":null}
[2026-04-22T07:00:58.689Z] {"timestamp":1776841259034,"level":"WARN","args":["Element with name \"gmp-place-accessible-entrance-icon\" already defined."],"stack":null}
[2026-04-22T07:00:58.689Z] {"timestamp":1776841259034,"level":"WARN","args":["Element with name \"gmp-place-open-now-status\" already defined."],"stack":null}
[2026-04-22T07:00:58.689Z] {"timestamp":1776841259034,"level":"WARN","args":["Element with name \"gmp-place-attribution\" already defined."],"stack":null}
[2026-04-22T07:00:58.689Z] {"timestamp":1776841259034,"level":"WARN","args":["Element with name \"gmp-place-website\" already defined."],"stack":null}
[2026-04-22T07:00:58.689Z] {"timestamp":1776841259034,"level":"WARN","args":["Element with name \"gmp-place-phone-number\" already defined."],"stack":null}
[2026-04-22T07:00:58.689Z] {"timestamp":1776841259034,"level":"WARN","args":["Element with name \"gmp-place-opening-hours\" already defined."],"stack":null}
[2026-04-22T07:00:58.689Z] {"timestamp":1776841259034,"level":"WARN","args":["Element with name \"gmp-place-summary\" already defined."],"stack":null}
[2026-04-22T07:00:58.689Z] {"timestamp":1776841259034,"level":"WARN","args":["Element with name \"gmp-place-type-specific-highlights\" already defined."],"stack":null}
[2026-04-22T07:00:58.689Z] {"timestamp":1776841259034,"level":"WARN","args":["Element with name \"gmp-place-review-summary\" already defined."],"stack":null}
[2026-04-22T07:00:58.689Z] {"timestamp":1776841259034,"level":"WARN","args":["Element with name \"gmp-place-reviews\" already defined."],"stack":null}
[2026-04-22T07:00:58.689Z] {"timestamp":1776841259034,"level":"WARN","args":["Element with name \"gmp-place-plus-code\" already defined."],"stack":null}
[2026-04-22T07:00:58.689Z] {"timestamp":1776841259034,"level":"WARN","args":["Element with name \"gmp-place-feature-list\" already defined."],"stack":null}
[2026-04-22T07:00:58.689Z] {"timestamp":1776841259034,"level":"WARN","args":["Element with name \"gmp-place-details\" already defined."],"stack":null}
[2026-04-22T07:00:58.689Z] {"timestamp":1776841259035,"level":"WARN","args":["Element with name \"gmp-internal-place-carousel\" already defined."],"stack":null}
[2026-04-22T07:00:58.689Z] {"timestamp":1776841259035,"level":"WARN","args":["Element with name \"gmp-internal-place-search-list-item\" already defined."],"stack":null}
[2026-04-22T07:00:58.689Z] {"timestamp":1776841259035,"level":"WARN","args":["Element with name \"gmp-place-nearby-search-request\" already defined."],"stack":null}
[2026-04-22T07:00:58.689Z] {"timestamp":1776841259035,"level":"WARN","args":["Element with name \"gmp-place-text-search-request\" already defined."],"stack":null}
[2026-04-22T07:00:58.689Z] {"timestamp":1776841259035,"level":"WARN","args":["Element with name \"gmp-place-search\" already defined."],"stack":null}
[2026-04-22T07:00:58.689Z] {"timestamp":1776841259042,"level":"WARN","args":["Element with name \"gmp-pin\" already defined."],"stack":null}
[2026-04-22T07:00:58.689Z] {"timestamp":1776841259044,"level":"WARN","args":["Element with name \"gmp-internal-use-am\" already defined."],"stack":null}
[2026-04-22T07:00:58.689Z] {"timestamp":1776841259044,"level":"WARN","args":["Element with name \"gmp-map\" already defined."],"stack":null}
[2026-04-22T07:00:58.689Z] {"timestamp":1776841259044,"level":"WARN","args":["Element with name \"gmp-advanced-marker\" already defined."],"stack":null}
[2026-04-22T07:00:58.689Z] {"timestamp":1776841259045,"level":"WARN","args":["Element with name \"gmp-place-autocomplete\" already defined."],"stack":null}
[2026-04-22T07:00:58.689Z] {"timestamp":1776841259045,"level":"WARN","args":["Element with name \"gmp-basic-place-autocomplete\" already defined."],"stack":null}
[2026-04-22T07:01:00.615Z] {"timestamp":1776841259593,"level":"WARN","args":["Element with name \"gmp-internal-camera-control\" already defined."],"stack":null}
[2026-04-22T07:01:37.015Z] {"timestamp":1776841295877,"level":"DEBUG","args":["[Manus] Debug collector initialized (no rrweb, UI events only)"],"stack":null}
[2026-04-22T07:01:37.015Z] {"timestamp":1776841296133,"level":"DEBUG","args":["[vite] connected."],"stack":null}
[2026-04-22T07:01:37.015Z] {"timestamp":1776841296751,"level":"WARN","args":["Google Maps JavaScript API has been loaded directly without loading=async. This can result in suboptimal performance. For best-practice loading patterns please see https://goo.gle/js-api-loading"],"stack":null}
[2026-04-22T07:01:40.868Z] {"timestamp":1776841298894,"level":"DEBUG","args":["[Manus] Debug collector initialized (no rrweb, UI events only)"],"stack":null}
[2026-04-22T07:01:40.868Z] {"timestamp":1776841299148,"level":"DEBUG","args":["[vite] connected."],"stack":null}
[2026-04-22T07:01:40.868Z] {"timestamp":1776841299756,"level":"WARN","args":["Google Maps JavaScript API has been loaded directly without loading=async. This can result in suboptimal performance. For best-practice loading patterns please see https://goo.gle/js-api-loading"],"stack":null}
[2026-04-22T07:08:51.863Z] {"timestamp":1776841729908,"level":"DEBUG","args":["[Manus] Debug collector initialized (no rrweb, UI events only)"],"stack":null}
[2026-04-22T07:08:51.863Z] {"timestamp":1776841730151,"level":"DEBUG","args":["[vite] connected."],"stack":null}
[2026-04-22T07:08:53.856Z] {"timestamp":1776841733723,"level":"WARN","args":["Google Maps JavaScript API has been loaded directly without loading=async. This can result in suboptimal performance. For best-practice loading patterns please see https://goo.gle/js-api-loading"],"stack":null}
[2026-04-22T07:09:01.885Z] {"timestamp":1776841740380,"level":"DEBUG","args":["[Manus] Debug collector initialized (no rrweb, UI events only)"],"stack":null}
[2026-04-22T07:09:01.885Z] {"timestamp":1776841740638,"level":"DEBUG","args":["[vite] connected."],"stack":null}
[2026-04-22T07:09:01.885Z] {"timestamp":1776841742783,"level":"WARN","args":["Google Maps JavaScript API has been loaded directly without loading=async. This can result in suboptimal performance. For best-practice loading patterns please see https://goo.gle/js-api-loading"],"stack":null}
[2026-04-22T07:09:05.855Z] {"timestamp":1776841744342,"level":"DEBUG","args":["[Manus] Debug collector initialized (no rrweb, UI events only)"],"stack":null}
[2026-04-22T07:09:05.855Z] {"timestamp":1776841744594,"level":"DEBUG","args":["[vite] connected."],"stack":null}
[2026-04-22T07:09:05.855Z] {"timestamp":1776841746551,"level":"WARN","args":["Google Maps JavaScript API has been loaded directly without loading=async. This can result in suboptimal performance. For best-practice loading patterns please see https://goo.gle/js-api-loading"],"stack":null}
[2026-04-22T08:24:41.909Z] {"timestamp":1776846280028,"level":"DEBUG","args":["[Manus] Debug collector initialized (no rrweb, UI events only)"],"stack":null}
[2026-04-22T08:24:41.909Z] {"timestamp":1776846280268,"level":"DEBUG","args":["[vite] connected."],"stack":null}
[2026-04-22T08:24:45.371Z] {"timestamp":1776846283489,"level":"DEBUG","args":["[Manus] Debug collector initialized (no rrweb, UI events only)"],"stack":null}
[2026-04-22T08:24:45.371Z] {"timestamp":1776846283760,"level":"DEBUG","args":["[vite] connected."],"stack":null}
[2026-04-22T08:25:57.314Z] {"timestamp":1776846355102,"level":"DEBUG","args":["[Manus] Debug collector initialized (no rrweb, UI events only)"],"stack":null}
[2026-04-22T08:25:57.314Z] {"timestamp":1776846355337,"level":"DEBUG","args":["[vite] connected."],"stack":null}
[2026-04-22T08:44:23.332Z] {"timestamp":1776847460902,"level":"DEBUG","args":["[Manus] Debug collector initialized (no rrweb, UI events only)"],"stack":null}
[2026-04-22T08:44:23.332Z] {"timestamp":1776847461135,"level":"DEBUG","args":["[vite] connected."],"stack":null}
[2026-04-22T08:50:28.668Z] {"timestamp":1776847826575,"level":"DEBUG","args":["[Manus] Debug collector initialized (no rrweb, UI events only)"],"stack":null}
[2026-04-22T08:50:28.668Z] {"timestamp":1776847826810,"level":"DEBUG","args":["[vite] connected."],"stack":null}
[2026-04-22T11:05:29.234Z] {"timestamp":1776855927157,"level":"DEBUG","args":["[Manus] Debug collector initialized (no rrweb, UI events only)"],"stack":null}
[2026-04-22T11:05:29.234Z] {"timestamp":1776855927380,"level":"DEBUG","args":["[vite] connected."],"stack":null}
[2026-04-22T11:05:32.547Z] {"timestamp":1776855930479,"level":"DEBUG","args":["[Manus] Debug collector initialized (no rrweb, UI events only)"],"stack":null}
[2026-04-22T11:05:32.547Z] {"timestamp":1776855930703,"level":"DEBUG","args":["[vite] connected."],"stack":null}
[2026-04-23T02:32:11.005Z] {"timestamp":1776911529106,"level":"DEBUG","args":["[Manus] Debug collector initialized (no rrweb, UI events only)"],"stack":null}
[2026-04-23T02:32:11.005Z] {"timestamp":1776911529364,"level":"DEBUG","args":["[vite] connected."],"stack":null}
[2026-04-23T02:32:14.946Z] {"timestamp":1776911532977,"level":"DEBUG","args":["[Manus] Debug collector initialized (no rrweb, UI events only)"],"stack":null}
[2026-04-23T02:32:14.946Z] {"timestamp":1776911533231,"level":"DEBUG","args":["[vite] connected."],"stack":null}
[2026-04-23T02:32:14.946Z] {"timestamp":1776911533831,"level":"WARN","args":["Google Maps JavaScript API has been loaded directly without loading=async. This can result in suboptimal performance. For best-practice loading patterns please see https://goo.gle/js-api-loading"],"stack":null}
[2026-04-23T02:32:50.793Z] {"timestamp":1776911568828,"level":"DEBUG","args":["[Manus] Debug collector initialized (no rrweb, UI events only)"],"stack":null}
[2026-04-23T02:32:50.793Z] {"timestamp":1776911569078,"level":"DEBUG","args":["[vite] connected."],"stack":null}
[2026-04-23T02:32:50.793Z] {"timestamp":1776911569522,"level":"WARN","args":["Google Maps JavaScript API has been loaded directly without loading=async. This can result in suboptimal performance. For best-practice loading patterns please see https://goo.gle/js-api-loading"],"stack":null}
[2026-04-23T02:44:20.222Z] {"timestamp":1776912258253,"level":"DEBUG","args":["[Manus] Debug collector initialized (no rrweb, UI events only)"],"stack":null}
[2026-04-23T02:44:20.222Z] {"timestamp":1776912258501,"level":"DEBUG","args":["[vite] connected."],"stack":null}
[2026-04-23T02:44:20.222Z] {"timestamp":1776912259171,"level":"WARN","args":["Google Maps JavaScript API has been loaded directly without loading=async. This can result in suboptimal performance. For best-practice loading patterns please see https://goo.gle/js-api-loading"],"stack":null}
[2026-04-23T02:44:26.653Z] {"timestamp":1776912264686,"level":"DEBUG","args":["[Manus] Debug collector initialized (no rrweb, UI events only)"],"stack":null}
[2026-04-23T02:44:26.653Z] {"timestamp":1776912264941,"level":"DEBUG","args":["[vite] connected."],"stack":null}
[2026-04-23T02:44:26.653Z] {"timestamp":1776912265502,"level":"WARN","args":["Google Maps JavaScript API has been loaded directly without loading=async. This can result in suboptimal performance. For best-practice loading patterns please see https://goo.gle/js-api-loading"],"stack":null}
[2026-04-23T02:44:35.307Z] {"timestamp":1776912273341,"level":"DEBUG","args":["[Manus] Debug collector initialized (no rrweb, UI events only)"],"stack":null}
[2026-04-23T02:44:35.307Z] {"timestamp":1776912273594,"level":"DEBUG","args":["[vite] connected."],"stack":null}
[2026-04-23T02:44:35.307Z] {"timestamp":1776912274167,"level":"WARN","args":["Google Maps JavaScript API has been loaded directly without loading=async. This can result in suboptimal performance. For best-practice loading patterns please see https://goo.gle/js-api-loading"],"stack":null}
[2026-04-23T02:44:49.343Z] {"timestamp":1776912288200,"level":"WARN","args":["Element with name \"gmp-internal-loading-text\" already defined."],"stack":null}
[2026-04-23T02:44:49.343Z] {"timestamp":1776912288200,"level":"WARN","args":["Element with name \"gmp-internal-request-error-text\" already defined."],"stack":null}
[2026-04-23T02:44:49.343Z] {"timestamp":1776912288200,"level":"WARN","args":["Element with name \"gmp-internal-back-button\" already defined."],"stack":null}
[2026-04-23T02:44:49.343Z] {"timestamp":1776912288200,"level":"WARN","args":["Element with name \"gmp-internal-dialog\" already defined."],"stack":null}
[2026-04-23T02:44:49.343Z] {"timestamp":1776912288200,"level":"WARN","args":["Element with name \"gmp-internal-disclosure\" already defined."],"stack":null}
[2026-04-23T02:44:49.343Z] {"timestamp":1776912288200,"level":"WARN","args":["Element with name \"gmp-internal-disclosure-section\" already defined."],"stack":null}
[2026-04-23T02:44:49.343Z] {"timestamp":1776912288201,"level":"WARN","args":["Element with name \"gmp-internal-attribution\" already defined."],"stack":null}
[2026-04-23T02:44:49.343Z] {"timestamp":1776912288201,"level":"WARN","args":["Element with name \"gmp-internal-element-support-verification\" already defined."],"stack":null}
[2026-04-23T02:44:49.343Z] {"timestamp":1776912288201,"level":"ERROR","args":["You have included the Google Maps JavaScript API multiple times on this page. This may cause unexpected errors."],"stack":"Error\n    at console.<computed> [as error] (https://3000-iwi3fzzw46c2utma7n3fo-5ac9c38d.sg1.manus.computer/__manus__/debug-collector.js:391:37)\n    at Cea (https://forge.manus.ai/v1/maps/proxy/maps/api/js?key=cvZzDbPkXuMKHHX2jcgL3z&v=weekly&libraries=marker,places,geocoding,geometry:2168:273)\n    at Kea (https://forge.manus.ai/v1/maps/proxy/maps/api/js?key=cvZzDbPkXuMKHHX2jcgL3z&v=weekly&libraries=marker,places,geocoding,geometry:2161:81)\n    at google.maps.Load (https://forge.manus.ai/v1/maps/proxy/maps/api/js?key=cvZzDbPkXuMKHHX2jcgL3z&v=weekly&libraries=marker,places,geocoding,geometry:14:5)\n    at https://forge.manus.ai/v1/maps/proxy/maps/api/js?key=cvZzDbPkXuMKHHX2jcgL3z&v=weekly&libraries=marker,places,geocoding,geometry:2467:267\n    at https://forge.manus.ai/v1/maps/proxy/maps/api/js?key=cvZzDbPkXuMKHHX2jcgL3z&v=weekly&libraries=marker,places,geocoding,geometry:2467:280"}
[2026-04-23T02:44:49.343Z] {"timestamp":1776912288227,"level":"WARN","args":["Google Maps JavaScript API has been loaded directly without loading=async. This can result in suboptimal performance. For best-practice loading patterns please see https://goo.gle/js-api-loading"],"stack":null}
[2026-04-23T02:44:49.343Z] {"timestamp":1776912288228,"level":"WARN","args":["Element with name \"gmp-internal-rating\" already defined."],"stack":null}
[2026-04-23T02:44:49.343Z] {"timestamp":1776912288228,"level":"WARN","args":["Element with name \"gmp-place-all-content\" already defined."],"stack":null}
[2026-04-23T02:44:49.343Z] {"timestamp":1776912288228,"level":"WARN","args":["Element with name \"gmp-internal-link-button\" already defined."],"stack":null}
[2026-04-23T02:44:49.343Z] {"timestamp":1776912288228,"level":"WARN","args":["Element with name \"gmp-internal-menu\" already defined."],"stack":null}
[2026-04-23T02:44:49.343Z] {"timestamp":1776912288228,"level":"WARN","args":["Element with name \"gmp-internal-place-opening-hours\" already defined."],"stack":null}
[2026-04-23T02:44:49.343Z] {"timestamp":1776912288228,"level":"WARN","args":["Element with name \"gmp-internal-place-review\" already defined."],"stack":null}
[2026-04-23T02:44:49.343Z] {"timestamp":1776912288228,"level":"WARN","args":["Element with name \"gmp-internal-tabbed-layout\" already defined."],"stack":null}
[2026-04-23T02:44:49.343Z] {"timestamp":1776912288228,"level":"WARN","args":["Element with name \"gmp-internal-lightbox\" already defined."],"stack":null}
[2026-04-23T02:44:49.343Z] {"timestamp":1776912288228,"level":"WARN","args":["Element with name \"gmp-internal-collage\" already defined."],"stack":null}
[2026-04-23T02:44:49.343Z] {"timestamp":1776912288229,"level":"WARN","args":["Element with name \"gmp-internal-place-rating-summary\" already defined."],"stack":null}
[2026-04-23T02:44:49.343Z] {"timestamp":1776912288229,"level":"WARN","args":["Element with name \"gmp-place-content-config\" already defined."],"stack":null}
[2026-04-23T02:44:49.343Z] {"timestamp":1776912288229,"level":"WARN","args":["Element with name \"gmp-place-standard-content\" already defined."],"stack":null}
[2026-04-23T02:44:49.343Z] {"timestamp":1776912288229,"level":"WARN","args":["Element with name \"gmp-internal-place-basic-info\" already defined."],"stack":null}
[2026-04-23T02:44:49.343Z] {"timestamp":1776912288229,"level":"WARN","args":["Element with name \"gmp-place-details-location-request\" already defined."],"stack":null}
[2026-04-23T02:44:49.343Z] {"timestamp":1776912288229,"level":"WARN","args":["Element with name \"gmp-place-details-place-request\" already defined."],"stack":null}
[2026-04-23T02:44:49.343Z] {"timestamp":1776912288229,"level":"WARN","args":["Element with name \"gmp-internal-circular-loader\" already defined."],"stack":null}
[2026-04-23T02:44:49.343Z] {"timestamp":1776912288229,"level":"WARN","args":["Element with name \"gmp-place-details-compact\" already defined."],"stack":null}
[2026-04-23T02:44:49.343Z] {"timestamp":1776912288229,"level":"WARN","args":["Element with name \"gmp-internal-use-place-details-compact\" already defined."],"stack":null}
[2026-04-23T02:44:49.343Z] {"timestamp":1776912288229,"level":"WARN","args":["Element with name \"gmp-place-media\" already defined."],"stack":null}
[2026-04-23T02:44:49.343Z] {"timestamp":1776912288229,"level":"WARN","args":["Element with name \"gmp-place-address\" already defined."],"stack":null}
[2026-04-23T02:44:49.343Z] {"timestamp":1776912288229,"level":"WARN","args":["Element with name \"gmp-place-rating\" already defined."],"stack":null}
[2026-04-23T02:44:49.343Z] {"timestamp":1776912288229,"level":"WARN","args":["Element with name \"gmp-place-type\" already defined."],"stack":null}
[2026-04-23T02:44:49.343Z] {"timestamp":1776912288229,"level":"WARN","args":["Element with name \"gmp-place-price\" already defined."],"stack":null}
[2026-04-23T02:44:49.343Z] {"timestamp":1776912288229,"level":"WARN","args":["Element with name \"gmp-place-accessible-entrance-icon\" already defined."],"stack":null}
[2026-04-23T02:44:49.343Z] {"timestamp":1776912288229,"level":"WARN","args":["Element with name \"gmp-place-open-now-status\" already defined."],"stack":null}
[2026-04-23T02:44:49.343Z] {"timestamp":1776912288229,"level":"WARN","args":["Element with name \"gmp-place-attribution\" already defined."],"stack":null}
[2026-04-23T02:44:49.343Z] {"timestamp":1776912288229,"level":"WARN","args":["Element with name \"gmp-place-website\" already defined."],"stack":null}
[2026-04-23T02:44:49.343Z] {"timestamp":1776912288229,"level":"WARN","args":["Element with name \"gmp-place-phone-number\" already defined."],"stack":null}
[2026-04-23T02:44:49.343Z] {"timestamp":1776912288229,"level":"WARN","args":["Element with name \"gmp-place-opening-hours\" already defined."],"stack":null}
[2026-04-23T02:44:49.343Z] {"timestamp":1776912288229,"level":"WARN","args":["Element with name \"gmp-place-summary\" already defined."],"stack":null}
[2026-04-23T02:44:49.343Z] {"timestamp":1776912288229,"level":"WARN","args":["Element with name \"gmp-place-type-specific-highlights\" already defined."],"stack":null}
[2026-04-23T02:44:49.343Z] {"timestamp":1776912288229,"level":"WARN","args":["Element with name \"gmp-place-review-summary\" already defined."],"stack":null}
[2026-04-23T02:44:49.343Z] {"timestamp":1776912288229,"level":"WARN","args":["Element with name \"gmp-place-reviews\" already defined."],"stack":null}
[2026-04-23T02:44:49.343Z] {"timestamp":1776912288229,"level":"WARN","args":["Element with name \"gmp-place-plus-code\" already defined."],"stack":null}
[2026-04-23T02:44:49.343Z] {"timestamp":1776912288229,"level":"WARN","args":["Element with name \"gmp-place-feature-list\" already defined."],"stack":null}
[2026-04-23T02:44:49.343Z] {"timestamp":1776912288230,"level":"WARN","args":["Element with name \"gmp-place-details\" already defined."],"stack":null}
[2026-04-23T02:44:49.343Z] {"timestamp":1776912288230,"level":"WARN","args":["Element with name \"gmp-internal-place-carousel\" already defined."],"stack":null}
[2026-04-23T02:44:49.343Z] {"timestamp":1776912288230,"level":"WARN","args":["Element with name \"gmp-internal-place-search-list-item\" already defined."],"stack":null}
[2026-04-23T02:44:49.343Z] {"timestamp":1776912288230,"level":"WARN","args":["Element with name \"gmp-place-nearby-search-request\" already defined."],"stack":null}
[2026-04-23T02:44:49.343Z] {"timestamp":1776912288230,"level":"WARN","args":["Element with name \"gmp-place-text-search-request\" already defined."],"stack":null}
[2026-04-23T02:44:49.343Z] {"timestamp":1776912288230,"level":"WARN","args":["Element with name \"gmp-place-search\" already defined."],"stack":null}
[2026-04-23T02:44:49.343Z] {"timestamp":1776912288233,"level":"WARN","args":["Element with name \"gmp-pin\" already defined."],"stack":null}
[2026-04-23T02:44:49.343Z] {"timestamp":1776912288234,"level":"WARN","args":["Element with name \"gmp-internal-use-am\" already defined."],"stack":null}
[2026-04-23T02:44:49.343Z] {"timestamp":1776912288234,"level":"WARN","args":["Element with name \"gmp-map\" already defined."],"stack":null}
[2026-04-23T02:44:49.343Z] {"timestamp":1776912288235,"level":"WARN","args":["Element with name \"gmp-advanced-marker\" already defined."],"stack":null}
[2026-04-23T02:44:49.343Z] {"timestamp":1776912288235,"level":"WARN","args":["Element with name \"gmp-place-autocomplete\" already defined."],"stack":null}
[2026-04-23T02:44:49.343Z] {"timestamp":1776912288235,"level":"WARN","args":["Element with name \"gmp-basic-place-autocomplete\" already defined."],"stack":null}
[2026-04-23T02:44:49.343Z] {"timestamp":1776912288261,"level":"WARN","args":["As of February 21st, 2024, google.maps.Marker is deprecated. Please use google.maps.marker.AdvancedMarkerElement instead. At this time, google.maps.Marker is not scheduled to be discontinued, but google.maps.marker.AdvancedMarkerElement is recommended over google.maps.Marker. While google.maps.Marker will continue to receive bug fixes for any major regressions, existing bugs in google.maps.Marker will not be addressed. At least 12 months notice will be given before support is discontinued. Please see https://developers.google.com/maps/deprecations for additional details and https://developers.google.com/maps/documentation/javascript/advanced-markers/migration for the migration guide."],"stack":null}
[2026-04-23T02:44:49.343Z] {"timestamp":1776912289164,"level":"WARN","args":["Element with name \"gmp-internal-camera-control\" already defined."],"stack":null}
[2026-04-23T02:44:55.303Z] {"timestamp":1776912294324,"level":"ERROR","args":["In HTML, %s cannot be a descendant of <%s>.\nThis will cause a hydration error.%s","<button>","button","\n\n  ...\n    <TooltipProvider data-loc=\"client/src...\" data-slot=\"tooltip-pr...\" delayDuration={0}>\n      <TooltipProviderProvider scope={undefined} isOpenDelayedRef={{current:true}} delayDuration={0} onOpen={function} ...>\n        <Toaster>\n        <Router data-loc=\"client/src...\">\n          <Switch data-loc=\"client/src...\">\n            <Route data-loc=\"client/src...\" path=\"/map\" match={[...]}>\n              <OnboardingGuard data-loc=\"client/src...\">\n                <Map data-loc=\"client/src...\">\n                  <div data-loc=\"client/src...\" className=\"min-h-scre...\">\n                    <div>\n                    <div data-loc=\"client/src...\" className=\"max-w-6xl ...\">\n                      <div data-loc=\"client/src...\" className=\"grid grid-...\">\n                        <div>\n                        <div data-loc=\"client/src...\" className=\"lg:col-span-1\">\n                          <div>\n                          <div data-loc=\"client/src...\" className=\"bg-white r...\">\n                            <div>\n                            <div data-loc=\"client/src...\" className=\"divide-y m...\">\n>                             <button\n>                               data-loc=\"client/src/pages/Map.tsx:396\"\n>                               onClick={function onClick}\n>                               className={\"w-full p-4 text-left transition-colors hover:bg-blue-50 \"}\n>                             >\n                                <div>\n                                <p>\n                                <div data-loc=\"client/src...\" className=\"flex items...\">\n                                  <span>\n>                                 <button\n>                                   data-loc=\"client/src/pages/Map.tsx:416\"\n>                                   onClick={function onClick}\n>                                   className=\"text-blue-600 hover:text-blue-700 font-medium flex items-center gap-1\"\n>                                 >\n"],"stack":"Error\n    at console.<computed> [as error] (https://3000-iwi3fzzw46c2utma7n3fo-5ac9c38d.sg1.manus.computer/__manus__/debug-collector.js:391:37)\n    at validateDOMNesting (https://3000-iwi3fzzw46c2utma7n3fo-5ac9c38d.sg1.manus.computer/@fs/home/ubuntu/crisispath/node_modules/.vite/deps/react-dom_client.js?v=e32334ce:2156:22)\n    at completeWork (https://3000-iwi3fzzw46c2utma7n3fo-5ac9c38d.sg1.manus.computer/@fs/home/ubuntu/crisispath/node_modules/.vite/deps/react-dom_client.js?v=e32334ce:9002:17)\n    at runWithFiberInDEV (https://3000-iwi3fzzw46c2utma7n3fo-5ac9c38d.sg1.manus.computer/@fs/home/ubuntu/crisispath/node_modules/.vite/deps/react-dom_client.js?v=e32334ce:997:72)\n    at completeUnitOfWork (https://3000-iwi3fzzw46c2utma7n3fo-5ac9c38d.sg1.manus.computer/@fs/home/ubuntu/crisispath/node_modules/.vite/deps/react-dom_client.js?v=e32334ce:12669:22)\n    at performUnitOfWork (https://3000-iwi3fzzw46c2utma7n3fo-5ac9c38d.sg1.manus.computer/@fs/home/ubuntu/crisispath/node_modules/.vite/deps/react-dom_client.js?v=e32334ce:12575:29)\n    at workLoopSync (https://3000-iwi3fzzw46c2utma7n3fo-5ac9c38d.sg1.manus.computer/@fs/home/ubuntu/crisispath/node_modules/.vite/deps/react-dom_client.js?v=e32334ce:12424:43)\n    at renderRootSync (https://3000-iwi3fzzw46c2utma7n3fo-5ac9c38d.sg1.manus.computer/@fs/home/ubuntu/crisispath/node_modules/.vite/deps/react-dom_client.js?v=e32334ce:12408:13)\n    at performWorkOnRoot (https://3000-iwi3fzzw46c2utma7n3fo-5ac9c38d.sg1.manus.computer/@fs/home/ubuntu/crisispath/node_modules/.vite/deps/react-dom_client.js?v=e32334ce:11766:189)\n    at performSyncWorkOnRoot (https://3000-iwi3fzzw46c2utma7n3fo-5ac9c38d.sg1.manus.computer/@fs/home/ubuntu/crisispath/node_modules/.vite/deps/react-dom_client.js?v=e32334ce:13517:9)"}
[2026-04-23T02:44:55.303Z] {"timestamp":1776912294326,"level":"ERROR","args":["<%s> cannot contain a nested %s.\nSee this log for the ancestor stack trace.","button","<button>"],"stack":"Error\n    at console.<computed> [as error] (https://3000-iwi3fzzw46c2utma7n3fo-5ac9c38d.sg1.manus.computer/__manus__/debug-collector.js:391:37)\n    at https://3000-iwi3fzzw46c2utma7n3fo-5ac9c38d.sg1.manus.computer/@fs/home/ubuntu/crisispath/node_modules/.vite/deps/react-dom_client.js?v=e32334ce:2163:19\n    at runWithFiberInDEV (https://3000-iwi3fzzw46c2utma7n3fo-5ac9c38d.sg1.manus.computer/@fs/home/ubuntu/crisispath/node_modules/.vite/deps/react-dom_client.js?v=e32334ce:997:72)\n    at validateDOMNesting (https://3000-iwi3fzzw46c2utma7n3fo-5ac9c38d.sg1.manus.computer/@fs/home/ubuntu/crisispath/node_modules/.vite/deps/react-dom_client.js?v=e32334ce:2162:178)\n    at completeWork (https://3000-iwi3fzzw46c2utma7n3fo-5ac9c38d.sg1.manus.computer/@fs/home/ubuntu/crisispath/node_modules/.vite/deps/react-dom_client.js?v=e32334ce:9002:17)\n    at runWithFiberInDEV (https://3000-iwi3fzzw46c2utma7n3fo-5ac9c38d.sg1.manus.computer/@fs/home/ubuntu/crisispath/node_modules/.vite/deps/react-dom_client.js?v=e32334ce:997:72)\n    at completeUnitOfWork (https://3000-iwi3fzzw46c2utma7n3fo-5ac9c38d.sg1.manus.computer/@fs/home/ubuntu/crisispath/node_modules/.vite/deps/react-dom_client.js?v=e32334ce:12669:22)\n    at performUnitOfWork (https://3000-iwi3fzzw46c2utma7n3fo-5ac9c38d.sg1.manus.computer/@fs/home/ubuntu/crisispath/node_modules/.vite/deps/react-dom_client.js?v=e32334ce:12575:29)\n    at workLoopSync (https://3000-iwi3fzzw46c2utma7n3fo-5ac9c38d.sg1.manus.computer/@fs/home/ubuntu/crisispath/node_modules/.vite/deps/react-dom_client.js?v=e32334ce:12424:43)\n    at renderRootSync (https://3000-iwi3fzzw46c2utma7n3fo-5ac9c38d.sg1.manus.computer/@fs/home/ubuntu/crisispath/node_modules/.vite/deps/react-dom_client.js?v=e32334ce:12408:13)"}
[2026-04-23T02:45:01.301Z] {"timestamp":1776912299552,"level":"WARN","args":["Element with name \"gmp-internal-loading-text\" already defined."],"stack":null}
[2026-04-23T02:45:01.301Z] {"timestamp":1776912299552,"level":"WARN","args":["Element with name \"gmp-internal-request-error-text\" already defined."],"stack":null}
[2026-04-23T02:45:01.301Z] {"timestamp":1776912299553,"level":"WARN","args":["Element with name \"gmp-internal-back-button\" already defined."],"stack":null}
[2026-04-23T02:45:01.301Z] {"timestamp":1776912299553,"level":"WARN","args":["Element with name \"gmp-internal-dialog\" already defined."],"stack":null}
[2026-04-23T02:45:01.301Z] {"timestamp":1776912299553,"level":"WARN","args":["Element with name \"gmp-internal-disclosure\" already defined."],"stack":null}
[2026-04-23T02:45:01.301Z] {"timestamp":1776912299553,"level":"WARN","args":["Element with name \"gmp-internal-disclosure-section\" already defined."],"stack":null}
[2026-04-23T02:45:01.301Z] {"timestamp":1776912299554,"level":"WARN","args":["Element with name \"gmp-internal-attribution\" already defined."],"stack":null}
[2026-04-23T02:45:01.301Z] {"timestamp":1776912299554,"level":"WARN","args":["Element with name \"gmp-internal-element-support-verification\" already defined."],"stack":null}
[2026-04-23T02:45:01.301Z] {"timestamp":1776912299554,"level":"ERROR","args":["You have included the Google Maps JavaScript API multiple times on this page. This may cause unexpected errors."],"stack":"Error\n    at console.<computed> [as error] (https://3000-iwi3fzzw46c2utma7n3fo-5ac9c38d.sg1.manus.computer/__manus__/debug-collector.js:391:37)\n    at Cea (https://forge.manus.ai/v1/maps/proxy/maps/api/js?key=cvZzDbPkXuMKHHX2jcgL3z&v=weekly&libraries=marker,places,geocoding,geometry:2168:273)\n    at Kea (https://forge.manus.ai/v1/maps/proxy/maps/api/js?key=cvZzDbPkXuMKHHX2jcgL3z&v=weekly&libraries=marker,places,geocoding,geometry:2161:81)\n    at google.maps.Load (https://forge.manus.ai/v1/maps/proxy/maps/api/js?key=cvZzDbPkXuMKHHX2jcgL3z&v=weekly&libraries=marker,places,geocoding,geometry:14:5)\n    at https://forge.manus.ai/v1/maps/proxy/maps/api/js?key=cvZzDbPkXuMKHHX2jcgL3z&v=weekly&libraries=marker,places,geocoding,geometry:2467:267\n    at https://forge.manus.ai/v1/maps/proxy/maps/api/js?key=cvZzDbPkXuMKHHX2jcgL3z&v=weekly&libraries=marker,places,geocoding,geometry:2467:280"}
[2026-04-23T02:45:01.301Z] {"timestamp":1776912299554,"level":"WARN","args":["Google Maps JavaScript API has been loaded directly without loading=async. This can result in suboptimal performance. For best-practice loading patterns please see https://goo.gle/js-api-loading"],"stack":null}
[2026-04-23T02:45:01.301Z] {"timestamp":1776912299555,"level":"WARN","args":["Element with name \"gmp-internal-rating\" already defined."],"stack":null}
[2026-04-23T02:45:01.301Z] {"timestamp":1776912299555,"level":"WARN","args":["Element with name \"gmp-place-all-content\" already defined."],"stack":null}
[2026-04-23T02:45:01.301Z] {"timestamp":1776912299555,"level":"WARN","args":["Element with name \"gmp-internal-link-button\" already defined."],"stack":null}
[2026-04-23T02:45:01.301Z] {"timestamp":1776912299555,"level":"WARN","args":["Element with name \"gmp-internal-menu\" already defined."],"stack":null}
[2026-04-23T02:45:01.301Z] {"timestamp":1776912299556,"level":"WARN","args":["Element with name \"gmp-internal-place-opening-hours\" already defined."],"stack":null}
[2026-04-23T02:45:01.301Z] {"timestamp":1776912299556,"level":"WARN","args":["Element with name \"gmp-internal-place-review\" already defined."],"stack":null}
[2026-04-23T02:45:01.301Z] {"timestamp":1776912299556,"level":"WARN","args":["Element with name \"gmp-internal-tabbed-layout\" already defined."],"stack":null}
[2026-04-23T02:45:01.301Z] {"timestamp":1776912299556,"level":"WARN","args":["Element with name \"gmp-internal-lightbox\" already defined."],"stack":null}
[2026-04-23T02:45:01.301Z] {"timestamp":1776912299556,"level":"WARN","args":["Element with name \"gmp-internal-collage\" already defined."],"stack":null}
[2026-04-23T02:45:01.301Z] {"timestamp":1776912299556,"level":"WARN","args":["Element with name \"gmp-internal-place-rating-summary\" already defined."],"stack":null}
[2026-04-23T02:45:01.301Z] {"timestamp":1776912299556,"level":"WARN","args":["Element with name \"gmp-place-content-config\" already defined."],"stack":null}
[2026-04-23T02:45:01.301Z] {"timestamp":1776912299556,"level":"WARN","args":["Element with name \"gmp-place-standard-content\" already defined."],"stack":null}
[2026-04-23T02:45:01.301Z] {"timestamp":1776912299556,"level":"WARN","args":["Element with name \"gmp-internal-place-basic-info\" already defined."],"stack":null}
[2026-04-23T02:45:01.301Z] {"timestamp":1776912299556,"level":"WARN","args":["Element with name \"gmp-place-details-location-request\" already defined."],"stack":null}
[2026-04-23T02:45:01.301Z] {"timestamp":1776912299556,"level":"WARN","args":["Element with name \"gmp-place-details-place-request\" already defined."],"stack":null}
[2026-04-23T02:45:01.301Z] {"timestamp":1776912299556,"level":"WARN","args":["Element with name \"gmp-internal-circular-loader\" already defined."],"stack":null}
[2026-04-23T02:45:01.301Z] {"timestamp":1776912299557,"level":"WARN","args":["Element with name \"gmp-place-details-compact\" already defined."],"stack":null}
[2026-04-23T02:45:01.301Z] {"timestamp":1776912299557,"level":"WARN","args":["Element with name \"gmp-internal-use-place-details-compact\" already defined."],"stack":null}
[2026-04-23T02:45:01.301Z] {"timestamp":1776912299557,"level":"WARN","args":["Element with name \"gmp-place-media\" already defined."],"stack":null}
[2026-04-23T02:45:01.301Z] {"timestamp":1776912299557,"level":"WARN","args":["Element with name \"gmp-place-address\" already defined."],"stack":null}
[2026-04-23T02:45:01.301Z] {"timestamp":1776912299557,"level":"WARN","args":["Element with name \"gmp-place-rating\" already defined."],"stack":null}
[2026-04-23T02:45:01.301Z] {"timestamp":1776912299557,"level":"WARN","args":["Element with name \"gmp-place-type\" already defined."],"stack":null}
[2026-04-23T02:45:01.301Z] {"timestamp":1776912299557,"level":"WARN","args":["Element with name \"gmp-place-price\" already defined."],"stack":null}
[2026-04-23T02:45:01.301Z] {"timestamp":1776912299557,"level":"WARN","args":["Element with name \"gmp-place-accessible-entrance-icon\" already defined."],"stack":null}
[2026-04-23T02:45:01.301Z] {"timestamp":1776912299557,"level":"WARN","args":["Element with name \"gmp-place-open-now-status\" already defined."],"stack":null}
[2026-04-23T02:45:01.301Z] {"timestamp":1776912299557,"level":"WARN","args":["Element with name \"gmp-place-attribution\" already defined."],"stack":null}
[2026-04-23T02:45:01.301Z] {"timestamp":1776912299557,"level":"WARN","args":["Element with name \"gmp-place-website\" already defined."],"stack":null}
[2026-04-23T02:45:01.301Z] {"timestamp":1776912299557,"level":"WARN","args":["Element with name \"gmp-place-phone-number\" already defined."],"stack":null}
[2026-04-23T02:45:01.301Z] {"timestamp":1776912299557,"level":"WARN","args":["Element with name \"gmp-place-opening-hours\" already defined."],"stack":null}
[2026-04-23T02:45:01.301Z] {"timestamp":1776912299557,"level":"WARN","args":["Element with name \"gmp-place-summary\" already defined."],"stack":null}
[2026-04-23T02:45:01.301Z] {"timestamp":1776912299557,"level":"WARN","args":["Element with name \"gmp-place-type-specific-highlights\" already defined."],"stack":null}
[2026-04-23T02:45:01.301Z] {"timestamp":1776912299557,"level":"WARN","args":["Element with name \"gmp-place-review-summary\" already defined."],"stack":null}
[2026-04-23T02:45:01.301Z] {"timestamp":1776912299557,"level":"WARN","args":["Element with name \"gmp-place-reviews\" already defined."],"stack":null}
[2026-04-23T02:45:01.301Z] {"timestamp":1776912299557,"level":"WARN","args":["Element with name \"gmp-place-plus-code\" already defined."],"stack":null}
[2026-04-23T02:45:01.301Z] {"timestamp":1776912299557,"level":"WARN","args":["Element with name \"gmp-place-feature-list\" already defined."],"stack":null}
[2026-04-23T02:45:01.301Z] {"timestamp":1776912299557,"level":"WARN","args":["Element with name \"gmp-place-details\" already defined."],"stack":null}
[2026-04-23T02:45:01.301Z] {"timestamp":1776912299557,"level":"WARN","args":["Element with name \"gmp-internal-place-carousel\" already defined."],"stack":null}
[2026-04-23T02:45:01.301Z] {"timestamp":1776912299557,"level":"WARN","args":["Element with name \"gmp-internal-place-search-list-item\" already defined."],"stack":null}
[2026-04-23T02:45:01.301Z] {"timestamp":1776912299557,"level":"WARN","args":["Element with name \"gmp-place-nearby-search-request\" already defined."],"stack":null}
[2026-04-23T02:45:01.301Z] {"timestamp":1776912299557,"level":"WARN","args":["Element with name \"gmp-place-text-search-request\" already defined."],"stack":null}
[2026-04-23T02:45:01.301Z] {"timestamp":1776912299557,"level":"WARN","args":["Element with name \"gmp-place-search\" already defined."],"stack":null}
[2026-04-23T02:45:01.301Z] {"timestamp":1776912299560,"level":"WARN","args":["Element with name \"gmp-pin\" already defined."],"stack":null}
[2026-04-23T02:45:01.301Z] {"timestamp":1776912299562,"level":"WARN","args":["Element with name \"gmp-internal-use-am\" already defined."],"stack":null}
[2026-04-23T02:45:01.301Z] {"timestamp":1776912299562,"level":"WARN","args":["Element with name \"gmp-map\" already defined."],"stack":null}
[2026-04-23T02:45:01.301Z] {"timestamp":1776912299562,"level":"WARN","args":["Element with name \"gmp-advanced-marker\" already defined."],"stack":null}
[2026-04-23T02:45:01.301Z] {"timestamp":1776912299562,"level":"WARN","args":["Element with name \"gmp-place-autocomplete\" already defined."],"stack":null}
[2026-04-23T02:45:01.301Z] {"timestamp":1776912299562,"level":"WARN","args":["Element with name \"gmp-basic-place-autocomplete\" already defined."],"stack":null}
[2026-04-23T02:45:01.301Z] {"timestamp":1776912299949,"level":"WARN","args":["Element with name \"gmp-internal-camera-control\" already defined."],"stack":null}
[2026-04-23T02:45:05.305Z] {"timestamp":1776912303774,"level":"WARN","args":["Element with name \"gmp-internal-loading-text\" already defined."],"stack":null}
[2026-04-23T02:45:05.305Z] {"timestamp":1776912303774,"level":"WARN","args":["Element with name \"gmp-internal-request-error-text\" already defined."],"stack":null}
[2026-04-23T02:45:05.305Z] {"timestamp":1776912303774,"level":"WARN","args":["Element with name \"gmp-internal-back-button\" already defined."],"stack":null}
[2026-04-23T02:45:05.305Z] {"timestamp":1776912303774,"level":"WARN","args":["Element with name \"gmp-internal-dialog\" already defined."],"stack":null}
[2026-04-23T02:45:05.305Z] {"timestamp":1776912303774,"level":"WARN","args":["Element with name \"gmp-internal-disclosure\" already defined."],"stack":null}
[2026-04-23T02:45:05.305Z] {"timestamp":1776912303774,"level":"WARN","args":["Element with name \"gmp-internal-disclosure-section\" already defined."],"stack":null}
[2026-04-23T02:45:05.305Z] {"timestamp":1776912303774,"level":"WARN","args":["Element with name \"gmp-internal-attribution\" already defined."],"stack":null}
[2026-04-23T02:45:05.305Z] {"timestamp":1776912303774,"level":"WARN","args":["Element with name \"gmp-internal-element-support-verification\" already defined."],"stack":null}
[2026-04-23T02:45:05.305Z] {"timestamp":1776912303774,"level":"ERROR","args":["You have included the Google Maps JavaScript API multiple times on this page. This may cause unexpected errors."],"stack":"Error\n    at console.<computed> [as error] (https://3000-iwi3fzzw46c2utma7n3fo-5ac9c38d.sg1.manus.computer/__manus__/debug-collector.js:391:37)\n    at Cea (https://forge.manus.ai/v1/maps/proxy/maps/api/js?key=cvZzDbPkXuMKHHX2jcgL3z&v=weekly&libraries=marker,places,geocoding,geometry:2168:273)\n    at Kea (https://forge.manus.ai/v1/maps/proxy/maps/api/js?key=cvZzDbPkXuMKHHX2jcgL3z&v=weekly&libraries=marker,places,geocoding,geometry:2161:81)\n    at google.maps.Load (https://forge.manus.ai/v1/maps/proxy/maps/api/js?key=cvZzDbPkXuMKHHX2jcgL3z&v=weekly&libraries=marker,places,geocoding,geometry:14:5)\n    at https://forge.manus.ai/v1/maps/proxy/maps/api/js?key=cvZzDbPkXuMKHHX2jcgL3z&v=weekly&libraries=marker,places,geocoding,geometry:2467:267\n    at https://forge.manus.ai/v1/maps/proxy/maps/api/js?key=cvZzDbPkXuMKHHX2jcgL3z&v=weekly&libraries=marker,places,geocoding,geometry:2467:280"}
[2026-04-23T02:45:05.305Z] {"timestamp":1776912303775,"level":"WARN","args":["Google Maps JavaScript API has been loaded directly without loading=async. This can result in suboptimal performance. For best-practice loading patterns please see https://goo.gle/js-api-loading"],"stack":null}
[2026-04-23T02:45:05.305Z] {"timestamp":1776912303775,"level":"WARN","args":["Element with name \"gmp-internal-rating\" already defined."],"stack":null}
[2026-04-23T02:45:05.305Z] {"timestamp":1776912303775,"level":"WARN","args":["Element with name \"gmp-place-all-content\" already defined."],"stack":null}
[2026-04-23T02:45:05.305Z] {"timestamp":1776912303776,"level":"WARN","args":["Element with name \"gmp-internal-link-button\" already defined."],"stack":null}
[2026-04-23T02:45:05.305Z] {"timestamp":1776912303776,"level":"WARN","args":["Element with name \"gmp-internal-menu\" already defined."],"stack":null}
[2026-04-23T02:45:05.305Z] {"timestamp":1776912303776,"level":"WARN","args":["Element with name \"gmp-internal-place-opening-hours\" already defined."],"stack":null}
[2026-04-23T02:45:05.305Z] {"timestamp":1776912303776,"level":"WARN","args":["Element with name \"gmp-internal-place-review\" already defined."],"stack":null}
[2026-04-23T02:45:05.305Z] {"timestamp":1776912303776,"level":"WARN","args":["Element with name \"gmp-internal-tabbed-layout\" already defined."],"stack":null}
[2026-04-23T02:45:05.305Z] {"timestamp":1776912303776,"level":"WARN","args":["Element with name \"gmp-internal-lightbox\" already defined."],"stack":null}
[2026-04-23T02:45:05.305Z] {"timestamp":1776912303776,"level":"WARN","args":["Element with name \"gmp-internal-collage\" already defined."],"stack":null}
[2026-04-23T02:45:05.305Z] {"timestamp":1776912303776,"level":"WARN","args":["Element with name \"gmp-internal-place-rating-summary\" already defined."],"stack":null}
[2026-04-23T02:45:05.305Z] {"timestamp":1776912303776,"level":"WARN","args":["Element with name \"gmp-place-content-config\" already defined."],"stack":null}
[2026-04-23T02:45:05.305Z] {"timestamp":1776912303776,"level":"WARN","args":["Element with name \"gmp-place-standard-content\" already defined."],"stack":null}
[2026-04-23T02:45:05.305Z] {"timestamp":1776912303776,"level":"WARN","args":["Element with name \"gmp-internal-place-basic-info\" already defined."],"stack":null}
[2026-04-23T02:45:05.305Z] {"timestamp":1776912303776,"level":"WARN","args":["Element with name \"gmp-place-details-location-request\" already defined."],"stack":null}
[2026-04-23T02:45:05.305Z] {"timestamp":1776912303776,"level":"WARN","args":["Element with name \"gmp-place-details-place-request\" already defined."],"stack":null}
[2026-04-23T02:45:05.305Z] {"timestamp":1776912303776,"level":"WARN","args":["Element with name \"gmp-internal-circular-loader\" already defined."],"stack":null}
[2026-04-23T02:45:05.305Z] {"timestamp":1776912303777,"level":"WARN","args":["Element with name \"gmp-place-details-compact\" already defined."],"stack":null}
[2026-04-23T02:45:05.305Z] {"timestamp":1776912303777,"level":"WARN","args":["Element with name \"gmp-internal-use-place-details-compact\" already defined."],"stack":null}
[2026-04-23T02:45:05.305Z] {"timestamp":1776912303777,"level":"WARN","args":["Element with name \"gmp-place-media\" already defined."],"stack":null}
[2026-04-23T02:45:05.305Z] {"timestamp":1776912303777,"level":"WARN","args":["Element with name \"gmp-place-address\" already defined."],"stack":null}
[2026-04-23T02:45:05.305Z] {"timestamp":1776912303777,"level":"WARN","args":["Element with name \"gmp-place-rating\" already defined."],"stack":null}
[2026-04-23T02:45:05.305Z] {"timestamp":1776912303777,"level":"WARN","args":["Element with name \"gmp-place-type\" already defined."],"stack":null}
[2026-04-23T02:45:05.305Z] {"timestamp":1776912303777,"level":"WARN","args":["Element with name \"gmp-place-price\" already defined."],"stack":null}
[2026-04-23T02:45:05.305Z] {"timestamp":1776912303777,"level":"WARN","args":["Element with name \"gmp-place-accessible-entrance-icon\" already defined."],"stack":null}
[2026-04-23T02:45:05.305Z] {"timestamp":1776912303777,"level":"WARN","args":["Element with name \"gmp-place-open-now-status\" already defined."],"stack":null}
[2026-04-23T02:45:05.305Z] {"timestamp":1776912303777,"level":"WARN","args":["Element with name \"gmp-place-attribution\" already defined."],"stack":null}
[2026-04-23T02:45:05.305Z] {"timestamp":1776912303777,"level":"WARN","args":["Element with name \"gmp-place-website\" already defined."],"stack":null}
[2026-04-23T02:45:05.305Z] {"timestamp":1776912303777,"level":"WARN","args":["Element with name \"gmp-place-phone-number\" already defined."],"stack":null}
[2026-04-23T02:45:05.305Z] {"timestamp":1776912303777,"level":"WARN","args":["Element with name \"gmp-place-opening-hours\" already defined."],"stack":null}
[2026-04-23T02:45:05.305Z] {"timestamp":1776912303777,"level":"WARN","args":["Element with name \"gmp-place-summary\" already defined."],"stack":null}
[2026-04-23T02:45:05.305Z] {"timestamp":1776912303777,"level":"WARN","args":["Element with name \"gmp-place-type-specific-highlights\" already defined."],"stack":null}
[2026-04-23T02:45:05.305Z] {"timestamp":1776912303777,"level":"WARN","args":["Element with name \"gmp-place-review-summary\" already defined."],"stack":null}
[2026-04-23T02:45:05.305Z] {"timestamp":1776912303777,"level":"WARN","args":["Element with name \"gmp-place-reviews\" already defined."],"stack":null}
[2026-04-23T02:45:05.305Z] {"timestamp":1776912303777,"level":"WARN","args":["Element with name \"gmp-place-plus-code\" already defined."],"stack":null}
[2026-04-23T02:45:05.305Z] {"timestamp":1776912303777,"level":"WARN","args":["Element with name \"gmp-place-feature-list\" already defined."],"stack":null}
[2026-04-23T02:45:05.305Z] {"timestamp":1776912303777,"level":"WARN","args":["Element with name \"gmp-place-details\" already defined."],"stack":null}
[2026-04-23T02:45:05.305Z] {"timestamp":1776912303777,"level":"WARN","args":["Element with name \"gmp-internal-place-carousel\" already defined."],"stack":null}
[2026-04-23T02:45:05.305Z] {"timestamp":1776912303777,"level":"WARN","args":["Element with name \"gmp-internal-place-search-list-item\" already defined."],"stack":null}
[2026-04-23T02:45:05.305Z] {"timestamp":1776912303777,"level":"WARN","args":["Element with name \"gmp-place-nearby-search-request\" already defined."],"stack":null}
[2026-04-23T02:45:05.305Z] {"timestamp":1776912303777,"level":"WARN","args":["Element with name \"gmp-place-text-search-request\" already defined."],"stack":null}
[2026-04-23T02:45:05.305Z] {"timestamp":1776912303777,"level":"WARN","args":["Element with name \"gmp-place-search\" already defined."],"stack":null}
[2026-04-23T02:45:05.305Z] {"timestamp":1776912303781,"level":"WARN","args":["Element with name \"gmp-pin\" already defined."],"stack":null}
[2026-04-23T02:45:05.305Z] {"timestamp":1776912303782,"level":"WARN","args":["Element with name \"gmp-internal-use-am\" already defined."],"stack":null}
[2026-04-23T02:45:05.305Z] {"timestamp":1776912303783,"level":"WARN","args":["Element with name \"gmp-map\" already defined."],"stack":null}
[2026-04-23T02:45:05.305Z] {"timestamp":1776912303783,"level":"WARN","args":["Element with name \"gmp-advanced-marker\" already defined."],"stack":null}
[2026-04-23T02:45:05.305Z] {"timestamp":1776912303783,"level":"WARN","args":["Element with name \"gmp-place-autocomplete\" already defined."],"stack":null}
[2026-04-23T02:45:05.305Z] {"timestamp":1776912303783,"level":"WARN","args":["Element with name \"gmp-basic-place-autocomplete\" already defined."],"stack":null}
[2026-04-23T02:45:05.305Z] {"timestamp":1776912304165,"level":"WARN","args":["Element with name \"gmp-internal-camera-control\" already defined."],"stack":null}
[2026-04-26T03:57:38.741Z] {"timestamp":1777175856438,"level":"DEBUG","args":["[Manus] Debug collector initialized (no rrweb, UI events only)"],"stack":null}
[2026-04-26T03:57:38.741Z] {"timestamp":1777175856633,"level":"DEBUG","args":["[vite] connected."],"stack":null}
[2026-04-26T03:57:43.942Z] {"timestamp":1777175861242,"level":"DEBUG","args":["[Manus] Debug collector initialized (no rrweb, UI events only)"],"stack":null}
[2026-04-26T03:57:43.942Z] {"timestamp":1777175861463,"level":"DEBUG","args":["[vite] connected."],"stack":null}
[2026-04-26T04:03:59.290Z] {"timestamp":1777176237348,"level":"WARN","args":["Google Maps JavaScript API has been loaded directly without loading=async. This can result in suboptimal performance. For best-practice loading patterns please see https://goo.gle/js-api-loading"],"stack":null}
[2026-04-26T04:04:03.358Z] {"timestamp":1777176241607,"level":"WARN","args":["Element with name \"gmp-internal-loading-text\" already defined."],"stack":null}
[2026-04-26T04:04:03.358Z] {"timestamp":1777176241607,"level":"WARN","args":["Element with name \"gmp-internal-request-error-text\" already defined."],"stack":null}
[2026-04-26T04:04:03.358Z] {"timestamp":1777176241608,"level":"WARN","args":["Element with name \"gmp-internal-back-button\" already defined."],"stack":null}
[2026-04-26T04:04:03.358Z] {"timestamp":1777176241608,"level":"WARN","args":["Element with name \"gmp-internal-dialog\" already defined."],"stack":null}
[2026-04-26T04:04:03.358Z] {"timestamp":1777176241608,"level":"WARN","args":["Element with name \"gmp-internal-disclosure\" already defined."],"stack":null}
[2026-04-26T04:04:03.358Z] {"timestamp":1777176241608,"level":"WARN","args":["Element with name \"gmp-internal-disclosure-section\" already defined."],"stack":null}
[2026-04-26T04:04:03.358Z] {"timestamp":1777176241608,"level":"WARN","args":["Element with name \"gmp-internal-attribution\" already defined."],"stack":null}
[2026-04-26T04:04:03.358Z] {"timestamp":1777176241609,"level":"WARN","args":["Element with name \"gmp-internal-element-support-verification\" already defined."],"stack":null}
[2026-04-26T04:04:03.358Z] {"timestamp":1777176241609,"level":"ERROR","args":["You have included the Google Maps JavaScript API multiple times on this page. This may cause unexpected errors."],"stack":"Error\n    at console.<computed> [as error] (https://3000-iwi3fzzw46c2utma7n3fo-5ac9c38d.sg1.manus.computer/__manus__/debug-collector.js:391:37)\n    at Cea (https://forge.manus.ai/v1/maps/proxy/maps/api/js?key=cvZzDbPkXuMKHHX2jcgL3z&v=weekly&libraries=marker,places,geocoding,geometry:2168:273)\n    at Kea (https://forge.manus.ai/v1/maps/proxy/maps/api/js?key=cvZzDbPkXuMKHHX2jcgL3z&v=weekly&libraries=marker,places,geocoding,geometry:2161:81)\n    at google.maps.Load (https://forge.manus.ai/v1/maps/proxy/maps/api/js?key=cvZzDbPkXuMKHHX2jcgL3z&v=weekly&libraries=marker,places,geocoding,geometry:14:5)\n    at https://forge.manus.ai/v1/maps/proxy/maps/api/js?key=cvZzDbPkXuMKHHX2jcgL3z&v=weekly&libraries=marker,places,geocoding,geometry:2467:267\n    at https://forge.manus.ai/v1/maps/proxy/maps/api/js?key=cvZzDbPkXuMKHHX2jcgL3z&v=weekly&libraries=marker,places,geocoding,geometry:2467:280"}
[2026-04-26T04:04:03.358Z] {"timestamp":1777176241646,"level":"WARN","args":["Google Maps JavaScript API has been loaded directly without loading=async. This can result in suboptimal performance. For best-practice loading patterns please see https://goo.gle/js-api-loading"],"stack":null}
[2026-04-26T04:04:03.358Z] {"timestamp":1777176241648,"level":"WARN","args":["Element with name \"gmp-internal-rating\" already defined."],"stack":null}
[2026-04-26T04:04:03.358Z] {"timestamp":1777176241648,"level":"WARN","args":["Element with name \"gmp-place-all-content\" already defined."],"stack":null}
[2026-04-26T04:04:03.358Z] {"timestamp":1777176241648,"level":"WARN","args":["Element with name \"gmp-internal-link-button\" already defined."],"stack":null}
[2026-04-26T04:04:03.358Z] {"timestamp":1777176241648,"level":"WARN","args":["Element with name \"gmp-internal-menu\" already defined."],"stack":null}
[2026-04-26T04:04:03.358Z] {"timestamp":1777176241649,"level":"WARN","args":["Element with name \"gmp-internal-place-opening-hours\" already defined."],"stack":null}
[2026-04-26T04:04:03.358Z] {"timestamp":1777176241649,"level":"WARN","args":["Element with name \"gmp-internal-place-review\" already defined."],"stack":null}
[2026-04-26T04:04:03.358Z] {"timestamp":1777176241649,"level":"WARN","args":["Element with name \"gmp-internal-tabbed-layout\" already defined."],"stack":null}
[2026-04-26T04:04:03.358Z] {"timestamp":1777176241650,"level":"WARN","args":["Element with name \"gmp-internal-lightbox\" already defined."],"stack":null}
[2026-04-26T04:04:03.358Z] {"timestamp":1777176241650,"level":"WARN","args":["Element with name \"gmp-internal-collage\" already defined."],"stack":null}
[2026-04-26T04:04:03.358Z] {"timestamp":1777176241650,"level":"WARN","args":["Element with name \"gmp-internal-place-rating-summary\" already defined."],"stack":null}
[2026-04-26T04:04:03.358Z] {"timestamp":1777176241650,"level":"WARN","args":["Element with name \"gmp-place-content-config\" already defined."],"stack":null}
[2026-04-26T04:04:03.358Z] {"timestamp":1777176241650,"level":"WARN","args":["Element with name \"gmp-place-standard-content\" already defined."],"stack":null}
[2026-04-26T04:04:03.358Z] {"timestamp":1777176241650,"level":"WARN","args":["Element with name \"gmp-internal-place-basic-info\" already defined."],"stack":null}
[2026-04-26T04:04:03.358Z] {"timestamp":1777176241650,"level":"WARN","args":["Element with name \"gmp-place-details-location-request\" already defined."],"stack":null}
[2026-04-26T04:04:03.358Z] {"timestamp":1777176241650,"level":"WARN","args":["Element with name \"gmp-place-details-place-request\" already defined."],"stack":null}
[2026-04-26T04:04:03.358Z] {"timestamp":1777176241651,"level":"WARN","args":["Element with name \"gmp-internal-circular-loader\" already defined."],"stack":null}
[2026-04-26T04:04:03.358Z] {"timestamp":1777176241651,"level":"WARN","args":["Element with name \"gmp-place-details-compact\" already defined."],"stack":null}
[2026-04-26T04:04:03.358Z] {"timestamp":1777176241651,"level":"WARN","args":["Element with name \"gmp-internal-use-place-details-compact\" already defined."],"stack":null}
[2026-04-26T04:04:03.358Z] {"timestamp":1777176241651,"level":"WARN","args":["Element with name \"gmp-place-media\" already defined."],"stack":null}
[2026-04-26T04:04:03.358Z] {"timestamp":1777176241651,"level":"WARN","args":["Element with name \"gmp-place-address\" already defined."],"stack":null}
[2026-04-26T04:04:03.358Z] {"timestamp":1777176241651,"level":"WARN","args":["Element with name \"gmp-place-rating\" already defined."],"stack":null}
[2026-04-26T04:04:03.358Z] {"timestamp":1777176241651,"level":"WARN","args":["Element with name \"gmp-place-type\" already defined."],"stack":null}
[2026-04-26T04:04:03.358Z] {"timestamp":1777176241651,"level":"WARN","args":["Element with name \"gmp-place-price\" already defined."],"stack":null}
[2026-04-26T04:04:03.358Z] {"timestamp":1777176241651,"level":"WARN","args":["Element with name \"gmp-place-accessible-entrance-icon\" already defined."],"stack":null}
[2026-04-26T04:04:03.358Z] {"timestamp":1777176241651,"level":"WARN","args":["Element with name \"gmp-place-open-now-status\" already defined."],"stack":null}
[2026-04-26T04:04:03.358Z] {"timestamp":1777176241651,"level":"WARN","args":["Element with name \"gmp-place-attribution\" already defined."],"stack":null}
[2026-04-26T04:04:03.358Z] {"timestamp":1777176241651,"level":"WARN","args":["Element with name \"gmp-place-website\" already defined."],"stack":null}
[2026-04-26T04:04:03.358Z] {"timestamp":1777176241651,"level":"WARN","args":["Element with name \"gmp-place-phone-number\" already defined."],"stack":null}
[2026-04-26T04:04:03.358Z] {"timestamp":1777176241651,"level":"WARN","args":["Element with name \"gmp-place-opening-hours\" already defined."],"stack":null}
[2026-04-26T04:04:03.358Z] {"timestamp":1777176241651,"level":"WARN","args":["Element with name \"gmp-place-summary\" already defined."],"stack":null}
[2026-04-26T04:04:03.358Z] {"timestamp":1777176241651,"level":"WARN","args":["Element with name \"gmp-place-type-specific-highlights\" already defined."],"stack":null}
[2026-04-26T04:04:03.358Z] {"timestamp":1777176241651,"level":"WARN","args":["Element with name \"gmp-place-review-summary\" already defined."],"stack":null}
[2026-04-26T04:04:03.358Z] {"timestamp":1777176241651,"level":"WARN","args":["Element with name \"gmp-place-reviews\" already defined."],"stack":null}
[2026-04-26T04:04:03.358Z] {"timestamp":1777176241651,"level":"WARN","args":["Element with name \"gmp-place-plus-code\" already defined."],"stack":null}
[2026-04-26T04:04:03.358Z] {"timestamp":1777176241651,"level":"WARN","args":["Element with name \"gmp-place-feature-list\" already defined."],"stack":null}
[2026-04-26T04:04:03.358Z] {"timestamp":1777176241651,"level":"WARN","args":["Element with name \"gmp-place-details\" already defined."],"stack":null}
[2026-04-26T04:04:03.358Z] {"timestamp":1777176241651,"level":"WARN","args":["Element with name \"gmp-internal-place-carousel\" already defined."],"stack":null}
[2026-04-26T04:04:03.358Z] {"timestamp":1777176241651,"level":"WARN","args":["Element with name \"gmp-internal-place-search-list-item\" already defined."],"stack":null}
[2026-04-26T04:04:03.358Z] {"timestamp":1777176241651,"level":"WARN","args":["Element with name \"gmp-place-nearby-search-request\" already defined."],"stack":null}
[2026-04-26T04:04:03.358Z] {"timestamp":1777176241652,"level":"WARN","args":["Element with name \"gmp-place-text-search-request\" already defined."],"stack":null}
[2026-04-26T04:04:03.358Z] {"timestamp":1777176241652,"level":"WARN","args":["Element with name \"gmp-place-search\" already defined."],"stack":null}
[2026-04-26T04:04:03.358Z] {"timestamp":1777176241656,"level":"WARN","args":["Element with name \"gmp-pin\" already defined."],"stack":null}
[2026-04-26T04:04:03.358Z] {"timestamp":1777176241658,"level":"WARN","args":["Element with name \"gmp-internal-use-am\" already defined."],"stack":null}
[2026-04-26T04:04:03.358Z] {"timestamp":1777176241658,"level":"WARN","args":["Element with name \"gmp-map\" already defined."],"stack":null}
[2026-04-26T04:04:03.358Z] {"timestamp":1777176241659,"level":"WARN","args":["Element with name \"gmp-advanced-marker\" already defined."],"stack":null}
[2026-04-26T04:04:03.358Z] {"timestamp":1777176241659,"level":"WARN","args":["Element with name \"gmp-place-autocomplete\" already defined."],"stack":null}
[2026-04-26T04:04:03.358Z] {"timestamp":1777176241659,"level":"WARN","args":["Element with name \"gmp-basic-place-autocomplete\" already defined."],"stack":null}
[2026-04-26T04:04:03.358Z] {"timestamp":1777176241719,"level":"WARN","args":["As of February 21st, 2024, google.maps.Marker is deprecated. Please use google.maps.marker.AdvancedMarkerElement instead. At this time, google.maps.Marker is not scheduled to be discontinued, but google.maps.marker.AdvancedMarkerElement is recommended over google.maps.Marker. While google.maps.Marker will continue to receive bug fixes for any major regressions, existing bugs in google.maps.Marker will not be addressed. At least 12 months notice will be given before support is discontinued. Please see https://developers.google.com/maps/deprecations for additional details and https://developers.google.com/maps/documentation/javascript/advanced-markers/migration for the migration guide."],"stack":null}
[2026-04-26T04:04:03.358Z] {"timestamp":1777176242275,"level":"WARN","args":["Element with name \"gmp-internal-camera-control\" already defined."],"stack":null}
[2026-04-26T04:04:03.358Z] {"timestamp":1777176242975,"level":"WARN","args":["Element with name \"gmp-internal-loading-text\" already defined."],"stack":null}
[2026-04-26T04:04:03.358Z] {"timestamp":1777176242975,"level":"WARN","args":["Element with name \"gmp-internal-request-error-text\" already defined."],"stack":null}
[2026-04-26T04:04:03.358Z] {"timestamp":1777176242975,"level":"WARN","args":["Element with name \"gmp-internal-back-button\" already defined."],"stack":null}
[2026-04-26T04:04:03.358Z] {"timestamp":1777176242976,"level":"WARN","args":["Element with name \"gmp-internal-dialog\" already defined."],"stack":null}
[2026-04-26T04:04:03.358Z] {"timestamp":1777176242976,"level":"WARN","args":["Element with name \"gmp-internal-disclosure\" already defined."],"stack":null}
[2026-04-26T04:04:03.358Z] {"timestamp":1777176242976,"level":"WARN","args":["Element with name \"gmp-internal-disclosure-section\" already defined."],"stack":null}
[2026-04-26T04:04:03.358Z] {"timestamp":1777176242976,"level":"WARN","args":["Element with name \"gmp-internal-attribution\" already defined."],"stack":null}
[2026-04-26T04:04:03.358Z] {"timestamp":1777176242976,"level":"WARN","args":["Element with name \"gmp-internal-element-support-verification\" already defined."],"stack":null}
[2026-04-26T04:04:03.358Z] {"timestamp":1777176242976,"level":"ERROR","args":["You have included the Google Maps JavaScript API multiple times on this page. This may cause unexpected errors."],"stack":"Error\n    at console.<computed> [as error] (https://3000-iwi3fzzw46c2utma7n3fo-5ac9c38d.sg1.manus.computer/__manus__/debug-collector.js:391:37)\n    at Cea (https://forge.manus.ai/v1/maps/proxy/maps/api/js?key=cvZzDbPkXuMKHHX2jcgL3z&v=weekly&libraries=marker,places,geocoding,geometry:2168:273)\n    at Kea (https://forge.manus.ai/v1/maps/proxy/maps/api/js?key=cvZzDbPkXuMKHHX2jcgL3z&v=weekly&libraries=marker,places,geocoding,geometry:2161:81)\n    at google.maps.Load (https://forge.manus.ai/v1/maps/proxy/maps/api/js?key=cvZzDbPkXuMKHHX2jcgL3z&v=weekly&libraries=marker,places,geocoding,geometry:14:5)\n    at https://forge.manus.ai/v1/maps/proxy/maps/api/js?key=cvZzDbPkXuMKHHX2jcgL3z&v=weekly&libraries=marker,places,geocoding,geometry:2467:267\n    at https://forge.manus.ai/v1/maps/proxy/maps/api/js?key=cvZzDbPkXuMKHHX2jcgL3z&v=weekly&libraries=marker,places,geocoding,geometry:2467:280"}
[2026-04-26T04:04:03.358Z] {"timestamp":1777176242978,"level":"WARN","args":["Google Maps JavaScript API has been loaded directly without loading=async. This can result in suboptimal performance. For best-practice loading patterns please see https://goo.gle/js-api-loading"],"stack":null}
[2026-04-26T04:04:03.358Z] {"timestamp":1777176242979,"level":"WARN","args":["Element with name \"gmp-internal-rating\" already defined."],"stack":null}
[2026-04-26T04:04:03.358Z] {"timestamp":1777176242979,"level":"WARN","args":["Element with name \"gmp-place-all-content\" already defined."],"stack":null}
[2026-04-26T04:04:03.358Z] {"timestamp":1777176242979,"level":"WARN","args":["Element with name \"gmp-internal-link-button\" already defined."],"stack":null}
[2026-04-26T04:04:03.358Z] {"timestamp":1777176242979,"level":"WARN","args":["Element with name \"gmp-internal-menu\" already defined."],"stack":null}
[2026-04-26T04:04:03.358Z] {"timestamp":1777176242980,"level":"WARN","args":["Element with name \"gmp-internal-place-opening-hours\" already defined."],"stack":null}
[2026-04-26T04:04:03.358Z] {"timestamp":1777176242980,"level":"WARN","args":["Element with name \"gmp-internal-place-review\" already defined."],"stack":null}
[2026-04-26T04:04:03.358Z] {"timestamp":1777176242980,"level":"WARN","args":["Element with name \"gmp-internal-tabbed-layout\" already defined."],"stack":null}
[2026-04-26T04:04:03.358Z] {"timestamp":1777176242980,"level":"WARN","args":["Element with name \"gmp-internal-lightbox\" already defined."],"stack":null}
[2026-04-26T04:04:03.358Z] {"timestamp":1777176242980,"level":"WARN","args":["Element with name \"gmp-internal-collage\" already defined."],"stack":null}
[2026-04-26T04:04:03.358Z] {"timestamp":1777176242980,"level":"WARN","args":["Element with name \"gmp-internal-place-rating-summary\" already defined."],"stack":null}
[2026-04-26T04:04:03.358Z] {"timestamp":1777176242980,"level":"WARN","args":["Element with name \"gmp-place-content-config\" already defined."],"stack":null}
[2026-04-26T04:04:03.358Z] {"timestamp":1777176242980,"level":"WARN","args":["Element with name \"gmp-place-standard-content\" already defined."],"stack":null}
[2026-04-26T04:04:03.358Z] {"timestamp":1777176242980,"level":"WARN","args":["Element with name \"gmp-internal-place-basic-info\" already defined."],"stack":null}
[2026-04-26T04:04:03.358Z] {"timestamp":1777176242980,"level":"WARN","args":["Element with name \"gmp-place-details-location-request\" already defined."],"stack":null}
[2026-04-26T04:04:03.358Z] {"timestamp":1777176242980,"level":"WARN","args":["Element with name \"gmp-place-details-place-request\" already defined."],"stack":null}
[2026-04-26T04:04:03.358Z] {"timestamp":1777176242981,"level":"WARN","args":["Element with name \"gmp-internal-circular-loader\" already defined."],"stack":null}
[2026-04-26T04:04:03.358Z] {"timestamp":1777176242981,"level":"WARN","args":["Element with name \"gmp-place-details-compact\" already defined."],"stack":null}
[2026-04-26T04:04:03.358Z] {"timestamp":1777176242981,"level":"WARN","args":["Element with name \"gmp-internal-use-place-details-compact\" already defined."],"stack":null}
[2026-04-26T04:04:03.358Z] {"timestamp":1777176242981,"level":"WARN","args":["Element with name \"gmp-place-media\" already defined."],"stack":null}
[2026-04-26T04:04:03.358Z] {"timestamp":1777176242981,"level":"WARN","args":["Element with name \"gmp-place-address\" already defined."],"stack":null}
[2026-04-26T04:04:03.358Z] {"timestamp":1777176242981,"level":"WARN","args":["Element with name \"gmp-place-rating\" already defined."],"stack":null}
[2026-04-26T04:04:03.358Z] {"timestamp":1777176242981,"level":"WARN","args":["Element with name \"gmp-place-type\" already defined."],"stack":null}
[2026-04-26T04:04:03.358Z] {"timestamp":1777176242981,"level":"WARN","args":["Element with name \"gmp-place-price\" already defined."],"stack":null}
[2026-04-26T04:04:03.358Z] {"timestamp":1777176242981,"level":"WARN","args":["Element with name \"gmp-place-accessible-entrance-icon\" already defined."],"stack":null}
[2026-04-26T04:04:03.358Z] {"timestamp":1777176242981,"level":"WARN","args":["Element with name \"gmp-place-open-now-status\" already defined."],"stack":null}
[2026-04-26T04:04:03.358Z] {"timestamp":1777176242981,"level":"WARN","args":["Element with name \"gmp-place-attribution\" already defined."],"stack":null}
[2026-04-26T04:04:03.358Z] {"timestamp":1777176242981,"level":"WARN","args":["Element with name \"gmp-place-website\" already defined."],"stack":null}
[2026-04-26T04:04:03.358Z] {"timestamp":1777176242981,"level":"WARN","args":["Element with name \"gmp-place-phone-number\" already defined."],"stack":null}
[2026-04-26T04:04:03.358Z] {"timestamp":1777176242981,"level":"WARN","args":["Element with name \"gmp-place-opening-hours\" already defined."],"stack":null}
[2026-04-26T04:04:03.358Z] {"timestamp":1777176242981,"level":"WARN","args":["Element with name \"gmp-place-summary\" already defined."],"stack":null}
[2026-04-26T04:04:03.358Z] {"timestamp":1777176242981,"level":"WARN","args":["Element with name \"gmp-place-type-specific-highlights\" already defined."],"stack":null}
[2026-04-26T04:04:03.358Z] {"timestamp":1777176242982,"level":"WARN","args":["Element with name \"gmp-place-review-summary\" already defined."],"stack":null}
[2026-04-26T04:04:03.358Z] {"timestamp":1777176242982,"level":"WARN","args":["Element with name \"gmp-place-reviews\" already defined."],"stack":null}
[2026-04-26T04:04:03.358Z] {"timestamp":1777176242982,"level":"WARN","args":["Element with name \"gmp-place-plus-code\" already defined."],"stack":null}
[2026-04-26T04:04:03.358Z] {"timestamp":1777176242982,"level":"WARN","args":["Element with name \"gmp-place-feature-list\" already defined."],"stack":null}
[2026-04-26T04:04:03.358Z] {"timestamp":1777176242982,"level":"WARN","args":["Element with name \"gmp-place-details\" already defined."],"stack":null}
[2026-04-26T04:04:03.358Z] {"timestamp":1777176242982,"level":"WARN","args":["Element with name \"gmp-internal-place-carousel\" already defined."],"stack":null}
[2026-04-26T04:04:03.358Z] {"timestamp":1777176242983,"level":"WARN","args":["Element with name \"gmp-internal-place-search-list-item\" already defined."],"stack":null}
[2026-04-26T04:04:03.358Z] {"timestamp":1777176242983,"level":"WARN","args":["Element with name \"gmp-place-nearby-search-request\" already defined."],"stack":null}
[2026-04-26T04:04:03.358Z] {"timestamp":1777176242983,"level":"WARN","args":["Element with name \"gmp-place-text-search-request\" already defined."],"stack":null}
[2026-04-26T04:04:03.358Z] {"timestamp":1777176242983,"level":"WARN","args":["Element with name \"gmp-place-search\" already defined."],"stack":null}
[2026-04-26T04:04:03.358Z] {"timestamp":1777176242990,"level":"WARN","args":["Element with name \"gmp-pin\" already defined."],"stack":null}
[2026-04-26T04:04:03.358Z] {"timestamp":1777176242991,"level":"WARN","args":["Element with name \"gmp-internal-use-am\" already defined."],"stack":null}
[2026-04-26T04:04:03.358Z] {"timestamp":1777176242991,"level":"WARN","args":["Element with name \"gmp-map\" already defined."],"stack":null}
[2026-04-26T04:04:03.358Z] {"timestamp":1777176242992,"level":"WARN","args":["Element with name \"gmp-advanced-marker\" already defined."],"stack":null}
[2026-04-26T04:04:03.358Z] {"timestamp":1777176242992,"level":"WARN","args":["Element with name \"gmp-place-autocomplete\" already defined."],"stack":null}
[2026-04-26T04:04:03.358Z] {"timestamp":1777176242992,"level":"WARN","args":["Element with name \"gmp-basic-place-autocomplete\" already defined."],"stack":null}
[2026-04-26T04:04:05.938Z] {"timestamp":1777176243466,"level":"WARN","args":["Element with name \"gmp-internal-camera-control\" already defined."],"stack":null}
[2026-04-26T04:27:53.304Z] {"timestamp":1777177673195,"level":"WARN","args":["Element with name \"gmp-internal-loading-text\" already defined."],"stack":null}
[2026-04-26T04:27:53.304Z] {"timestamp":1777177673195,"level":"WARN","args":["Element with name \"gmp-internal-request-error-text\" already defined."],"stack":null}
[2026-04-26T04:27:53.304Z] {"timestamp":1777177673196,"level":"WARN","args":["Element with name \"gmp-internal-back-button\" already defined."],"stack":null}
[2026-04-26T04:27:53.304Z] {"timestamp":1777177673196,"level":"WARN","args":["Element with name \"gmp-internal-dialog\" already defined."],"stack":null}
[2026-04-26T04:27:53.304Z] {"timestamp":1777177673197,"level":"WARN","args":["Element with name \"gmp-internal-disclosure\" already defined."],"stack":null}
[2026-04-26T04:27:53.304Z] {"timestamp":1777177673197,"level":"WARN","args":["Element with name \"gmp-internal-disclosure-section\" already defined."],"stack":null}
[2026-04-26T04:27:53.304Z] {"timestamp":1777177673197,"level":"WARN","args":["Element with name \"gmp-internal-attribution\" already defined."],"stack":null}
[2026-04-26T04:27:53.304Z] {"timestamp":1777177673197,"level":"WARN","args":["Element with name \"gmp-internal-element-support-verification\" already defined."],"stack":null}
[2026-04-26T04:27:53.304Z] {"timestamp":1777177673197,"level":"ERROR","args":["You have included the Google Maps JavaScript API multiple times on this page. This may cause unexpected errors."],"stack":"Error\n    at console.<computed> [as error] (https://3000-iwi3fzzw46c2utma7n3fo-5ac9c38d.sg1.manus.computer/__manus__/debug-collector.js:391:37)\n    at Cea (https://forge.manus.ai/v1/maps/proxy/maps/api/js?key=cvZzDbPkXuMKHHX2jcgL3z&v=weekly&libraries=marker,places,geocoding,geometry:2168:273)\n    at Kea (https://forge.manus.ai/v1/maps/proxy/maps/api/js?key=cvZzDbPkXuMKHHX2jcgL3z&v=weekly&libraries=marker,places,geocoding,geometry:2161:81)\n    at google.maps.Load (https://forge.manus.ai/v1/maps/proxy/maps/api/js?key=cvZzDbPkXuMKHHX2jcgL3z&v=weekly&libraries=marker,places,geocoding,geometry:14:5)\n    at https://forge.manus.ai/v1/maps/proxy/maps/api/js?key=cvZzDbPkXuMKHHX2jcgL3z&v=weekly&libraries=marker,places,geocoding,geometry:2467:267\n    at https://forge.manus.ai/v1/maps/proxy/maps/api/js?key=cvZzDbPkXuMKHHX2jcgL3z&v=weekly&libraries=marker,places,geocoding,geometry:2467:280"}
[2026-04-26T04:27:53.304Z] {"timestamp":1777177673198,"level":"WARN","args":["Google Maps JavaScript API has been loaded directly without loading=async. This can result in suboptimal performance. For best-practice loading patterns please see https://goo.gle/js-api-loading"],"stack":null}
[2026-04-26T04:27:53.304Z] {"timestamp":1777177673199,"level":"WARN","args":["Element with name \"gmp-internal-rating\" already defined."],"stack":null}
[2026-04-26T04:27:53.304Z] {"timestamp":1777177673201,"level":"WARN","args":["Element with name \"gmp-place-all-content\" already defined."],"stack":null}
[2026-04-26T04:27:53.304Z] {"timestamp":1777177673201,"level":"WARN","args":["Element with name \"gmp-internal-link-button\" already defined."],"stack":null}
[2026-04-26T04:27:53.304Z] {"timestamp":1777177673201,"level":"WARN","args":["Element with name \"gmp-internal-menu\" already defined."],"stack":null}
[2026-04-26T04:27:53.304Z] {"timestamp":1777177673201,"level":"WARN","args":["Element with name \"gmp-internal-place-opening-hours\" already defined."],"stack":null}
[2026-04-26T04:27:53.304Z] {"timestamp":1777177673201,"level":"WARN","args":["Element with name \"gmp-internal-place-review\" already defined."],"stack":null}
[2026-04-26T04:27:53.304Z] {"timestamp":1777177673201,"level":"WARN","args":["Element with name \"gmp-internal-tabbed-layout\" already defined."],"stack":null}
[2026-04-26T04:27:53.304Z] {"timestamp":1777177673202,"level":"WARN","args":["Element with name \"gmp-internal-lightbox\" already defined."],"stack":null}
[2026-04-26T04:27:53.304Z] {"timestamp":1777177673202,"level":"WARN","args":["Element with name \"gmp-internal-collage\" already defined."],"stack":null}
[2026-04-26T04:27:53.304Z] {"timestamp":1777177673202,"level":"WARN","args":["Element with name \"gmp-internal-place-rating-summary\" already defined."],"stack":null}
[2026-04-26T04:27:53.304Z] {"timestamp":1777177673202,"level":"WARN","args":["Element with name \"gmp-place-content-config\" already defined."],"stack":null}
[2026-04-26T04:27:53.304Z] {"timestamp":1777177673202,"level":"WARN","args":["Element with name \"gmp-place-standard-content\" already defined."],"stack":null}
[2026-04-26T04:27:53.304Z] {"timestamp":1777177673202,"level":"WARN","args":["Element with name \"gmp-internal-place-basic-info\" already defined."],"stack":null}
[2026-04-26T04:27:53.304Z] {"timestamp":1777177673202,"level":"WARN","args":["Element with name \"gmp-place-details-location-request\" already defined."],"stack":null}
[2026-04-26T04:27:53.304Z] {"timestamp":1777177673202,"level":"WARN","args":["Element with name \"gmp-place-details-place-request\" already defined."],"stack":null}
[2026-04-26T04:27:53.304Z] {"timestamp":1777177673203,"level":"WARN","args":["Element with name \"gmp-internal-circular-loader\" already defined."],"stack":null}
[2026-04-26T04:27:53.304Z] {"timestamp":1777177673203,"level":"WARN","args":["Element with name \"gmp-place-details-compact\" already defined."],"stack":null}
[2026-04-26T04:27:53.304Z] {"timestamp":1777177673203,"level":"WARN","args":["Element with name \"gmp-internal-use-place-details-compact\" already defined."],"stack":null}
[2026-04-26T04:27:53.304Z] {"timestamp":1777177673203,"level":"WARN","args":["Element with name \"gmp-place-media\" already defined."],"stack":null}
[2026-04-26T04:27:53.304Z] {"timestamp":1777177673203,"level":"WARN","args":["Element with name \"gmp-place-address\" already defined."],"stack":null}
[2026-04-26T04:27:53.304Z] {"timestamp":1777177673203,"level":"WARN","args":["Element with name \"gmp-place-rating\" already defined."],"stack":null}
[2026-04-26T04:27:53.304Z] {"timestamp":1777177673203,"level":"WARN","args":["Element with name \"gmp-place-type\" already defined."],"stack":null}
[2026-04-26T04:27:53.304Z] {"timestamp":1777177673203,"level":"WARN","args":["Element with name \"gmp-place-price\" already defined."],"stack":null}
[2026-04-26T04:27:53.304Z] {"timestamp":1777177673203,"level":"WARN","args":["Element with name \"gmp-place-accessible-entrance-icon\" already defined."],"stack":null}
[2026-04-26T04:27:53.304Z] {"timestamp":1777177673203,"level":"WARN","args":["Element with name \"gmp-place-open-now-status\" already defined."],"stack":null}
[2026-04-26T04:27:53.304Z] {"timestamp":1777177673203,"level":"WARN","args":["Element with name \"gmp-place-attribution\" already defined."],"stack":null}
[2026-04-26T04:27:53.304Z] {"timestamp":1777177673203,"level":"WARN","args":["Element with name \"gmp-place-website\" already defined."],"stack":null}
[2026-04-26T04:27:53.304Z] {"timestamp":1777177673203,"level":"WARN","args":["Element with name \"gmp-place-phone-number\" already defined."],"stack":null}
[2026-04-26T04:27:53.304Z] {"timestamp":1777177673203,"level":"WARN","args":["Element with name \"gmp-place-opening-hours\" already defined."],"stack":null}
[2026-04-26T04:27:53.304Z] {"timestamp":1777177673203,"level":"WARN","args":["Element with name \"gmp-place-summary\" already defined."],"stack":null}
[2026-04-26T04:27:53.304Z] {"timestamp":1777177673203,"level":"WARN","args":["Element with name \"gmp-place-type-specific-highlights\" already defined."],"stack":null}
[2026-04-26T04:27:53.304Z] {"timestamp":1777177673203,"level":"WARN","args":["Element with name \"gmp-place-review-summary\" already defined."],"stack":null}
[2026-04-26T04:27:53.304Z] {"timestamp":1777177673203,"level":"WARN","args":["Element with name \"gmp-place-reviews\" already defined."],"stack":null}
[2026-04-26T04:27:53.304Z] {"timestamp":1777177673203,"level":"WARN","args":["Element with name \"gmp-place-plus-code\" already defined."],"stack":null}
[2026-04-26T04:27:53.304Z] {"timestamp":1777177673203,"level":"WARN","args":["Element with name \"gmp-place-feature-list\" already defined."],"stack":null}
[2026-04-26T04:27:53.304Z] {"timestamp":1777177673203,"level":"WARN","args":["Element with name \"gmp-place-details\" already defined."],"stack":null}
[2026-04-26T04:27:53.304Z] {"timestamp":1777177673204,"level":"WARN","args":["Element with name \"gmp-internal-place-carousel\" already defined."],"stack":null}
[2026-04-26T04:27:53.304Z] {"timestamp":1777177673204,"level":"WARN","args":["Element with name \"gmp-internal-place-search-list-item\" already defined."],"stack":null}
[2026-04-26T04:27:53.304Z] {"timestamp":1777177673205,"level":"WARN","args":["Element with name \"gmp-place-nearby-search-request\" already defined."],"stack":null}
[2026-04-26T04:27:53.304Z] {"timestamp":1777177673205,"level":"WARN","args":["Element with name \"gmp-place-text-search-request\" already defined."],"stack":null}
[2026-04-26T04:27:53.304Z] {"timestamp":1777177673205,"level":"WARN","args":["Element with name \"gmp-place-search\" already defined."],"stack":null}
[2026-04-26T04:27:53.304Z] {"timestamp":1777177673210,"level":"WARN","args":["Element with name \"gmp-pin\" already defined."],"stack":null}
[2026-04-26T04:27:53.304Z] {"timestamp":1777177673214,"level":"WARN","args":["Element with name \"gmp-internal-use-am\" already defined."],"stack":null}
[2026-04-26T04:27:53.304Z] {"timestamp":1777177673215,"level":"WARN","args":["Element with name \"gmp-map\" already defined."],"stack":null}
[2026-04-26T04:27:53.304Z] {"timestamp":1777177673216,"level":"WARN","args":["Element with name \"gmp-advanced-marker\" already defined."],"stack":null}
[2026-04-26T04:27:53.304Z] {"timestamp":1777177673217,"level":"WARN","args":["Element with name \"gmp-place-autocomplete\" already defined."],"stack":null}
[2026-04-26T04:27:53.304Z] {"timestamp":1777177673217,"level":"WARN","args":["Element with name \"gmp-basic-place-autocomplete\" already defined."],"stack":null}
[2026-04-26T04:27:55.294Z] {"timestamp":1777177673668,"level":"WARN","args":["Element with name \"gmp-internal-camera-control\" already defined."],"stack":null}
[2026-04-26T04:29:27.097Z] {"timestamp":1777177765091,"level":"DEBUG","args":["[Manus] Debug collector initialized (no rrweb, UI events only)"],"stack":null}
[2026-04-26T04:29:27.097Z] {"timestamp":1777177765128,"level":"DEBUG","args":["[vite] connected."],"stack":null}
[2026-04-26T04:29:27.097Z] {"timestamp":1777177765346,"level":"INFO","args":["%cDownload the React DevTools for a better development experience: https://react.dev/link/react-devtools","font-weight:bold"],"stack":null}
[2026-04-26T04:30:02.942Z] {"timestamp":1777177800709,"level":"DEBUG","args":["[Manus] Debug collector initialized (no rrweb, UI events only)"],"stack":null}
[2026-04-26T04:30:02.942Z] {"timestamp":1777177800933,"level":"DEBUG","args":["[vite] connected."],"stack":null}
[2026-04-26T04:30:50.950Z] {"timestamp":1777177848925,"level":"ERROR","args":["[vite]","Failed to reload /src/pages/EmailAuth.tsx. This could be due to syntax errors or importing non-existent modules. (see errors above)"],"stack":"Error\n    at console.<computed> [as error] (https://3000-iwi3fzzw46c2utma7n3fo-5ac9c38d.sg1.manus.computer/__manus__/debug-collector.js:391:37)\n    at Object.error (https://3000-iwi3fzzw46c2utma7n3fo-5ac9c38d.sg1.manus.computer/@vite/client:809:26)\n    at HMRClient.warnFailedUpdate (https://3000-iwi3fzzw46c2utma7n3fo-5ac9c38d.sg1.manus.computer/@vite/client:181:15)\n    at HMRClient.fetchUpdate (https://3000-iwi3fzzw46c2utma7n3fo-5ac9c38d.sg1.manus.computer/@vite/client:212:10)\n    at async Promise.all (index 0)\n    at async HMRClient.queueUpdate (https://3000-iwi3fzzw46c2utma7n3fo-5ac9c38d.sg1.manus.computer/@vite/client:196:5)\n    at async Promise.all (index 0)\n    at async handleMessage (https://3000-iwi3fzzw46c2utma7n3fo-5ac9c38d.sg1.manus.computer/@vite/client:838:4)"}
[2026-04-26T04:30:50.950Z] {"timestamp":1777177848928,"level":"DEBUG","args":["[vite]","hot updated: /src/pages/EmailAuth.tsx"],"stack":null}
[2026-04-26T04:30:50.950Z] {"timestamp":1777177848928,"level":"DEBUG","args":["[vite]","hot updated: /src/index.css"],"stack":null}
[2026-04-26T04:30:56.953Z] {"timestamp":1777177854864,"level":"DEBUG","args":["[Manus] Debug collector initialized (no rrweb, UI events only)"],"stack":null}
[2026-04-26T04:30:56.953Z] {"timestamp":1777177855140,"level":"DEBUG","args":["[vite] connected."],"stack":null}
[2026-04-26T04:31:03.957Z] {"timestamp":1777177861876,"level":"DEBUG","args":["[Manus] Debug collector initialized (no rrweb, UI events only)"],"stack":null}
[2026-04-26T04:31:03.957Z] {"timestamp":1777177862124,"level":"DEBUG","args":["[vite] connected."],"stack":null}
[2026-04-26T04:31:09.962Z] {"timestamp":1777177867331,"level":"DEBUG","args":["[Manus] Debug collector initialized (no rrweb, UI events only)"],"stack":null}
[2026-04-26T04:31:09.962Z] {"timestamp":1777177867551,"level":"DEBUG","args":["[vite] connected."],"stack":null}
[2026-04-26T04:32:30.948Z] {"timestamp":1777177948221,"level":"DEBUG","args":["[Manus] Debug collector initialized (no rrweb, UI events only)"],"stack":null}
[2026-04-26T04:32:30.948Z] {"timestamp":1777177948460,"level":"DEBUG","args":["[vite] connected."],"stack":null}
[2026-04-26T04:32:34.957Z] {"timestamp":1777177952527,"level":"DEBUG","args":["[Manus] Debug collector initialized (no rrweb, UI events only)"],"stack":null}
[2026-04-26T04:32:34.957Z] {"timestamp":1777177952756,"level":"DEBUG","args":["[vite] connected."],"stack":null}
[2026-04-26T04:33:01.944Z] {"timestamp":1777177978957,"level":"DEBUG","args":["[Manus] Debug collector initialized (no rrweb, UI events only)"],"stack":null}
[2026-04-26T04:33:01.944Z] {"timestamp":1777177979565,"level":"DEBUG","args":["[vite] connected."],"stack":null}
[2026-04-26T04:33:08.948Z] {"timestamp":1777177986831,"level":"DEBUG","args":["[Manus] Debug collector initialized (no rrweb, UI events only)"],"stack":null}
[2026-04-26T04:33:08.948Z] {"timestamp":1777177987067,"level":"DEBUG","args":["[vite] connected."],"stack":null}
[2026-04-26T04:34:51.960Z] {"timestamp":1777178088935,"level":"DEBUG","args":["[Manus] Debug collector initialized (no rrweb, UI events only)"],"stack":null}
[2026-04-26T04:34:51.960Z] {"timestamp":1777178089316,"level":"DEBUG","args":["[vite] connected."],"stack":null}
[2026-04-26T04:35:07.956Z] {"timestamp":1777178107185,"level":"ERROR","args":["[vite]","Failed to reload /src/pages/EmailAuth.tsx. This could be due to syntax errors or importing non-existent modules. (see errors above)"],"stack":"Error\n    at console.<computed> [as error] (https://3000-iwi3fzzw46c2utma7n3fo-5ac9c38d.sg1.manus.computer/__manus__/debug-collector.js:391:37)\n    at Object.error (https://3000-iwi3fzzw46c2utma7n3fo-5ac9c38d.sg1.manus.computer/@vite/client:809:26)\n    at HMRClient.warnFailedUpdate (https://3000-iwi3fzzw46c2utma7n3fo-5ac9c38d.sg1.manus.computer/@vite/client:181:15)\n    at HMRClient.fetchUpdate (https://3000-iwi3fzzw46c2utma7n3fo-5ac9c38d.sg1.manus.computer/@vite/client:212:10)\n    at async Promise.all (index 0)\n    at async HMRClient.queueUpdate (https://3000-iwi3fzzw46c2utma7n3fo-5ac9c38d.sg1.manus.computer/@vite/client:196:5)\n    at async Promise.all (index 0)\n    at async handleMessage (https://3000-iwi3fzzw46c2utma7n3fo-5ac9c38d.sg1.manus.computer/@vite/client:838:4)"}
[2026-04-26T04:35:07.956Z] {"timestamp":1777178107223,"level":"DEBUG","args":["[vite]","hot updated: /src/pages/EmailAuth.tsx"],"stack":null}
[2026-04-26T04:35:07.956Z] {"timestamp":1777178107223,"level":"DEBUG","args":["[vite]","hot updated: /src/index.css"],"stack":null}
[2026-04-26T04:35:14.962Z] {"timestamp":1777178112694,"level":"DEBUG","args":["[Manus] Debug collector initialized (no rrweb, UI events only)"],"stack":null}
[2026-04-26T04:35:14.962Z] {"timestamp":1777178112922,"level":"DEBUG","args":["[vite] connected."],"stack":null}
[2026-04-26T04:35:17.946Z] {"timestamp":1777178115711,"level":"DEBUG","args":["[Manus] Debug collector initialized (no rrweb, UI events only)"],"stack":null}
[2026-04-26T04:35:17.946Z] {"timestamp":1777178115947,"level":"DEBUG","args":["[vite] connected."],"stack":null}
[2026-04-26T04:35:27.951Z] {"timestamp":1777178125580,"level":"DEBUG","args":["[Manus] Debug collector initialized (no rrweb, UI events only)"],"stack":null}
[2026-04-26T04:35:27.951Z] {"timestamp":1777178125809,"level":"DEBUG","args":["[vite] connected."],"stack":null}
[2026-04-26T04:35:48.958Z] {"timestamp":1777178146428,"level":"DEBUG","args":["[Manus] Debug collector initialized (no rrweb, UI events only)"],"stack":null}
[2026-04-26T04:35:48.958Z] {"timestamp":1777178147596,"level":"DEBUG","args":["[vite] connected."],"stack":null}
[2026-04-26T04:36:08.946Z] {"timestamp":1777178168223,"level":"DEBUG","args":["[vite]","hot updated: /src/index.css"],"stack":null}
[2026-04-26T04:36:54.909Z] {"timestamp":1777178212903,"level":"DEBUG","args":["[Manus] Debug collector initialized (no rrweb, UI events only)"],"stack":null}
[2026-04-26T04:36:54.909Z] {"timestamp":1777178212915,"level":"DEBUG","args":["[vite] connected."],"stack":null}
[2026-04-26T04:36:54.909Z] {"timestamp":1777178213121,"level":"INFO","args":["%cDownload the React DevTools for a better development experience: https://react.dev/link/react-devtools","font-weight:bold"],"stack":null}
[2026-04-26T04:38:03.459Z] {"timestamp":1777178281395,"level":"DEBUG","args":["[Manus] Debug collector initialized (no rrweb, UI events only)"],"stack":null}
[2026-04-26T04:38:03.459Z] {"timestamp":1777178281616,"level":"DEBUG","args":["[vite] connected."],"stack":null}
[2026-04-26T04:38:05.455Z] {"timestamp":1777178285167,"level":"DEBUG","args":["[vite]","hot updated: /src/pages/Home.tsx"],"stack":null}
[2026-04-26T04:38:05.455Z] {"timestamp":1777178285167,"level":"DEBUG","args":["[vite]","hot updated: /src/index.css"],"stack":null}
[2026-04-26T04:38:25.947Z] {"timestamp":1777178303189,"level":"DEBUG","args":["[Manus] Debug collector initialized (no rrweb, UI events only)"],"stack":null}
[2026-04-26T04:38:25.947Z] {"timestamp":1777178303430,"level":"DEBUG","args":["[vite] connected."],"stack":null}
[2026-04-26T04:38:27.953Z] {"timestamp":1777178306620,"level":"DEBUG","args":["[vite]","hot updated: /src/pages/Home.tsx"],"stack":null}
[2026-04-26T04:38:27.953Z] {"timestamp":1777178306620,"level":"DEBUG","args":["[vite]","hot updated: /src/index.css"],"stack":null}
[2026-04-26T04:38:31.961Z] {"timestamp":1777178309023,"level":"DEBUG","args":["[Manus] Debug collector initialized (no rrweb, UI events only)"],"stack":null}
[2026-04-26T04:38:31.961Z] {"timestamp":1777178309248,"level":"DEBUG","args":["[vite] connected."],"stack":null}
[2026-04-26T04:38:36.950Z] {"timestamp":1777178314353,"level":"DEBUG","args":["[Manus] Debug collector initialized (no rrweb, UI events only)"],"stack":null}
[2026-04-26T04:38:36.950Z] {"timestamp":1777178314585,"level":"DEBUG","args":["[vite] connected."],"stack":null}
[2026-04-26T04:39:06.957Z] {"timestamp":1777178344823,"level":"DEBUG","args":["[Manus] Debug collector initialized (no rrweb, UI events only)"],"stack":null}
[2026-04-26T04:39:06.957Z] {"timestamp":1777178345059,"level":"DEBUG","args":["[vite] connected."],"stack":null}
[2026-04-26T04:39:10.000Z] {"timestamp":1777178347793,"level":"DEBUG","args":["[Manus] Debug collector initialized (no rrweb, UI events only)"],"stack":null}
[2026-04-26T04:39:10.000Z] {"timestamp":1777178348022,"level":"DEBUG","args":["[vite] connected."],"stack":null}
[2026-04-26T04:39:39.944Z] {"timestamp":1777178377626,"level":"DEBUG","args":["[Manus] Debug collector initialized (no rrweb, UI events only)"],"stack":null}
[2026-04-26T04:39:39.944Z] {"timestamp":1777178377872,"level":"DEBUG","args":["[vite] connected."],"stack":null}
[2026-04-26T04:39:45.954Z] {"timestamp":1777178383814,"level":"DEBUG","args":["[Manus] Debug collector initialized (no rrweb, UI events only)"],"stack":null}
[2026-04-26T04:39:45.954Z] {"timestamp":1777178384068,"level":"DEBUG","args":["[vite] connected."],"stack":null}
[2026-04-26T04:39:49.984Z] {"timestamp":1777178389597,"level":"DEBUG","args":["[vite]","hot updated: /src/App.tsx"],"stack":null}
[2026-04-26T04:39:49.984Z] {"timestamp":1777178389597,"level":"DEBUG","args":["[vite]","hot updated: /src/index.css"],"stack":null}
[2026-04-26T04:39:53.953Z] {"timestamp":1777178391139,"level":"DEBUG","args":["[Manus] Debug collector initialized (no rrweb, UI events only)"],"stack":null}
[2026-04-26T04:39:53.953Z] {"timestamp":1777178391400,"level":"DEBUG","args":["[vite] connected."],"stack":null}
[2026-04-26T04:39:57.965Z] {"timestamp":1777178394931,"level":"DEBUG","args":["[Manus] Debug collector initialized (no rrweb, UI events only)"],"stack":null}
[2026-04-26T04:39:57.965Z] {"timestamp":1777178395154,"level":"DEBUG","args":["[vite] connected."],"stack":null}
[2026-04-26T04:40:17.978Z] {"timestamp":1777178415604,"level":"DEBUG","args":["[Manus] Debug collector initialized (no rrweb, UI events only)"],"stack":null}
[2026-04-26T04:40:17.978Z] {"timestamp":1777178416568,"level":"DEBUG","args":["[vite] connected."],"stack":null}
[2026-04-26T04:41:44.952Z] {"timestamp":1777178502183,"level":"DEBUG","args":["[Manus] Debug collector initialized (no rrweb, UI events only)"],"stack":null}
[2026-04-26T04:41:44.952Z] {"timestamp":1777178502418,"level":"DEBUG","args":["[vite] connected."],"stack":null}
[2026-04-26T04:42:08.952Z] {"timestamp":1777178526895,"level":"DEBUG","args":["[vite]","hot updated: /src/index.css"],"stack":null}
[2026-04-26T04:42:54.741Z] {"timestamp":1777178572734,"level":"DEBUG","args":["[Manus] Debug collector initialized (no rrweb, UI events only)"],"stack":null}
[2026-04-26T04:42:54.741Z] {"timestamp":1777178572750,"level":"DEBUG","args":["[vite] connected."],"stack":null}
[2026-04-26T04:42:54.741Z] {"timestamp":1777178573000,"level":"INFO","args":["%cDownload the React DevTools for a better development experience: https://react.dev/link/react-devtools","font-weight:bold"],"stack":null}
[2026-04-26T04:56:25.131Z] {"timestamp":1777179383072,"level":"DEBUG","args":["[Manus] Debug collector initialized (no rrweb, UI events only)"],"stack":null}
[2026-04-26T04:56:25.131Z] {"timestamp":1777179383337,"level":"DEBUG","args":["[vite] connected."],"stack":null}
[2026-04-26T04:56:25.131Z] {"timestamp":1777179383872,"level":"WARN","args":["Google Maps JavaScript API has been loaded directly without loading=async. This can result in suboptimal performance. For best-practice loading patterns please see https://goo.gle/js-api-loading"],"stack":null}
[2026-04-26T04:57:01.129Z] {"timestamp":1777179419670,"level":"WARN","args":["Element with name \"gmp-internal-loading-text\" already defined."],"stack":null}
[2026-04-26T04:57:01.129Z] {"timestamp":1777179419670,"level":"WARN","args":["Element with name \"gmp-internal-request-error-text\" already defined."],"stack":null}
[2026-04-26T04:57:01.129Z] {"timestamp":1777179419671,"level":"WARN","args":["Element with name \"gmp-internal-back-button\" already defined."],"stack":null}
[2026-04-26T04:57:01.129Z] {"timestamp":1777179419671,"level":"WARN","args":["Element with name \"gmp-internal-dialog\" already defined."],"stack":null}
[2026-04-26T04:57:01.129Z] {"timestamp":1777179419671,"level":"WARN","args":["Element with name \"gmp-internal-disclosure\" already defined."],"stack":null}
[2026-04-26T04:57:01.129Z] {"timestamp":1777179419671,"level":"WARN","args":["Element with name \"gmp-internal-disclosure-section\" already defined."],"stack":null}
[2026-04-26T04:57:01.129Z] {"timestamp":1777179419672,"level":"WARN","args":["Element with name \"gmp-internal-attribution\" already defined."],"stack":null}
[2026-04-26T04:57:01.129Z] {"timestamp":1777179419672,"level":"WARN","args":["Element with name \"gmp-internal-element-support-verification\" already defined."],"stack":null}
[2026-04-26T04:57:01.129Z] {"timestamp":1777179419672,"level":"ERROR","args":["You have included the Google Maps JavaScript API multiple times on this page. This may cause unexpected errors."],"stack":"Error\n    at console.<computed> [as error] (https://3000-iwi3fzzw46c2utma7n3fo-5ac9c38d.sg1.manus.computer/__manus__/debug-collector.js:391:37)\n    at Cea (https://forge.manus.ai/v1/maps/proxy/maps/api/js?key=cvZzDbPkXuMKHHX2jcgL3z&v=weekly&libraries=marker,places,geocoding,geometry:2168:273)\n    at Kea (https://forge.manus.ai/v1/maps/proxy/maps/api/js?key=cvZzDbPkXuMKHHX2jcgL3z&v=weekly&libraries=marker,places,geocoding,geometry:2161:81)\n    at google.maps.Load (https://forge.manus.ai/v1/maps/proxy/maps/api/js?key=cvZzDbPkXuMKHHX2jcgL3z&v=weekly&libraries=marker,places,geocoding,geometry:14:5)\n    at https://forge.manus.ai/v1/maps/proxy/maps/api/js?key=cvZzDbPkXuMKHHX2jcgL3z&v=weekly&libraries=marker,places,geocoding,geometry:2467:267\n    at https://forge.manus.ai/v1/maps/proxy/maps/api/js?key=cvZzDbPkXuMKHHX2jcgL3z&v=weekly&libraries=marker,places,geocoding,geometry:2467:280"}
[2026-04-26T04:57:01.129Z] {"timestamp":1777179419676,"level":"WARN","args":["Google Maps JavaScript API has been loaded directly without loading=async. This can result in suboptimal performance. For best-practice loading patterns please see https://goo.gle/js-api-loading"],"stack":null}
[2026-04-26T04:57:01.129Z] {"timestamp":1777179419677,"level":"WARN","args":["Element with name \"gmp-internal-rating\" already defined."],"stack":null}
[2026-04-26T04:57:01.129Z] {"timestamp":1777179419677,"level":"WARN","args":["Element with name \"gmp-place-all-content\" already defined."],"stack":null}
[2026-04-26T04:57:01.129Z] {"timestamp":1777179419677,"level":"WARN","args":["Element with name \"gmp-internal-link-button\" already defined."],"stack":null}
[2026-04-26T04:57:01.129Z] {"timestamp":1777179419677,"level":"WARN","args":["Element with name \"gmp-internal-menu\" already defined."],"stack":null}
[2026-04-26T04:57:01.129Z] {"timestamp":1777179419678,"level":"WARN","args":["Element with name \"gmp-internal-place-opening-hours\" already defined."],"stack":null}
[2026-04-26T04:57:01.129Z] {"timestamp":1777179419678,"level":"WARN","args":["Element with name \"gmp-internal-place-review\" already defined."],"stack":null}
[2026-04-26T04:57:01.129Z] {"timestamp":1777179419678,"level":"WARN","args":["Element with name \"gmp-internal-tabbed-layout\" already defined."],"stack":null}
[2026-04-26T04:57:01.129Z] {"timestamp":1777179419678,"level":"WARN","args":["Element with name \"gmp-internal-lightbox\" already defined."],"stack":null}
[2026-04-26T04:57:01.129Z] {"timestamp":1777179419678,"level":"WARN","args":["Element with name \"gmp-internal-collage\" already defined."],"stack":null}
[2026-04-26T04:57:01.129Z] {"timestamp":1777179419678,"level":"WARN","args":["Element with name \"gmp-internal-place-rating-summary\" already defined."],"stack":null}
[2026-04-26T04:57:01.129Z] {"timestamp":1777179419678,"level":"WARN","args":["Element with name \"gmp-place-content-config\" already defined."],"stack":null}
[2026-04-26T04:57:01.129Z] {"timestamp":1777179419678,"level":"WARN","args":["Element with name \"gmp-place-standard-content\" already defined."],"stack":null}
[2026-04-26T04:57:01.129Z] {"timestamp":1777179419678,"level":"WARN","args":["Element with name \"gmp-internal-place-basic-info\" already defined."],"stack":null}
[2026-04-26T04:57:01.129Z] {"timestamp":1777179419678,"level":"WARN","args":["Element with name \"gmp-place-details-location-request\" already defined."],"stack":null}
[2026-04-26T04:57:01.129Z] {"timestamp":1777179419678,"level":"WARN","args":["Element with name \"gmp-place-details-place-request\" already defined."],"stack":null}
[2026-04-26T04:57:01.129Z] {"timestamp":1777179419679,"level":"WARN","args":["Element with name \"gmp-internal-circular-loader\" already defined."],"stack":null}
[2026-04-26T04:57:01.129Z] {"timestamp":1777179419679,"level":"WARN","args":["Element with name \"gmp-place-details-compact\" already defined."],"stack":null}
[2026-04-26T04:57:01.129Z] {"timestamp":1777179419679,"level":"WARN","args":["Element with name \"gmp-internal-use-place-details-compact\" already defined."],"stack":null}
[2026-04-26T04:57:01.129Z] {"timestamp":1777179419679,"level":"WARN","args":["Element with name \"gmp-place-media\" already defined."],"stack":null}
[2026-04-26T04:57:01.129Z] {"timestamp":1777179419679,"level":"WARN","args":["Element with name \"gmp-place-address\" already defined."],"stack":null}
[2026-04-26T04:57:01.129Z] {"timestamp":1777179419679,"level":"WARN","args":["Element with name \"gmp-place-rating\" already defined."],"stack":null}
[2026-04-26T04:57:01.129Z] {"timestamp":1777179419679,"level":"WARN","args":["Element with name \"gmp-place-type\" already defined."],"stack":null}
[2026-04-26T04:57:01.129Z] {"timestamp":1777179419679,"level":"WARN","args":["Element with name \"gmp-place-price\" already defined."],"stack":null}
[2026-04-26T04:57:01.129Z] {"timestamp":1777179419679,"level":"WARN","args":["Element with name \"gmp-place-accessible-entrance-icon\" already defined."],"stack":null}
[2026-04-26T04:57:01.129Z] {"timestamp":1777179419679,"level":"WARN","args":["Element with name \"gmp-place-open-now-status\" already defined."],"stack":null}
[2026-04-26T04:57:01.129Z] {"timestamp":1777179419679,"level":"WARN","args":["Element with name \"gmp-place-attribution\" already defined."],"stack":null}
[2026-04-26T04:57:01.129Z] {"timestamp":1777179419679,"level":"WARN","args":["Element with name \"gmp-place-website\" already defined."],"stack":null}
[2026-04-26T04:57:01.129Z] {"timestamp":1777179419679,"level":"WARN","args":["Element with name \"gmp-place-phone-number\" already defined."],"stack":null}
[2026-04-26T04:57:01.129Z] {"timestamp":1777179419680,"level":"WARN","args":["Element with name \"gmp-place-opening-hours\" already defined."],"stack":null}
[2026-04-26T04:57:01.129Z] {"timestamp":1777179419682,"level":"WARN","args":["Element with name \"gmp-place-summary\" already defined."],"stack":null}
[2026-04-26T04:57:01.129Z] {"timestamp":1777179419682,"level":"WARN","args":["Element with name \"gmp-place-type-specific-highlights\" already defined."],"stack":null}
[2026-04-26T04:57:01.129Z] {"timestamp":1777179419682,"level":"WARN","args":["Element with name \"gmp-place-review-summary\" already defined."],"stack":null}
[2026-04-26T04:57:01.129Z] {"timestamp":1777179419682,"level":"WARN","args":["Element with name \"gmp-place-reviews\" already defined."],"stack":null}
[2026-04-26T04:57:01.129Z] {"timestamp":1777179419682,"level":"WARN","args":["Element with name \"gmp-place-plus-code\" already defined."],"stack":null}
[2026-04-26T04:57:01.130Z] {"timestamp":1777179419682,"level":"WARN","args":["Element with name \"gmp-place-feature-list\" already defined."],"stack":null}
[2026-04-26T04:57:01.130Z] {"timestamp":1777179419682,"level":"WARN","args":["Element with name \"gmp-place-details\" already defined."],"stack":null}
[2026-04-26T04:57:01.130Z] {"timestamp":1777179419682,"level":"WARN","args":["Element with name \"gmp-internal-place-carousel\" already defined."],"stack":null}
[2026-04-26T04:57:01.130Z] {"timestamp":1777179419682,"level":"WARN","args":["Element with name \"gmp-internal-place-search-list-item\" already defined."],"stack":null}
[2026-04-26T04:57:01.130Z] {"timestamp":1777179419682,"level":"WARN","args":["Element with name \"gmp-place-nearby-search-request\" already defined."],"stack":null}
[2026-04-26T04:57:01.130Z] {"timestamp":1777179419683,"level":"WARN","args":["Element with name \"gmp-place-text-search-request\" already defined."],"stack":null}
[2026-04-26T04:57:01.130Z] {"timestamp":1777179419683,"level":"WARN","args":["Element with name \"gmp-place-search\" already defined."],"stack":null}
[2026-04-26T04:57:01.130Z] {"timestamp":1777179419687,"level":"WARN","args":["Element with name \"gmp-pin\" already defined."],"stack":null}
[2026-04-26T04:57:01.130Z] {"timestamp":1777179419690,"level":"WARN","args":["Element with name \"gmp-internal-use-am\" already defined."],"stack":null}
[2026-04-26T04:57:01.130Z] {"timestamp":1777179419690,"level":"WARN","args":["Element with name \"gmp-map\" already defined."],"stack":null}
[2026-04-26T04:57:01.130Z] {"timestamp":1777179419691,"level":"WARN","args":["Element with name \"gmp-advanced-marker\" already defined."],"stack":null}
[2026-04-26T04:57:01.130Z] {"timestamp":1777179419691,"level":"WARN","args":["Element with name \"gmp-place-autocomplete\" already defined."],"stack":null}
[2026-04-26T04:57:01.130Z] {"timestamp":1777179419691,"level":"WARN","args":["Element with name \"gmp-basic-place-autocomplete\" already defined."],"stack":null}
[2026-04-26T04:57:01.130Z] {"timestamp":1777179420199,"level":"WARN","args":["Element with name \"gmp-internal-camera-control\" already defined."],"stack":null}
[2026-04-26T04:57:09.127Z] {"timestamp":1777179428479,"level":"WARN","args":["Element with name \"gmp-internal-loading-text\" already defined."],"stack":null}
[2026-04-26T04:57:09.127Z] {"timestamp":1777179428479,"level":"WARN","args":["Element with name \"gmp-internal-request-error-text\" already defined."],"stack":null}
[2026-04-26T04:57:09.127Z] {"timestamp":1777179428479,"level":"WARN","args":["Element with name \"gmp-internal-back-button\" already defined."],"stack":null}
[2026-04-26T04:57:09.127Z] {"timestamp":1777179428480,"level":"WARN","args":["Element with name \"gmp-internal-dialog\" already defined."],"stack":null}
[2026-04-26T04:57:09.127Z] {"timestamp":1777179428480,"level":"WARN","args":["Element with name \"gmp-internal-disclosure\" already defined."],"stack":null}
[2026-04-26T04:57:09.127Z] {"timestamp":1777179428480,"level":"WARN","args":["Element with name \"gmp-internal-disclosure-section\" already defined."],"stack":null}
[2026-04-26T04:57:09.127Z] {"timestamp":1777179428480,"level":"WARN","args":["Element with name \"gmp-internal-attribution\" already defined."],"stack":null}
[2026-04-26T04:57:09.127Z] {"timestamp":1777179428480,"level":"WARN","args":["Element with name \"gmp-internal-element-support-verification\" already defined."],"stack":null}
[2026-04-26T04:57:09.127Z] {"timestamp":1777179428480,"level":"ERROR","args":["You have included the Google Maps JavaScript API multiple times on this page. This may cause unexpected errors."],"stack":"Error\n    at console.<computed> [as error] (https://3000-iwi3fzzw46c2utma7n3fo-5ac9c38d.sg1.manus.computer/__manus__/debug-collector.js:391:37)\n    at Cea (https://forge.manus.ai/v1/maps/proxy/maps/api/js?key=cvZzDbPkXuMKHHX2jcgL3z&v=weekly&libraries=marker,places,geocoding,geometry:2168:273)\n    at Kea (https://forge.manus.ai/v1/maps/proxy/maps/api/js?key=cvZzDbPkXuMKHHX2jcgL3z&v=weekly&libraries=marker,places,geocoding,geometry:2161:81)\n    at google.maps.Load (https://forge.manus.ai/v1/maps/proxy/maps/api/js?key=cvZzDbPkXuMKHHX2jcgL3z&v=weekly&libraries=marker,places,geocoding,geometry:14:5)\n    at https://forge.manus.ai/v1/maps/proxy/maps/api/js?key=cvZzDbPkXuMKHHX2jcgL3z&v=weekly&libraries=marker,places,geocoding,geometry:2467:267\n    at https://forge.manus.ai/v1/maps/proxy/maps/api/js?key=cvZzDbPkXuMKHHX2jcgL3z&v=weekly&libraries=marker,places,geocoding,geometry:2467:280"}
[2026-04-26T04:57:09.127Z] {"timestamp":1777179428480,"level":"WARN","args":["Google Maps JavaScript API has been loaded directly without loading=async. This can result in suboptimal performance. For best-practice loading patterns please see https://goo.gle/js-api-loading"],"stack":null}
[2026-04-26T04:57:09.127Z] {"timestamp":1777179428481,"level":"WARN","args":["Element with name \"gmp-internal-rating\" already defined."],"stack":null}
[2026-04-26T04:57:09.127Z] {"timestamp":1777179428481,"level":"WARN","args":["Element with name \"gmp-place-all-content\" already defined."],"stack":null}
[2026-04-26T04:57:09.127Z] {"timestamp":1777179428482,"level":"WARN","args":["Element with name \"gmp-internal-link-button\" already defined."],"stack":null}
[2026-04-26T04:57:09.127Z] {"timestamp":1777179428482,"level":"WARN","args":["Element with name \"gmp-internal-menu\" already defined."],"stack":null}
[2026-04-26T04:57:09.127Z] {"timestamp":1777179428482,"level":"WARN","args":["Element with name \"gmp-internal-place-opening-hours\" already defined."],"stack":null}
[2026-04-26T04:57:09.127Z] {"timestamp":1777179428482,"level":"WARN","args":["Element with name \"gmp-internal-place-review\" already defined."],"stack":null}
[2026-04-26T04:57:09.127Z] {"timestamp":1777179428482,"level":"WARN","args":["Element with name \"gmp-internal-tabbed-layout\" already defined."],"stack":null}
[2026-04-26T04:57:09.127Z] {"timestamp":1777179428482,"level":"WARN","args":["Element with name \"gmp-internal-lightbox\" already defined."],"stack":null}
[2026-04-26T04:57:09.127Z] {"timestamp":1777179428482,"level":"WARN","args":["Element with name \"gmp-internal-collage\" already defined."],"stack":null}
[2026-04-26T04:57:09.127Z] {"timestamp":1777179428482,"level":"WARN","args":["Element with name \"gmp-internal-place-rating-summary\" already defined."],"stack":null}
[2026-04-26T04:57:09.127Z] {"timestamp":1777179428484,"level":"WARN","args":["Element with name \"gmp-place-content-config\" already defined."],"stack":null}
[2026-04-26T04:57:09.127Z] {"timestamp":1777179428484,"level":"WARN","args":["Element with name \"gmp-place-standard-content\" already defined."],"stack":null}
[2026-04-26T04:57:09.127Z] {"timestamp":1777179428484,"level":"WARN","args":["Element with name \"gmp-internal-place-basic-info\" already defined."],"stack":null}
[2026-04-26T04:57:09.127Z] {"timestamp":1777179428484,"level":"WARN","args":["Element with name \"gmp-place-details-location-request\" already defined."],"stack":null}
[2026-04-26T04:57:09.127Z] {"timestamp":1777179428484,"level":"WARN","args":["Element with name \"gmp-place-details-place-request\" already defined."],"stack":null}
[2026-04-26T04:57:09.127Z] {"timestamp":1777179428484,"level":"WARN","args":["Element with name \"gmp-internal-circular-loader\" already defined."],"stack":null}
[2026-04-26T04:57:09.127Z] {"timestamp":1777179428484,"level":"WARN","args":["Element with name \"gmp-place-details-compact\" already defined."],"stack":null}
[2026-04-26T04:57:09.127Z] {"timestamp":1777179428485,"level":"WARN","args":["Element with name \"gmp-internal-use-place-details-compact\" already defined."],"stack":null}
[2026-04-26T04:57:09.127Z] {"timestamp":1777179428485,"level":"WARN","args":["Element with name \"gmp-place-media\" already defined."],"stack":null}
[2026-04-26T04:57:09.127Z] {"timestamp":1777179428485,"level":"WARN","args":["Element with name \"gmp-place-address\" already defined."],"stack":null}
[2026-04-26T04:57:09.127Z] {"timestamp":1777179428485,"level":"WARN","args":["Element with name \"gmp-place-rating\" already defined."],"stack":null}
[2026-04-26T04:57:09.127Z] {"timestamp":1777179428485,"level":"WARN","args":["Element with name \"gmp-place-type\" already defined."],"stack":null}
[2026-04-26T04:57:09.127Z] {"timestamp":1777179428485,"level":"WARN","args":["Element with name \"gmp-place-price\" already defined."],"stack":null}
[2026-04-26T04:57:09.127Z] {"timestamp":1777179428485,"level":"WARN","args":["Element with name \"gmp-place-accessible-entrance-icon\" already defined."],"stack":null}
[2026-04-26T04:57:09.127Z] {"timestamp":1777179428485,"level":"WARN","args":["Element with name \"gmp-place-open-now-status\" already defined."],"stack":null}
[2026-04-26T04:57:09.127Z] {"timestamp":1777179428485,"level":"WARN","args":["Element with name \"gmp-place-attribution\" already defined."],"stack":null}
[2026-04-26T04:57:09.127Z] {"timestamp":1777179428485,"level":"WARN","args":["Element with name \"gmp-place-website\" already defined."],"stack":null}
[2026-04-26T04:57:09.127Z] {"timestamp":1777179428485,"level":"WARN","args":["Element with name \"gmp-place-phone-number\" already defined."],"stack":null}
[2026-04-26T04:57:09.127Z] {"timestamp":1777179428485,"level":"WARN","args":["Element with name \"gmp-place-opening-hours\" already defined."],"stack":null}
[2026-04-26T04:57:09.127Z] {"timestamp":1777179428485,"level":"WARN","args":["Element with name \"gmp-place-summary\" already defined."],"stack":null}
[2026-04-26T04:57:09.127Z] {"timestamp":1777179428485,"level":"WARN","args":["Element with name \"gmp-place-type-specific-highlights\" already defined."],"stack":null}
[2026-04-26T04:57:09.127Z] {"timestamp":1777179428485,"level":"WARN","args":["Element with name \"gmp-place-review-summary\" already defined."],"stack":null}
[2026-04-26T04:57:09.127Z] {"timestamp":1777179428485,"level":"WARN","args":["Element with name \"gmp-place-reviews\" already defined."],"stack":null}
[2026-04-26T04:57:09.127Z] {"timestamp":1777179428485,"level":"WARN","args":["Element with name \"gmp-place-plus-code\" already defined."],"stack":null}
[2026-04-26T04:57:09.127Z] {"timestamp":1777179428485,"level":"WARN","args":["Element with name \"gmp-place-feature-list\" already defined."],"stack":null}
[2026-04-26T04:57:09.127Z] {"timestamp":1777179428485,"level":"WARN","args":["Element with name \"gmp-place-details\" already defined."],"stack":null}
[2026-04-26T04:57:09.127Z] {"timestamp":1777179428485,"level":"WARN","args":["Element with name \"gmp-internal-place-carousel\" already defined."],"stack":null}
[2026-04-26T04:57:09.127Z] {"timestamp":1777179428485,"level":"WARN","args":["Element with name \"gmp-internal-place-search-list-item\" already defined."],"stack":null}
[2026-04-26T04:57:09.127Z] {"timestamp":1777179428486,"level":"WARN","args":["Element with name \"gmp-place-nearby-search-request\" already defined."],"stack":null}
[2026-04-26T04:57:09.127Z] {"timestamp":1777179428486,"level":"WARN","args":["Element with name \"gmp-place-text-search-request\" already defined."],"stack":null}
[2026-04-26T04:57:09.127Z] {"timestamp":1777179428486,"level":"WARN","args":["Element with name \"gmp-place-search\" already defined."],"stack":null}
[2026-04-26T04:57:09.127Z] {"timestamp":1777179428490,"level":"WARN","args":["Element with name \"gmp-pin\" already defined."],"stack":null}
[2026-04-26T04:57:09.127Z] {"timestamp":1777179428493,"level":"WARN","args":["Element with name \"gmp-internal-use-am\" already defined."],"stack":null}
[2026-04-26T04:57:09.127Z] {"timestamp":1777179428493,"level":"WARN","args":["Element with name \"gmp-map\" already defined."],"stack":null}
[2026-04-26T04:57:09.127Z] {"timestamp":1777179428494,"level":"WARN","args":["Element with name \"gmp-advanced-marker\" already defined."],"stack":null}
[2026-04-26T04:57:09.127Z] {"timestamp":1777179428494,"level":"WARN","args":["Element with name \"gmp-place-autocomplete\" already defined."],"stack":null}
[2026-04-26T04:57:09.127Z] {"timestamp":1777179428494,"level":"WARN","args":["Element with name \"gmp-basic-place-autocomplete\" already defined."],"stack":null}
[2026-04-26T04:57:09.127Z] {"timestamp":1777179428974,"level":"WARN","args":["Element with name \"gmp-internal-camera-control\" already defined."],"stack":null}
[2026-04-26T04:57:59.130Z] {"timestamp":1777179477478,"level":"WARN","args":["Element with name \"gmp-internal-loading-text\" already defined."],"stack":null}
[2026-04-26T04:57:59.130Z] {"timestamp":1777179477479,"level":"WARN","args":["Element with name \"gmp-internal-request-error-text\" already defined."],"stack":null}
[2026-04-26T04:57:59.130Z] {"timestamp":1777179477480,"level":"WARN","args":["Element with name \"gmp-internal-back-button\" already defined."],"stack":null}
[2026-04-26T04:57:59.130Z] {"timestamp":1777179477480,"level":"WARN","args":["Element with name \"gmp-internal-dialog\" already defined."],"stack":null}
[2026-04-26T04:57:59.130Z] {"timestamp":1777179477481,"level":"WARN","args":["Element with name \"gmp-internal-disclosure\" already defined."],"stack":null}
[2026-04-26T04:57:59.130Z] {"timestamp":1777179477482,"level":"WARN","args":["Element with name \"gmp-internal-disclosure-section\" already defined."],"stack":null}
[2026-04-26T04:57:59.130Z] {"timestamp":1777179477482,"level":"WARN","args":["Element with name \"gmp-internal-attribution\" already defined."],"stack":null}
[2026-04-26T04:57:59.130Z] {"timestamp":1777179477483,"level":"WARN","args":["Element with name \"gmp-internal-element-support-verification\" already defined."],"stack":null}
[2026-04-26T04:57:59.130Z] {"timestamp":1777179477483,"level":"ERROR","args":["You have included the Google Maps JavaScript API multiple times on this page. This may cause unexpected errors."],"stack":"Error\n    at console.<computed> [as error] (https://3000-iwi3fzzw46c2utma7n3fo-5ac9c38d.sg1.manus.computer/__manus__/debug-collector.js:391:37)\n    at Cea (https://forge.manus.ai/v1/maps/proxy/maps/api/js?key=cvZzDbPkXuMKHHX2jcgL3z&v=weekly&libraries=marker,places,geocoding,geometry:2168:273)\n    at Kea (https://forge.manus.ai/v1/maps/proxy/maps/api/js?key=cvZzDbPkXuMKHHX2jcgL3z&v=weekly&libraries=marker,places,geocoding,geometry:2161:81)\n    at google.maps.Load (https://forge.manus.ai/v1/maps/proxy/maps/api/js?key=cvZzDbPkXuMKHHX2jcgL3z&v=weekly&libraries=marker,places,geocoding,geometry:14:5)\n    at https://forge.manus.ai/v1/maps/proxy/maps/api/js?key=cvZzDbPkXuMKHHX2jcgL3z&v=weekly&libraries=marker,places,geocoding,geometry:2467:267\n    at https://forge.manus.ai/v1/maps/proxy/maps/api/js?key=cvZzDbPkXuMKHHX2jcgL3z&v=weekly&libraries=marker,places,geocoding,geometry:2467:280"}
[2026-04-26T04:57:59.130Z] {"timestamp":1777179477484,"level":"WARN","args":["Google Maps JavaScript API has been loaded directly without loading=async. This can result in suboptimal performance. For best-practice loading patterns please see https://goo.gle/js-api-loading"],"stack":null}
[2026-04-26T04:57:59.130Z] {"timestamp":1777179477496,"level":"WARN","args":["Element with name \"gmp-internal-rating\" already defined."],"stack":null}
[2026-04-26T04:57:59.130Z] {"timestamp":1777179477496,"level":"WARN","args":["Element with name \"gmp-place-all-content\" already defined."],"stack":null}
[2026-04-26T04:57:59.130Z] {"timestamp":1777179477496,"level":"WARN","args":["Element with name \"gmp-internal-link-button\" already defined."],"stack":null}
[2026-04-26T04:57:59.130Z] {"timestamp":1777179477497,"level":"WARN","args":["Element with name \"gmp-internal-menu\" already defined."],"stack":null}
[2026-04-26T04:57:59.130Z] {"timestamp":1777179477497,"level":"WARN","args":["Element with name \"gmp-internal-place-opening-hours\" already defined."],"stack":null}
[2026-04-26T04:57:59.130Z] {"timestamp":1777179477497,"level":"WARN","args":["Element with name \"gmp-internal-place-review\" already defined."],"stack":null}
[2026-04-26T04:57:59.130Z] {"timestamp":1777179477497,"level":"WARN","args":["Element with name \"gmp-internal-tabbed-layout\" already defined."],"stack":null}
[2026-04-26T04:57:59.130Z] {"timestamp":1777179477497,"level":"WARN","args":["Element with name \"gmp-internal-lightbox\" already defined."],"stack":null}
[2026-04-26T04:57:59.130Z] {"timestamp":1777179477497,"level":"WARN","args":["Element with name \"gmp-internal-collage\" already defined."],"stack":null}
[2026-04-26T04:57:59.130Z] {"timestamp":1777179477498,"level":"WARN","args":["Element with name \"gmp-internal-place-rating-summary\" already defined."],"stack":null}
[2026-04-26T04:57:59.130Z] {"timestamp":1777179477499,"level":"WARN","args":["Element with name \"gmp-place-content-config\" already defined."],"stack":null}
[2026-04-26T04:57:59.130Z] {"timestamp":1777179477499,"level":"WARN","args":["Element with name \"gmp-place-standard-content\" already defined."],"stack":null}
[2026-04-26T04:57:59.130Z] {"timestamp":1777179477499,"level":"WARN","args":["Element with name \"gmp-internal-place-basic-info\" already defined."],"stack":null}
[2026-04-26T04:57:59.130Z] {"timestamp":1777179477499,"level":"WARN","args":["Element with name \"gmp-place-details-location-request\" already defined."],"stack":null}
[2026-04-26T04:57:59.130Z] {"timestamp":1777179477500,"level":"WARN","args":["Element with name \"gmp-place-details-place-request\" already defined."],"stack":null}
[2026-04-26T04:57:59.130Z] {"timestamp":1777179477500,"level":"WARN","args":["Element with name \"gmp-internal-circular-loader\" already defined."],"stack":null}
[2026-04-26T04:57:59.130Z] {"timestamp":1777179477500,"level":"WARN","args":["Element with name \"gmp-place-details-compact\" already defined."],"stack":null}
[2026-04-26T04:57:59.130Z] {"timestamp":1777179477500,"level":"WARN","args":["Element with name \"gmp-internal-use-place-details-compact\" already defined."],"stack":null}
[2026-04-26T04:57:59.130Z] {"timestamp":1777179477500,"level":"WARN","args":["Element with name \"gmp-place-media\" already defined."],"stack":null}
[2026-04-26T04:57:59.130Z] {"timestamp":1777179477500,"level":"WARN","args":["Element with name \"gmp-place-address\" already defined."],"stack":null}
[2026-04-26T04:57:59.130Z] {"timestamp":1777179477500,"level":"WARN","args":["Element with name \"gmp-place-rating\" already defined."],"stack":null}
[2026-04-26T04:57:59.130Z] {"timestamp":1777179477501,"level":"WARN","args":["Element with name \"gmp-place-type\" already defined."],"stack":null}
[2026-04-26T04:57:59.130Z] {"timestamp":1777179477501,"level":"WARN","args":["Element with name \"gmp-place-price\" already defined."],"stack":null}
[2026-04-26T04:57:59.130Z] {"timestamp":1777179477501,"level":"WARN","args":["Element with name \"gmp-place-accessible-entrance-icon\" already defined."],"stack":null}
[2026-04-26T04:57:59.130Z] {"timestamp":1777179477501,"level":"WARN","args":["Element with name \"gmp-place-open-now-status\" already defined."],"stack":null}
[2026-04-26T04:57:59.130Z] {"timestamp":1777179477501,"level":"WARN","args":["Element with name \"gmp-place-attribution\" already defined."],"stack":null}
[2026-04-26T04:57:59.130Z] {"timestamp":1777179477501,"level":"WARN","args":["Element with name \"gmp-place-website\" already defined."],"stack":null}
[2026-04-26T04:57:59.130Z] {"timestamp":1777179477501,"level":"WARN","args":["Element with name \"gmp-place-phone-number\" already defined."],"stack":null}
[2026-04-26T04:57:59.130Z] {"timestamp":1777179477501,"level":"WARN","args":["Element with name \"gmp-place-opening-hours\" already defined."],"stack":null}
[2026-04-26T04:57:59.130Z] {"timestamp":1777179477501,"level":"WARN","args":["Element with name \"gmp-place-summary\" already defined."],"stack":null}
[2026-04-26T04:57:59.130Z] {"timestamp":1777179477501,"level":"WARN","args":["Element with name \"gmp-place-type-specific-highlights\" already defined."],"stack":null}
[2026-04-26T04:57:59.130Z] {"timestamp":1777179477502,"level":"WARN","args":["Element with name \"gmp-place-review-summary\" already defined."],"stack":null}
[2026-04-26T04:57:59.130Z] {"timestamp":1777179477502,"level":"WARN","args":["Element with name \"gmp-place-reviews\" already defined."],"stack":null}
[2026-04-26T04:57:59.130Z] {"timestamp":1777179477502,"level":"WARN","args":["Element with name \"gmp-place-plus-code\" already defined."],"stack":null}
[2026-04-26T04:57:59.130Z] {"timestamp":1777179477502,"level":"WARN","args":["Element with name \"gmp-place-feature-list\" already defined."],"stack":null}
[2026-04-26T04:57:59.130Z] {"timestamp":1777179477502,"level":"WARN","args":["Element with name \"gmp-place-details\" already defined."],"stack":null}
[2026-04-26T04:57:59.130Z] {"timestamp":1777179477502,"level":"WARN","args":["Element with name \"gmp-internal-place-carousel\" already defined."],"stack":null}
[2026-04-26T04:57:59.130Z] {"timestamp":1777179477502,"level":"WARN","args":["Element with name \"gmp-internal-place-search-list-item\" already defined."],"stack":null}
[2026-04-26T04:57:59.130Z] {"timestamp":1777179477502,"level":"WARN","args":["Element with name \"gmp-place-nearby-search-request\" already defined."],"stack":null}
[2026-04-26T04:57:59.130Z] {"timestamp":1777179477502,"level":"WARN","args":["Element with name \"gmp-place-text-search-request\" already defined."],"stack":null}
[2026-04-26T04:57:59.130Z] {"timestamp":1777179477502,"level":"WARN","args":["Element with name \"gmp-place-search\" already defined."],"stack":null}
[2026-04-26T04:57:59.130Z] {"timestamp":1777179477510,"level":"WARN","args":["Element with name \"gmp-pin\" already defined."],"stack":null}
[2026-04-26T04:57:59.130Z] {"timestamp":1777179477513,"level":"WARN","args":["Element with name \"gmp-internal-use-am\" already defined."],"stack":null}
[2026-04-26T04:57:59.130Z] {"timestamp":1777179477514,"level":"WARN","args":["Element with name \"gmp-map\" already defined."],"stack":null}
[2026-04-26T04:57:59.130Z] {"timestamp":1777179477514,"level":"WARN","args":["Element with name \"gmp-advanced-marker\" already defined."],"stack":null}
[2026-04-26T04:57:59.130Z] {"timestamp":1777179477514,"level":"WARN","args":["Element with name \"gmp-place-autocomplete\" already defined."],"stack":null}
[2026-04-26T04:57:59.130Z] {"timestamp":1777179477514,"level":"WARN","args":["Element with name \"gmp-basic-place-autocomplete\" already defined."],"stack":null}
[2026-04-26T04:57:59.130Z] {"timestamp":1777179477981,"level":"WARN","args":["Element with name \"gmp-internal-camera-control\" already defined."],"stack":null}
[2026-04-26T05:00:01.992Z] {"timestamp":1777179599938,"level":"DEBUG","args":["[Manus] Debug collector initialized (no rrweb, UI events only)"],"stack":null}
[2026-04-26T05:00:01.992Z] {"timestamp":1777179600164,"level":"DEBUG","args":["[vite] connected."],"stack":null}
[2026-04-26T05:00:01.992Z] {"timestamp":1777179600462,"level":"WARN","args":["Google Maps JavaScript API has been loaded directly without loading=async. This can result in suboptimal performance. For best-practice loading patterns please see https://goo.gle/js-api-loading"],"stack":null}
[2026-04-26T05:00:04.436Z] {"timestamp":1777179602380,"level":"DEBUG","args":["[Manus] Debug collector initialized (no rrweb, UI events only)"],"stack":null}
[2026-04-26T05:00:04.436Z] {"timestamp":1777179602636,"level":"DEBUG","args":["[vite] connected."],"stack":null}
[2026-04-26T05:00:04.436Z] {"timestamp":1777179602898,"level":"WARN","args":["Google Maps JavaScript API has been loaded directly without loading=async. This can result in suboptimal performance. For best-practice loading patterns please see https://goo.gle/js-api-loading"],"stack":null}
[2026-04-26T05:00:34.958Z] {"timestamp":1777179632902,"level":"DEBUG","args":["[Manus] Debug collector initialized (no rrweb, UI events only)"],"stack":null}
[2026-04-26T05:00:34.958Z] {"timestamp":1777179633126,"level":"DEBUG","args":["[vite] connected."],"stack":null}
[2026-04-26T05:00:34.958Z] {"timestamp":1777179633288,"level":"WARN","args":["Google Maps JavaScript API has been loaded directly without loading=async. This can result in suboptimal performance. For best-practice loading patterns please see https://goo.gle/js-api-loading"],"stack":null}
[2026-04-26T05:43:54.022Z] {"timestamp":1777182231958,"level":"DEBUG","args":["[Manus] Debug collector initialized (no rrweb, UI events only)"],"stack":null}
[2026-04-26T05:43:54.022Z] {"timestamp":1777182232181,"level":"DEBUG","args":["[vite] connected."],"stack":null}
[2026-04-26T05:43:58.002Z] {"timestamp":1777182235939,"level":"DEBUG","args":["[Manus] Debug collector initialized (no rrweb, UI events only)"],"stack":null}
[2026-04-26T05:43:58.002Z] {"timestamp":1777182236160,"level":"DEBUG","args":["[vite] connected."],"stack":null}
[2026-04-26T05:43:58.002Z] {"timestamp":1777182236298,"level":"WARN","args":["Google Maps JavaScript API has been loaded directly without loading=async. This can result in suboptimal performance. For best-practice loading patterns please see https://goo.gle/js-api-loading"],"stack":null}
[2026-04-26T09:56:14.223Z] {"timestamp":1777197372209,"level":"DEBUG","args":["[Manus] Debug collector initialized (no rrweb, UI events only)"],"stack":null}
[2026-04-26T09:56:14.223Z] {"timestamp":1777197372220,"level":"DEBUG","args":["[vite] connected."],"stack":null}
[2026-04-26T09:56:14.223Z] {"timestamp":1777197373492,"level":"INFO","args":["%cDownload the React DevTools for a better development experience: https://react.dev/link/react-devtools","font-weight:bold"],"stack":null}
[2026-04-26T09:59:42.854Z] {"timestamp":1777197580132,"level":"DEBUG","args":["[Manus] Debug collector initialized (no rrweb, UI events only)"],"stack":null}
[2026-04-26T09:59:42.854Z] {"timestamp":1777197580432,"level":"DEBUG","args":["[vite] connected."],"stack":null}
[2026-04-26T09:59:47.940Z] {"timestamp":1777197584679,"level":"DEBUG","args":["[Manus] Debug collector initialized (no rrweb, UI events only)"],"stack":null}
[2026-04-26T09:59:47.940Z] {"timestamp":1777197584967,"level":"DEBUG","args":["[vite] connected."],"stack":null}
[2026-04-26T10:08:43.819Z] {"timestamp":1777198121539,"level":"DEBUG","args":["[Manus] Debug collector initialized (no rrweb, UI events only)"],"stack":null}
[2026-04-26T10:08:43.819Z] {"timestamp":1777198121694,"level":"DEBUG","args":["[vite] connected."],"stack":null}
[2026-04-26T10:08:51.739Z] {"timestamp":1777198129688,"level":"DEBUG","args":["[Manus] Debug collector initialized (no rrweb, UI events only)"],"stack":null}
[2026-04-26T10:08:51.739Z] {"timestamp":1777198129910,"level":"DEBUG","args":["[vite] connected."],"stack":null}
[2026-04-26T10:41:48.358Z] {"timestamp":1777200106351,"level":"DEBUG","args":["[Manus] Debug collector initialized (no rrweb, UI events only)"],"stack":null}
[2026-04-26T10:41:48.358Z] {"timestamp":1777200106367,"level":"DEBUG","args":["[vite] connected."],"stack":null}
[2026-04-26T10:41:48.358Z] {"timestamp":1777200106613,"level":"INFO","args":["%cDownload the React DevTools for a better development experience: https://react.dev/link/react-devtools","font-weight:bold"],"stack":null}
[2026-04-26T10:42:05.613Z] {"timestamp":1777200123551,"level":"DEBUG","args":["[Manus] Debug collector initialized (no rrweb, UI events only)"],"stack":null}
[2026-04-26T10:42:05.613Z] {"timestamp":1777200123786,"level":"DEBUG","args":["[vite] connected."],"stack":null}
[2026-04-26T10:42:21.839Z] {"timestamp":1777200139969,"level":"DEBUG","args":["[vite]","hot updated: /src/pages/FamilyTracker.tsx"],"stack":null}
[2026-04-26T10:42:21.839Z] {"timestamp":1777200139970,"level":"DEBUG","args":["[vite]","hot updated: /src/index.css"],"stack":null}
[2026-04-26T10:42:24.830Z] {"timestamp":1777200142395,"level":"DEBUG","args":["[Manus] Debug collector initialized (no rrweb, UI events only)"],"stack":null}
[2026-04-26T10:42:24.830Z] {"timestamp":1777200142641,"level":"DEBUG","args":["[vite] connected."],"stack":null}
[2026-04-26T10:42:28.821Z] {"timestamp":1777200145926,"level":"DEBUG","args":["[Manus] Debug collector initialized (no rrweb, UI events only)"],"stack":null}
[2026-04-26T10:42:28.821Z] {"timestamp":1777200146186,"level":"DEBUG","args":["[vite] connected."],"stack":null}
[2026-04-26T10:42:32.831Z] {"timestamp":1777200149827,"level":"DEBUG","args":["[Manus] Debug collector initialized (no rrweb, UI events only)"],"stack":null}
[2026-04-26T10:42:32.831Z] {"timestamp":1777200150092,"level":"DEBUG","args":["[vite] connected."],"stack":null}
[2026-04-26T10:42:56.817Z] {"timestamp":1777200176690,"level":"DEBUG","args":["[vite]","invalidate /src/contexts/I18nContext.tsx: Could not Fast Refresh (\"useI18n\" export is incompatible). Learn more at https://github.com/vitejs/vite-plugin-react/tree/main/packages/plugin-react#consistent-components-exports"],"stack":null}
[2026-04-26T10:42:56.818Z] {"timestamp":1777200176690,"level":"DEBUG","args":["[vite]","hot updated: /src/contexts/I18nContext.tsx"],"stack":null}
[2026-04-26T10:42:56.818Z] {"timestamp":1777200176691,"level":"DEBUG","args":["[vite]","hot updated: /src/pages/Onboarding.tsx"],"stack":null}
[2026-04-26T10:42:56.818Z] {"timestamp":1777200176691,"level":"DEBUG","args":["[vite]","hot updated: /src/pages/Settings.tsx"],"stack":null}
[2026-04-26T10:42:56.818Z] {"timestamp":1777200176692,"level":"DEBUG","args":["[vite]","hot updated: /src/pages/Home.tsx"],"stack":null}
[2026-04-26T10:42:58.817Z] {"timestamp":1777200178186,"level":"DEBUG","args":["[vite]","hot updated: /src/App.tsx"],"stack":null}
[2026-04-26T10:42:58.817Z] {"timestamp":1777200178187,"level":"DEBUG","args":["[vite]","hot updated: /src/pages/Map.tsx"],"stack":null}
[2026-04-26T10:42:58.817Z] {"timestamp":1777200178187,"level":"DEBUG","args":["[vite]","hot updated: /src/pages/EmergencyContacts.tsx"],"stack":null}
[2026-04-26T10:42:58.817Z] {"timestamp":1777200178188,"level":"DEBUG","args":["[vite]","hot updated: /src/pages/Onboarding.tsx"],"stack":null}
[2026-04-26T10:42:58.817Z] {"timestamp":1777200178188,"level":"DEBUG","args":["[vite]","hot updated: /src/pages/ActionGuide.tsx"],"stack":null}
[2026-04-26T10:42:58.817Z] {"timestamp":1777200178188,"level":"DEBUG","args":["[vite]","hot updated: /src/pages/SafeRoute.tsx"],"stack":null}
[2026-04-26T10:42:58.817Z] {"timestamp":1777200178188,"level":"DEBUG","args":["[vite]","hot updated: /src/pages/DisasterGuide.tsx"],"stack":null}
[2026-04-26T10:42:58.817Z] {"timestamp":1777200178188,"level":"DEBUG","args":["[vite]","hot updated: /src/pages/Settings.tsx"],"stack":null}
[2026-04-26T10:42:58.817Z] {"timestamp":1777200178189,"level":"DEBUG","args":["[vite]","hot updated: /src/pages/ShelterDetail.tsx"],"stack":null}
[2026-04-26T10:42:58.817Z] {"timestamp":1777200178189,"level":"DEBUG","args":["[vite]","hot updated: /src/pages/PrivacyPolicy.tsx"],"stack":null}
[2026-04-26T10:42:58.817Z] {"timestamp":1777200178189,"level":"DEBUG","args":["[vite]","hot updated: /src/pages/Privacy.tsx"],"stack":null}
[2026-04-26T10:42:58.817Z] {"timestamp":1777200178189,"level":"DEBUG","args":["[vite]","hot updated: /src/pages/Terms.tsx"],"stack":null}
[2026-04-26T10:42:58.817Z] {"timestamp":1777200178189,"level":"DEBUG","args":["[vite]","hot updated: /src/pages/TermsOfService.tsx"],"stack":null}
[2026-04-26T10:42:58.817Z] {"timestamp":1777200178189,"level":"DEBUG","args":["[vite]","hot updated: /src/pages/Dashboard.tsx"],"stack":null}
[2026-04-26T10:42:58.817Z] {"timestamp":1777200178190,"level":"DEBUG","args":["[vite]","hot updated: /src/pages/FamilyTracker.tsx"],"stack":null}
[2026-04-26T10:42:58.817Z] {"timestamp":1777200178190,"level":"DEBUG","args":["[vite]","hot updated: /src/pages/Home.tsx"],"stack":null}
[2026-04-26T10:43:05.817Z] {"timestamp":1777200183371,"level":"DEBUG","args":["[Manus] Debug collector initialized (no rrweb, UI events only)"],"stack":null}
[2026-04-26T10:43:05.817Z] {"timestamp":1777200183609,"level":"DEBUG","args":["[vite] connected."],"stack":null}
[2026-04-26T10:43:09.835Z] {"timestamp":1777200187127,"level":"DEBUG","args":["[Manus] Debug collector initialized (no rrweb, UI events only)"],"stack":null}
[2026-04-26T10:43:09.835Z] {"timestamp":1777200187358,"level":"DEBUG","args":["[vite] connected."],"stack":null}
[2026-04-26T10:43:20.025Z] {"timestamp":1777200198695,"level":"DEBUG","args":["[vite]","invalidate /src/contexts/I18nContext.tsx: Could not Fast Refresh (\"useI18n\" export is incompatible). Learn more at https://github.com/vitejs/vite-plugin-react/tree/main/packages/plugin-react#consistent-components-exports"],"stack":null}
[2026-04-26T10:43:20.025Z] {"timestamp":1777200198695,"level":"DEBUG","args":["[vite]","hot updated: /src/contexts/I18nContext.tsx"],"stack":null}
[2026-04-26T10:43:20.025Z] {"timestamp":1777200198695,"level":"DEBUG","args":["[vite]","hot updated: /src/pages/Onboarding.tsx"],"stack":null}
[2026-04-26T10:43:20.025Z] {"timestamp":1777200198695,"level":"DEBUG","args":["[vite]","hot updated: /src/pages/Settings.tsx"],"stack":null}
[2026-04-26T10:43:20.025Z] {"timestamp":1777200198695,"level":"DEBUG","args":["[vite]","hot updated: /src/pages/Home.tsx"],"stack":null}
[2026-04-26T10:43:21.820Z] {"timestamp":1777200200147,"level":"DEBUG","args":["[vite]","hot updated: /src/App.tsx"],"stack":null}
[2026-04-26T10:43:21.820Z] {"timestamp":1777200200147,"level":"DEBUG","args":["[vite]","hot updated: /src/pages/Map.tsx"],"stack":null}
[2026-04-26T10:43:21.820Z] {"timestamp":1777200200147,"level":"DEBUG","args":["[vite]","hot updated: /src/pages/EmergencyContacts.tsx"],"stack":null}
[2026-04-26T10:43:21.820Z] {"timestamp":1777200200147,"level":"DEBUG","args":["[vite]","hot updated: /src/pages/Onboarding.tsx"],"stack":null}
[2026-04-26T10:43:21.820Z] {"timestamp":1777200200147,"level":"DEBUG","args":["[vite]","hot updated: /src/pages/ActionGuide.tsx"],"stack":null}
[2026-04-26T10:43:21.820Z] {"timestamp":1777200200148,"level":"DEBUG","args":["[vite]","hot updated: /src/pages/SafeRoute.tsx"],"stack":null}
[2026-04-26T10:43:21.820Z] {"timestamp":1777200200148,"level":"DEBUG","args":["[vite]","hot updated: /src/pages/DisasterGuide.tsx"],"stack":null}
[2026-04-26T10:43:21.820Z] {"timestamp":1777200200148,"level":"DEBUG","args":["[vite]","hot updated: /src/pages/Settings.tsx"],"stack":null}
[2026-04-26T10:43:21.820Z] {"timestamp":1777200200149,"level":"DEBUG","args":["[vite]","hot updated: /src/pages/ShelterDetail.tsx"],"stack":null}
[2026-04-26T10:43:21.820Z] {"timestamp":1777200200149,"level":"DEBUG","args":["[vite]","hot updated: /src/pages/PrivacyPolicy.tsx"],"stack":null}
[2026-04-26T10:43:21.821Z] {"timestamp":1777200200149,"level":"DEBUG","args":["[vite]","hot updated: /src/pages/Privacy.tsx"],"stack":null}
[2026-04-26T10:43:21.821Z] {"timestamp":1777200200150,"level":"DEBUG","args":["[vite]","hot updated: /src/pages/Terms.tsx"],"stack":null}
[2026-04-26T10:43:21.821Z] {"timestamp":1777200200150,"level":"DEBUG","args":["[vite]","hot updated: /src/pages/TermsOfService.tsx"],"stack":null}
[2026-04-26T10:43:21.821Z] {"timestamp":1777200200151,"level":"DEBUG","args":["[vite]","hot updated: /src/pages/Dashboard.tsx"],"stack":null}
[2026-04-26T10:43:21.821Z] {"timestamp":1777200200151,"level":"DEBUG","args":["[vite]","hot updated: /src/pages/FamilyTracker.tsx"],"stack":null}
[2026-04-26T10:43:21.821Z] {"timestamp":1777200200151,"level":"DEBUG","args":["[vite]","hot updated: /src/pages/Home.tsx"],"stack":null}
[2026-04-26T10:43:25.829Z] {"timestamp":1777200203270,"level":"DEBUG","args":["[Manus] Debug collector initialized (no rrweb, UI events only)"],"stack":null}
[2026-04-26T10:43:25.829Z] {"timestamp":1777200203505,"level":"DEBUG","args":["[vite] connected."],"stack":null}
[2026-04-26T10:43:29.820Z] {"timestamp":1777200206993,"level":"DEBUG","args":["[Manus] Debug collector initialized (no rrweb, UI events only)"],"stack":null}
[2026-04-26T10:43:29.820Z] {"timestamp":1777200207284,"level":"DEBUG","args":["[vite] connected."],"stack":null}
[2026-04-26T10:44:25.868Z] {"timestamp":1777200265135,"level":"DEBUG","args":["[vite]","hot updated: /src/pages/Home.tsx"],"stack":null}
[2026-04-26T10:44:25.868Z] {"timestamp":1777200265135,"level":"DEBUG","args":["[vite]","hot updated: /src/index.css"],"stack":null}
[2026-04-26T10:44:30.836Z] {"timestamp":1777200268401,"level":"DEBUG","args":["[Manus] Debug collector initialized (no rrweb, UI events only)"],"stack":null}
[2026-04-26T10:44:30.836Z] {"timestamp":1777200268681,"level":"DEBUG","args":["[vite] connected."],"stack":null}
[2026-04-26T10:44:33.820Z] {"timestamp":1777200271409,"level":"DEBUG","args":["[Manus] Debug collector initialized (no rrweb, UI events only)"],"stack":null}
[2026-04-26T10:44:33.820Z] {"timestamp":1777200271635,"level":"DEBUG","args":["[vite] connected."],"stack":null}
[2026-04-26T10:46:46.832Z] {"timestamp":1777200403879,"level":"DEBUG","args":["[Manus] Debug collector initialized (no rrweb, UI events only)"],"stack":null}
[2026-04-26T10:46:46.832Z] {"timestamp":1777200404115,"level":"DEBUG","args":["[vite] connected."],"stack":null}
[2026-04-26T10:47:10.834Z] {"timestamp":1777200429711,"level":"DEBUG","args":["[vite]","hot updated: /src/index.css"],"stack":null}
[2026-04-26T10:47:31.828Z] {"timestamp":1777200449175,"level":"DEBUG","args":["[Manus] Debug collector initialized (no rrweb, UI events only)"],"stack":null}
[2026-04-26T10:47:31.828Z] {"timestamp":1777200449404,"level":"DEBUG","args":["[vite] connected."],"stack":null}
[2026-04-26T10:48:03.444Z] {"timestamp":1777200481439,"level":"DEBUG","args":["[Manus] Debug collector initialized (no rrweb, UI events only)"],"stack":null}
[2026-04-26T10:48:03.444Z] {"timestamp":1777200481450,"level":"DEBUG","args":["[vite] connected."],"stack":null}
[2026-04-26T10:48:03.444Z] {"timestamp":1777200481636,"level":"INFO","args":["%cDownload the React DevTools for a better development experience: https://react.dev/link/react-devtools","font-weight:bold"],"stack":null}
[2026-04-26T10:48:48.847Z] {"timestamp":1777200526293,"level":"DEBUG","args":["[Manus] Debug collector initialized (no rrweb, UI events only)"],"stack":null}
[2026-04-26T10:48:48.847Z] {"timestamp":1777200526768,"level":"DEBUG","args":["[vite] connected."],"stack":null}
[2026-04-26T10:48:51.822Z] {"timestamp":1777200529406,"level":"DEBUG","args":["[Manus] Debug collector initialized (no rrweb, UI events only)"],"stack":null}
[2026-04-26T10:48:51.823Z] {"timestamp":1777200529657,"level":"DEBUG","args":["[vite] connected."],"stack":null}
[2026-04-26T10:48:54.825Z] {"timestamp":1777200532446,"level":"DEBUG","args":["[Manus] Debug collector initialized (no rrweb, UI events only)"],"stack":null}
[2026-04-26T10:48:54.825Z] {"timestamp":1777200532688,"level":"DEBUG","args":["[vite] connected."],"stack":null}
[2026-04-26T10:49:07.835Z] {"timestamp":1777200544851,"level":"DEBUG","args":["[Manus] Debug collector initialized (no rrweb, UI events only)"],"stack":null}
[2026-04-26T10:49:07.835Z] {"timestamp":1777200545104,"level":"DEBUG","args":["[vite] connected."],"stack":null}
[2026-04-26T10:49:10.828Z] {"timestamp":1777200548559,"level":"DEBUG","args":["[Manus] Debug collector initialized (no rrweb, UI events only)"],"stack":null}
[2026-04-26T10:49:10.828Z] {"timestamp":1777200548788,"level":"DEBUG","args":["[vite] connected."],"stack":null}
[2026-04-26T10:49:49.830Z] {"timestamp":1777200587565,"level":"DEBUG","args":["[Manus] Debug collector initialized (no rrweb, UI events only)"],"stack":null}
[2026-04-26T10:49:49.830Z] {"timestamp":1777200587854,"level":"DEBUG","args":["[vite] connected."],"stack":null}
[2026-04-26T10:49:53.828Z] {"timestamp":1777200590952,"level":"DEBUG","args":["[Manus] Debug collector initialized (no rrweb, UI events only)"],"stack":null}
[2026-04-26T10:49:53.828Z] {"timestamp":1777200591191,"level":"DEBUG","args":["[vite] connected."],"stack":null}
[2026-04-26T10:50:14.851Z] {"timestamp":1777200612433,"level":"DEBUG","args":["[Manus] Debug collector initialized (no rrweb, UI events only)"],"stack":null}
[2026-04-26T10:50:14.851Z] {"timestamp":1777200612690,"level":"DEBUG","args":["[vite] connected."],"stack":null}
[2026-04-26T10:50:20.828Z] {"timestamp":1777200618254,"level":"DEBUG","args":["[Manus] Debug collector initialized (no rrweb, UI events only)"],"stack":null}
[2026-04-26T10:50:20.828Z] {"timestamp":1777200618499,"level":"DEBUG","args":["[vite] connected."],"stack":null}
[2026-04-26T10:51:38.843Z] {"timestamp":1777200696426,"level":"DEBUG","args":["[Manus] Debug collector initialized (no rrweb, UI events only)"],"stack":null}
[2026-04-26T10:51:38.843Z] {"timestamp":1777200696936,"level":"DEBUG","args":["[vite] connected."],"stack":null}
[2026-04-26T10:52:36.832Z] {"timestamp":1777200756516,"level":"DEBUG","args":["[vite]","hot updated: /src/index.css"],"stack":null}
[2026-04-26T10:53:27.933Z] {"timestamp":1777200805928,"level":"DEBUG","args":["[Manus] Debug collector initialized (no rrweb, UI events only)"],"stack":null}
[2026-04-26T10:53:27.933Z] {"timestamp":1777200805945,"level":"DEBUG","args":["[vite] connected."],"stack":null}
[2026-04-26T10:53:27.933Z] {"timestamp":1777200806154,"level":"INFO","args":["%cDownload the React DevTools for a better development experience: https://react.dev/link/react-devtools","font-weight:bold"],"stack":null}
[2026-04-26T11:28:16.819Z] {"timestamp":1777202895730,"level":"WARN","args":["Google Maps JavaScript API has been loaded directly without loading=async. This can result in suboptimal performance. For best-practice loading patterns please see https://goo.gle/js-api-loading"],"stack":null}
[2026-04-26T11:28:44.819Z] {"timestamp":1777202924018,"level":"WARN","args":["Element with name \"gmp-internal-loading-text\" already defined."],"stack":null}
[2026-04-26T11:28:44.819Z] {"timestamp":1777202924018,"level":"WARN","args":["Element with name \"gmp-internal-request-error-text\" already defined."],"stack":null}
[2026-04-26T11:28:44.819Z] {"timestamp":1777202924019,"level":"WARN","args":["Element with name \"gmp-internal-back-button\" already defined."],"stack":null}
[2026-04-26T11:28:44.819Z] {"timestamp":1777202924020,"level":"WARN","args":["Element with name \"gmp-internal-dialog\" already defined."],"stack":null}
[2026-04-26T11:28:44.819Z] {"timestamp":1777202924020,"level":"WARN","args":["Element with name \"gmp-internal-disclosure\" already defined."],"stack":null}
[2026-04-26T11:28:44.819Z] {"timestamp":1777202924020,"level":"WARN","args":["Element with name \"gmp-internal-disclosure-section\" already defined."],"stack":null}
[2026-04-26T11:28:44.819Z] {"timestamp":1777202924020,"level":"WARN","args":["Element with name \"gmp-internal-attribution\" already defined."],"stack":null}
[2026-04-26T11:28:44.819Z] {"timestamp":1777202924021,"level":"WARN","args":["Element with name \"gmp-internal-element-support-verification\" already defined."],"stack":null}
[2026-04-26T11:28:44.819Z] {"timestamp":1777202924021,"level":"ERROR","args":["You have included the Google Maps JavaScript API multiple times on this page. This may cause unexpected errors."],"stack":"Error\n    at console.<computed> [as error] (https://3000-iwi3fzzw46c2utma7n3fo-5ac9c38d.sg1.manus.computer/__manus__/debug-collector.js:391:37)\n    at Cea (https://forge.manus.ai/v1/maps/proxy/maps/api/js?key=cvZzDbPkXuMKHHX2jcgL3z&v=weekly&libraries=marker,places,geocoding,geometry:2168:273)\n    at Kea (https://forge.manus.ai/v1/maps/proxy/maps/api/js?key=cvZzDbPkXuMKHHX2jcgL3z&v=weekly&libraries=marker,places,geocoding,geometry:2161:81)\n    at google.maps.Load (https://forge.manus.ai/v1/maps/proxy/maps/api/js?key=cvZzDbPkXuMKHHX2jcgL3z&v=weekly&libraries=marker,places,geocoding,geometry:14:5)\n    at https://forge.manus.ai/v1/maps/proxy/maps/api/js?key=cvZzDbPkXuMKHHX2jcgL3z&v=weekly&libraries=marker,places,geocoding,geometry:2467:267\n    at https://forge.manus.ai/v1/maps/proxy/maps/api/js?key=cvZzDbPkXuMKHHX2jcgL3z&v=weekly&libraries=marker,places,geocoding,geometry:2467:280"}
[2026-04-26T11:28:44.819Z] {"timestamp":1777202924053,"level":"WARN","args":["Google Maps JavaScript API has been loaded directly without loading=async. This can result in suboptimal performance. For best-practice loading patterns please see https://goo.gle/js-api-loading"],"stack":null}
[2026-04-26T11:28:44.819Z] {"timestamp":1777202924057,"level":"WARN","args":["Element with name \"gmp-internal-rating\" already defined."],"stack":null}
[2026-04-26T11:28:44.819Z] {"timestamp":1777202924058,"level":"WARN","args":["Element with name \"gmp-place-all-content\" already defined."],"stack":null}
[2026-04-26T11:28:44.819Z] {"timestamp":1777202924058,"level":"WARN","args":["Element with name \"gmp-internal-link-button\" already defined."],"stack":null}
[2026-04-26T11:28:44.819Z] {"timestamp":1777202924058,"level":"WARN","args":["Element with name \"gmp-internal-menu\" already defined."],"stack":null}
[2026-04-26T11:28:44.819Z] {"timestamp":1777202924058,"level":"WARN","args":["Element with name \"gmp-internal-place-opening-hours\" already defined."],"stack":null}
[2026-04-26T11:28:44.819Z] {"timestamp":1777202924058,"level":"WARN","args":["Element with name \"gmp-internal-place-review\" already defined."],"stack":null}
[2026-04-26T11:28:44.819Z] {"timestamp":1777202924058,"level":"WARN","args":["Element with name \"gmp-internal-tabbed-layout\" already defined."],"stack":null}
[2026-04-26T11:28:44.819Z] {"timestamp":1777202924058,"level":"WARN","args":["Element with name \"gmp-internal-lightbox\" already defined."],"stack":null}
[2026-04-26T11:28:44.819Z] {"timestamp":1777202924059,"level":"WARN","args":["Element with name \"gmp-internal-collage\" already defined."],"stack":null}
[2026-04-26T11:28:44.819Z] {"timestamp":1777202924059,"level":"WARN","args":["Element with name \"gmp-internal-place-rating-summary\" already defined."],"stack":null}
[2026-04-26T11:28:44.819Z] {"timestamp":1777202924059,"level":"WARN","args":["Element with name \"gmp-place-content-config\" already defined."],"stack":null}
[2026-04-26T11:28:44.819Z] {"timestamp":1777202924059,"level":"WARN","args":["Element with name \"gmp-place-standard-content\" already defined."],"stack":null}
[2026-04-26T11:28:44.819Z] {"timestamp":1777202924059,"level":"WARN","args":["Element with name \"gmp-internal-place-basic-info\" already defined."],"stack":null}
[2026-04-26T11:28:44.819Z] {"timestamp":1777202924059,"level":"WARN","args":["Element with name \"gmp-place-details-location-request\" already defined."],"stack":null}
[2026-04-26T11:28:44.819Z] {"timestamp":1777202924059,"level":"WARN","args":["Element with name \"gmp-place-details-place-request\" already defined."],"stack":null}
[2026-04-26T11:28:44.819Z] {"timestamp":1777202924059,"level":"WARN","args":["Element with name \"gmp-internal-circular-loader\" already defined."],"stack":null}
[2026-04-26T11:28:44.819Z] {"timestamp":1777202924059,"level":"WARN","args":["Element with name \"gmp-place-details-compact\" already defined."],"stack":null}
[2026-04-26T11:28:44.819Z] {"timestamp":1777202924059,"level":"WARN","args":["Element with name \"gmp-internal-use-place-details-compact\" already defined."],"stack":null}
[2026-04-26T11:28:44.819Z] {"timestamp":1777202924059,"level":"WARN","args":["Element with name \"gmp-place-media\" already defined."],"stack":null}
[2026-04-26T11:28:44.819Z] {"timestamp":1777202924059,"level":"WARN","args":["Element with name \"gmp-place-address\" already defined."],"stack":null}
[2026-04-26T11:28:44.819Z] {"timestamp":1777202924060,"level":"WARN","args":["Element with name \"gmp-place-rating\" already defined."],"stack":null}
[2026-04-26T11:28:44.819Z] {"timestamp":1777202924060,"level":"WARN","args":["Element with name \"gmp-place-type\" already defined."],"stack":null}
[2026-04-26T11:28:44.819Z] {"timestamp":1777202924060,"level":"WARN","args":["Element with name \"gmp-place-price\" already defined."],"stack":null}
[2026-04-26T11:28:44.819Z] {"timestamp":1777202924060,"level":"WARN","args":["Element with name \"gmp-place-accessible-entrance-icon\" already defined."],"stack":null}
[2026-04-26T11:28:44.819Z] {"timestamp":1777202924060,"level":"WARN","args":["Element with name \"gmp-place-open-now-status\" already defined."],"stack":null}
[2026-04-26T11:28:44.819Z] {"timestamp":1777202924060,"level":"WARN","args":["Element with name \"gmp-place-attribution\" already defined."],"stack":null}
[2026-04-26T11:28:44.819Z] {"timestamp":1777202924060,"level":"WARN","args":["Element with name \"gmp-place-website\" already defined."],"stack":null}
[2026-04-26T11:28:44.819Z] {"timestamp":1777202924060,"level":"WARN","args":["Element with name \"gmp-place-phone-number\" already defined."],"stack":null}
[2026-04-26T11:28:44.819Z] {"timestamp":1777202924060,"level":"WARN","args":["Element with name \"gmp-place-opening-hours\" already defined."],"stack":null}
[2026-04-26T11:28:44.819Z] {"timestamp":1777202924060,"level":"WARN","args":["Element with name \"gmp-place-summary\" already defined."],"stack":null}
[2026-04-26T11:28:44.819Z] {"timestamp":1777202924060,"level":"WARN","args":["Element with name \"gmp-place-type-specific-highlights\" already defined."],"stack":null}
[2026-04-26T11:28:44.819Z] {"timestamp":1777202924060,"level":"WARN","args":["Element with name \"gmp-place-review-summary\" already defined."],"stack":null}
[2026-04-26T11:28:44.819Z] {"timestamp":1777202924060,"level":"WARN","args":["Element with name \"gmp-place-reviews\" already defined."],"stack":null}
[2026-04-26T11:28:44.819Z] {"timestamp":1777202924060,"level":"WARN","args":["Element with name \"gmp-place-plus-code\" already defined."],"stack":null}
[2026-04-26T11:28:44.819Z] {"timestamp":1777202924060,"level":"WARN","args":["Element with name \"gmp-place-feature-list\" already defined."],"stack":null}
[2026-04-26T11:28:44.819Z] {"timestamp":1777202924060,"level":"WARN","args":["Element with name \"gmp-place-details\" already defined."],"stack":null}
[2026-04-26T11:28:44.819Z] {"timestamp":1777202924060,"level":"WARN","args":["Element with name \"gmp-internal-place-carousel\" already defined."],"stack":null}
[2026-04-26T11:28:44.819Z] {"timestamp":1777202924060,"level":"WARN","args":["Element with name \"gmp-internal-place-search-list-item\" already defined."],"stack":null}
[2026-04-26T11:28:44.819Z] {"timestamp":1777202924060,"level":"WARN","args":["Element with name \"gmp-place-nearby-search-request\" already defined."],"stack":null}
[2026-04-26T11:28:44.819Z] {"timestamp":1777202924061,"level":"WARN","args":["Element with name \"gmp-place-text-search-request\" already defined."],"stack":null}
[2026-04-26T11:28:44.819Z] {"timestamp":1777202924061,"level":"WARN","args":["Element with name \"gmp-place-search\" already defined."],"stack":null}
[2026-04-26T11:28:44.819Z] {"timestamp":1777202924069,"level":"WARN","args":["Element with name \"gmp-pin\" already defined."],"stack":null}
[2026-04-26T11:28:44.819Z] {"timestamp":1777202924074,"level":"WARN","args":["Element with name \"gmp-internal-use-am\" already defined."],"stack":null}
[2026-04-26T11:28:44.819Z] {"timestamp":1777202924075,"level":"WARN","args":["Element with name \"gmp-map\" already defined."],"stack":null}
[2026-04-26T11:28:44.819Z] {"timestamp":1777202924076,"level":"WARN","args":["Element with name \"gmp-advanced-marker\" already defined."],"stack":null}
[2026-04-26T11:28:44.819Z] {"timestamp":1777202924076,"level":"WARN","args":["Element with name \"gmp-place-autocomplete\" already defined."],"stack":null}
[2026-04-26T11:28:44.819Z] {"timestamp":1777202924076,"level":"WARN","args":["Element with name \"gmp-basic-place-autocomplete\" already defined."],"stack":null}
[2026-04-26T11:28:44.819Z] {"timestamp":1777202924136,"level":"WARN","args":["As of February 21st, 2024, google.maps.Marker is deprecated. Please use google.maps.marker.AdvancedMarkerElement instead. At this time, google.maps.Marker is not scheduled to be discontinued, but google.maps.marker.AdvancedMarkerElement is recommended over google.maps.Marker. While google.maps.Marker will continue to receive bug fixes for any major regressions, existing bugs in google.maps.Marker will not be addressed. At least 12 months notice will be given before support is discontinued. Please see https://developers.google.com/maps/deprecations for additional details and https://developers.google.com/maps/documentation/javascript/advanced-markers/migration for the migration guide."],"stack":null}
[2026-04-26T11:28:46.825Z] {"timestamp":1777202924800,"level":"WARN","args":["Element with name \"gmp-internal-camera-control\" already defined."],"stack":null}
[2026-04-26T11:28:54.821Z] {"timestamp":1777202933869,"level":"ERROR","args":["In HTML, %s cannot be a descendant of <%s>.\nThis will cause a hydration error.%s","<button>","button","\n\n  ...\n    <TooltipProvider data-loc=\"client/src...\" data-slot=\"tooltip-pr...\" delayDuration={0}>\n      <TooltipProviderProvider scope={undefined} isOpenDelayedRef={{current:true}} delayDuration={0} onOpen={function} ...>\n        <Toaster>\n        <Router data-loc=\"client/src...\">\n          <Switch data-loc=\"client/src...\">\n            <Route data-loc=\"client/src...\" path=\"/map\" match={[...]}>\n              <OnboardingGuard data-loc=\"client/src...\">\n                <Map data-loc=\"client/src...\">\n                  <div data-loc=\"client/src...\" className=\"min-h-scre...\">\n                    <div>\n                    <div data-loc=\"client/src...\" className=\"max-w-6xl ...\">\n                      <div data-loc=\"client/src...\" className=\"grid grid-...\">\n                        <div>\n                        <div data-loc=\"client/src...\" className=\"lg:col-span-1\">\n                          <div>\n                          <div data-loc=\"client/src...\" className=\"bg-white r...\">\n                            <div>\n                            <div data-loc=\"client/src...\" className=\"divide-y m...\">\n>                             <button\n>                               data-loc=\"client/src/pages/Map.tsx:396\"\n>                               onClick={function onClick}\n>                               className={\"w-full p-4 text-left transition-colors hover:bg-blue-50 \"}\n>                             >\n                                <div>\n                                <p>\n                                <div data-loc=\"client/src...\" className=\"flex items...\">\n                                  <span>\n>                                 <button\n>                                   data-loc=\"client/src/pages/Map.tsx:416\"\n>                                   onClick={function onClick}\n>                                   className=\"text-blue-600 hover:text-blue-700 font-medium flex items-center gap-1\"\n>                                 >\n"],"stack":"Error\n    at console.<computed> [as error] (https://3000-iwi3fzzw46c2utma7n3fo-5ac9c38d.sg1.manus.computer/__manus__/debug-collector.js:391:37)\n    at validateDOMNesting (https://3000-iwi3fzzw46c2utma7n3fo-5ac9c38d.sg1.manus.computer/@fs/home/ubuntu/crisispath/node_modules/.vite/deps/react-dom_client.js?v=a9f10159:2156:22)\n    at completeWork (https://3000-iwi3fzzw46c2utma7n3fo-5ac9c38d.sg1.manus.computer/@fs/home/ubuntu/crisispath/node_modules/.vite/deps/react-dom_client.js?v=a9f10159:9002:17)\n    at runWithFiberInDEV (https://3000-iwi3fzzw46c2utma7n3fo-5ac9c38d.sg1.manus.computer/@fs/home/ubuntu/crisispath/node_modules/.vite/deps/react-dom_client.js?v=a9f10159:997:72)\n    at completeUnitOfWork (https://3000-iwi3fzzw46c2utma7n3fo-5ac9c38d.sg1.manus.computer/@fs/home/ubuntu/crisispath/node_modules/.vite/deps/react-dom_client.js?v=a9f10159:12669:22)\n    at performUnitOfWork (https://3000-iwi3fzzw46c2utma7n3fo-5ac9c38d.sg1.manus.computer/@fs/home/ubuntu/crisispath/node_modules/.vite/deps/react-dom_client.js?v=a9f10159:12575:29)\n    at workLoopSync (https://3000-iwi3fzzw46c2utma7n3fo-5ac9c38d.sg1.manus.computer/@fs/home/ubuntu/crisispath/node_modules/.vite/deps/react-dom_client.js?v=a9f10159:12424:43)\n    at renderRootSync (https://3000-iwi3fzzw46c2utma7n3fo-5ac9c38d.sg1.manus.computer/@fs/home/ubuntu/crisispath/node_modules/.vite/deps/react-dom_client.js?v=a9f10159:12408:13)\n    at performWorkOnRoot (https://3000-iwi3fzzw46c2utma7n3fo-5ac9c38d.sg1.manus.computer/@fs/home/ubuntu/crisispath/node_modules/.vite/deps/react-dom_client.js?v=a9f10159:11766:189)\n    at performSyncWorkOnRoot (https://3000-iwi3fzzw46c2utma7n3fo-5ac9c38d.sg1.manus.computer/@fs/home/ubuntu/crisispath/node_modules/.vite/deps/react-dom_client.js?v=a9f10159:13517:9)"}
[2026-04-26T11:28:54.821Z] {"timestamp":1777202933871,"level":"ERROR","args":["<%s> cannot contain a nested %s.\nSee this log for the ancestor stack trace.","button","<button>"],"stack":"Error\n    at console.<computed> [as error] (https://3000-iwi3fzzw46c2utma7n3fo-5ac9c38d.sg1.manus.computer/__manus__/debug-collector.js:391:37)\n    at https://3000-iwi3fzzw46c2utma7n3fo-5ac9c38d.sg1.manus.computer/@fs/home/ubuntu/crisispath/node_modules/.vite/deps/react-dom_client.js?v=a9f10159:2163:19\n    at runWithFiberInDEV (https://3000-iwi3fzzw46c2utma7n3fo-5ac9c38d.sg1.manus.computer/@fs/home/ubuntu/crisispath/node_modules/.vite/deps/react-dom_client.js?v=a9f10159:997:72)\n    at validateDOMNesting (https://3000-iwi3fzzw46c2utma7n3fo-5ac9c38d.sg1.manus.computer/@fs/home/ubuntu/crisispath/node_modules/.vite/deps/react-dom_client.js?v=a9f10159:2162:178)\n    at completeWork (https://3000-iwi3fzzw46c2utma7n3fo-5ac9c38d.sg1.manus.computer/@fs/home/ubuntu/crisispath/node_modules/.vite/deps/react-dom_client.js?v=a9f10159:9002:17)\n    at runWithFiberInDEV (https://3000-iwi3fzzw46c2utma7n3fo-5ac9c38d.sg1.manus.computer/@fs/home/ubuntu/crisispath/node_modules/.vite/deps/react-dom_client.js?v=a9f10159:997:72)\n    at completeUnitOfWork (https://3000-iwi3fzzw46c2utma7n3fo-5ac9c38d.sg1.manus.computer/@fs/home/ubuntu/crisispath/node_modules/.vite/deps/react-dom_client.js?v=a9f10159:12669:22)\n    at performUnitOfWork (https://3000-iwi3fzzw46c2utma7n3fo-5ac9c38d.sg1.manus.computer/@fs/home/ubuntu/crisispath/node_modules/.vite/deps/react-dom_client.js?v=a9f10159:12575:29)\n    at workLoopSync (https://3000-iwi3fzzw46c2utma7n3fo-5ac9c38d.sg1.manus.computer/@fs/home/ubuntu/crisispath/node_modules/.vite/deps/react-dom_client.js?v=a9f10159:12424:43)\n    at renderRootSync (https://3000-iwi3fzzw46c2utma7n3fo-5ac9c38d.sg1.manus.computer/@fs/home/ubuntu/crisispath/node_modules/.vite/deps/react-dom_client.js?v=a9f10159:12408:13)"}
[2026-04-26T11:32:50.827Z] {"timestamp":1777203168952,"level":"DEBUG","args":["[vite]","hot updated: /src/App.tsx"],"stack":null}
[2026-04-26T11:32:50.827Z] {"timestamp":1777203168952,"level":"DEBUG","args":["[vite]","hot updated: /src/index.css"],"stack":null}
[2026-04-26T11:32:56.835Z] {"timestamp":1777203175417,"level":"DEBUG","args":["[vite]","hot updated: /src/App.tsx"],"stack":null}
[2026-04-26T11:32:56.835Z] {"timestamp":1777203175417,"level":"DEBUG","args":["[vite]","hot updated: /src/index.css"],"stack":null}
[2026-04-26T12:06:18.618Z] {"timestamp":1777205176600,"level":"DEBUG","args":["[Manus] Debug collector initialized (no rrweb, UI events only)"],"stack":null}
[2026-04-26T12:06:18.618Z] {"timestamp":1777205176611,"level":"DEBUG","args":["[vite] connected."],"stack":null}
[2026-04-26T12:06:18.618Z] {"timestamp":1777205178092,"level":"INFO","args":["%cDownload the React DevTools for a better development experience: https://react.dev/link/react-devtools","font-weight:bold"],"stack":null}
[2026-04-26T12:15:08.850Z] {"timestamp":1777205706835,"level":"DEBUG","args":["[Manus] Debug collector initialized (no rrweb, UI events only)"],"stack":null}
[2026-04-26T12:15:08.850Z] {"timestamp":1777205706851,"level":"DEBUG","args":["[vite] connected."],"stack":null}
[2026-04-26T12:15:08.850Z] {"timestamp":1777205708369,"level":"INFO","args":["%cDownload the React DevTools for a better development experience: https://react.dev/link/react-devtools","font-weight:bold"],"stack":null}
[2026-04-26T12:17:52.154Z] {"timestamp":1777205870148,"level":"DEBUG","args":["[Manus] Debug collector initialized (no rrweb, UI events only)"],"stack":null}
[2026-04-26T12:17:52.154Z] {"timestamp":1777205870155,"level":"DEBUG","args":["[vite] connected."],"stack":null}
[2026-04-26T12:17:52.154Z] {"timestamp":1777205870343,"level":"INFO","args":["%cDownload the React DevTools for a better development experience: https://react.dev/link/react-devtools","font-weight:bold"],"stack":null}
[2026-04-26T12:41:10.038Z] {"timestamp":1777207268022,"level":"DEBUG","args":["[Manus] Debug collector initialized (no rrweb, UI events only)"],"stack":null}
[2026-04-26T12:41:10.038Z] {"timestamp":1777207268379,"level":"DEBUG","args":["[vite] connected."],"stack":null}
[2026-04-26T12:41:10.038Z] {"timestamp":1777207269604,"level":"INFO","args":["%cDownload the React DevTools for a better development experience: https://react.dev/link/react-devtools","font-weight:bold"],"stack":null}
[2026-04-26T12:50:12.997Z] {"timestamp":1777207810990,"level":"DEBUG","args":["[Manus] Debug collector initialized (no rrweb, UI events only)"],"stack":null}
[2026-04-26T12:50:12.997Z] {"timestamp":1777207811003,"level":"DEBUG","args":["[vite] connected."],"stack":null}
[2026-04-26T12:50:12.997Z] {"timestamp":1777207811206,"level":"INFO","args":["%cDownload the React DevTools for a better development experience: https://react.dev/link/react-devtools","font-weight:bold"],"stack":null}
[2026-04-26T12:51:30.801Z] {"timestamp":1777207888796,"level":"DEBUG","args":["[Manus] Debug collector initialized (no rrweb, UI events only)"],"stack":null}
[2026-04-26T12:51:30.801Z] {"timestamp":1777207888808,"level":"DEBUG","args":["[vite] connected."],"stack":null}
[2026-04-26T12:51:30.801Z] {"timestamp":1777207889000,"level":"INFO","args":["%cDownload the React DevTools for a better development experience: https://react.dev/link/react-devtools","font-weight:bold"],"stack":null}
[2026-04-26T12:55:07.402Z] {"timestamp":1777208104827,"level":"DEBUG","args":["[Manus] Debug collector initialized (no rrweb, UI events only)"],"stack":null}
[2026-04-26T12:55:07.402Z] {"timestamp":1777208105066,"level":"DEBUG","args":["[vite] connected."],"stack":null}
[2026-04-26T22:44:10.578Z] {"timestamp":1777243447324,"level":"DEBUG","args":["[Manus] Debug collector initialized (no rrweb, UI events only)"],"stack":null}
[2026-04-26T22:44:10.578Z] {"timestamp":1777243447611,"level":"DEBUG","args":["[vite] connected."],"stack":null}
[2026-04-27T04:52:52.903Z] {"timestamp":1777265572904,"level":"DEBUG","args":["[Manus] Debug collector initialized (no rrweb, UI events only)"],"stack":null}
[2026-04-27T04:52:52.903Z] {"timestamp":1777265573153,"level":"DEBUG","args":["[vite] connected."],"stack":null}
[2026-04-27T04:53:10.270Z] {"timestamp":1777265590504,"level":"DEBUG","args":["[Manus] Debug collector initialized (no rrweb, UI events only)"],"stack":null}
[2026-04-27T04:53:10.270Z] {"timestamp":1777265590761,"level":"DEBUG","args":["[vite] connected."],"stack":null}
[2026-04-27T04:56:48.892Z] {"timestamp":1777265809422,"level":"DEBUG","args":["[vite]","hot updated: /src/pages/Home.tsx"],"stack":null}
[2026-04-27T04:56:48.892Z] {"timestamp":1777265809422,"level":"DEBUG","args":["[vite]","hot updated: /src/index.css"],"stack":null}
[2026-04-27T04:57:07.892Z] {"timestamp":1777265827631,"level":"DEBUG","args":["[Manus] Debug collector initialized (no rrweb, UI events only)"],"stack":null}
[2026-04-27T04:57:07.892Z] {"timestamp":1777265827888,"level":"DEBUG","args":["[vite] connected."],"stack":null}
[2026-04-27T04:57:15.888Z] {"timestamp":1777265835171,"level":"DEBUG","args":["[Manus] Debug collector initialized (no rrweb, UI events only)"],"stack":null}
[2026-04-27T04:57:15.888Z] {"timestamp":1777265835421,"level":"DEBUG","args":["[vite] connected."],"stack":null}
[2026-04-27T04:57:19.881Z] {"timestamp":1777265841639,"level":"DEBUG","args":["[vite]","hot updated: /src/App.tsx"],"stack":null}
[2026-04-27T04:57:19.881Z] {"timestamp":1777265841639,"level":"DEBUG","args":["[vite]","hot updated: /src/index.css"],"stack":null}
[2026-04-27T04:57:21.889Z] {"timestamp":1777265842137,"level":"ERROR","args":["%o\n\n%s\n\n%s\n",{"type":"Error","message":"useState is not defined","stack":"ReferenceError: useState is not defined\n    at RouterWithFeedback (https://3000-iwi3fzzw46c2utma7n3fo-5ac9c38d.sg1.manus.computer/src/App.tsx?t=1777265838972:52:43)\n    at Object.react_stack_bottom_frame (https://3000-iwi3fzzw46c2utma7n3fo-5ac9c38d.sg1.manus.computer/@fs/home/ubuntu/crisispath/node_modules/.vite/deps/react-dom_client.js?v=b12bdea8:18509:20)\n    at renderWithHooks (https://3000-iwi3fzzw46c2utma7n3fo-5ac9c38d.sg1.manus.computer/@fs/home/ubuntu/crisispath/node_modules/.vite/deps/react-dom_client.js?v=b12bdea8:5654:24)\n    at updateFunctionComponent (https://3000-iwi3fzzw46c2utma7n3fo-5ac9c38d.sg1.manus.computer/@fs/home/ubuntu/crisispath/node_modules/.vite/deps/react-dom_client.js?v=b12bdea8:7475:21)\n    at beginWork (https://3000-iwi3fzzw46c2utma7n3fo-5ac9c38d.sg1.manus.computer/@fs/home/ubuntu/crisispath/node_modules/.vite/deps/react-dom_client.js?v=b12bdea8:8525:20)\n    at runWithFiberInDEV (https://3000-iwi3fzzw46c2utma7n3fo-5ac9c38d.sg1.manus.computer/@fs/home/ubuntu/crisispath/node_modules/.vite/deps/react-dom_client.js?v=b12bdea8:997:72)\n    at performUnitOfWork (https://3000-iwi3fzzw46c2utma7n3fo-5ac9c38d.sg1.manus.computer/@fs/home/ubuntu/crisispath/node_modules/.vite/deps/react-dom_client.js?v=b12bdea8:12561:98)\n    at workLoopSync (https://3000-iwi3fzzw46c2utma7n3fo-5ac9c38d.sg1.manus.computer/@fs/home/ubuntu/crisispath/node_modules/.vite/deps/react-dom_client.js?v=b12bdea8:12424:43)\n    at renderRootSync (https://3000-iwi3fzzw46c2utma7n3fo-5ac9c38d.sg1.manus.computer/@fs/home/ubuntu/crisispath/node_modules/.vite/deps/react-dom_client.js?v=b12bdea8:12408:13)\n    at performWorkOnRoot (https://3000-iwi3fzzw46c2utma7n3fo-5ac9c38d.sg1.manus.computer/@fs/home/ubuntu/crisispath/node_modules/.vite/deps/react-dom_client.js?v=b12bdea8:11827:37)"},"The above error occurred in the <RouterWithFeedback> component.","React will try to recreate this component tree from scratch using the error boundary you provided, ErrorBoundary."],"stack":"Error\n    at console.<computed> [as error] (https://3000-iwi3fzzw46c2utma7n3fo-5ac9c38d.sg1.manus.computer/__manus__/debug-collector.js:391:37)\n    at defaultOnCaughtError (https://3000-iwi3fzzw46c2utma7n3fo-5ac9c38d.sg1.manus.computer/@fs/home/ubuntu/crisispath/node_modules/.vite/deps/react-dom_client.js?v=b12bdea8:7001:19)\n    at logCaughtError (https://3000-iwi3fzzw46c2utma7n3fo-5ac9c38d.sg1.manus.computer/@fs/home/ubuntu/crisispath/node_modules/.vite/deps/react-dom_client.js?v=b12bdea8:7033:11)\n    at runWithFiberInDEV (https://3000-iwi3fzzw46c2utma7n3fo-5ac9c38d.sg1.manus.computer/@fs/home/ubuntu/crisispath/node_modules/.vite/deps/react-dom_client.js?v=b12bdea8:997:72)\n    at update.callback (https://3000-iwi3fzzw46c2utma7n3fo-5ac9c38d.sg1.manus.computer/@fs/home/ubuntu/crisispath/node_modules/.vite/deps/react-dom_client.js?v=b12bdea8:7066:13)\n    at callCallback (https://3000-iwi3fzzw46c2utma7n3fo-5ac9c38d.sg1.manus.computer/@fs/home/ubuntu/crisispath/node_modules/.vite/deps/react-dom_client.js?v=b12bdea8:5491:18)\n    at commitCallbacks (https://3000-iwi3fzzw46c2utma7n3fo-5ac9c38d.sg1.manus.computer/@fs/home/ubuntu/crisispath/node_modules/.vite/deps/react-dom_client.js?v=b12bdea8:5503:13)\n    at runWithFiberInDEV (https://3000-iwi3fzzw46c2utma7n3fo-5ac9c38d.sg1.manus.computer/@fs/home/ubuntu/crisispath/node_modules/.vite/deps/react-dom_client.js?v=b12bdea8:997:72)\n    at commitClassCallbacks (https://3000-iwi3fzzw46c2utma7n3fo-5ac9c38d.sg1.manus.computer/@fs/home/ubuntu/crisispath/node_modules/.vite/deps/react-dom_client.js?v=b12bdea8:9490:13)\n    at commitLayoutEffectOnFiber (https://3000-iwi3fzzw46c2utma7n3fo-5ac9c38d.sg1.manus.computer/@fs/home/ubuntu/crisispath/node_modules/.vite/deps/react-dom_client.js?v=b12bdea8:9958:27)"}
[2026-04-27T04:57:28.706Z] {"timestamp":1777265848937,"level":"DEBUG","args":["[Manus] Debug collector initialized (no rrweb, UI events only)"],"stack":null}
[2026-04-27T04:57:28.706Z] {"timestamp":1777265849196,"level":"DEBUG","args":["[vite] connected."],"stack":null}
[2026-04-27T04:57:34.895Z] {"timestamp":1777265854295,"level":"DEBUG","args":["[Manus] Debug collector initialized (no rrweb, UI events only)"],"stack":null}
[2026-04-27T04:57:34.895Z] {"timestamp":1777265854555,"level":"DEBUG","args":["[vite] connected."],"stack":null}
[2026-04-27T04:57:34.895Z] {"timestamp":1777265855239,"level":"WARN","args":["Google Maps JavaScript API has been loaded directly without loading=async. This can result in suboptimal performance. For best-practice loading patterns please see https://goo.gle/js-api-loading"],"stack":null}
[2026-04-27T04:57:34.895Z] {"timestamp":1777265855268,"level":"WARN","args":["<gmp-advanced-marker>: Please use addEventListener('gmp-click', ...) instead of addEventListener('click', ...)."],"stack":null}
[2026-04-27T04:57:46.637Z] {"timestamp":1777265864632,"level":"DEBUG","args":["[Manus] Debug collector initialized (no rrweb, UI events only)"],"stack":null}
[2026-04-27T04:57:46.637Z] {"timestamp":1777265864642,"level":"DEBUG","args":["[vite] connected."],"stack":null}
[2026-04-27T04:57:46.637Z] {"timestamp":1777265864812,"level":"INFO","args":["%cDownload the React DevTools for a better development experience: https://react.dev/link/react-devtools","font-weight:bold"],"stack":null}
[2026-04-27T04:58:24.892Z] {"timestamp":1777265904905,"level":"DEBUG","args":["[Manus] Debug collector initialized (no rrweb, UI events only)"],"stack":null}
[2026-04-27T04:58:24.892Z] {"timestamp":1777265905162,"level":"DEBUG","args":["[vite] connected."],"stack":null}
[2026-04-27T04:58:24.892Z] {"timestamp":1777265907057,"level":"WARN","args":["Google Maps JavaScript API has been loaded directly without loading=async. This can result in suboptimal performance. For best-practice loading patterns please see https://goo.gle/js-api-loading"],"stack":null}
[2026-04-27T04:58:24.892Z] {"timestamp":1777265907068,"level":"WARN","args":["<gmp-advanced-marker>: Please use addEventListener('gmp-click', ...) instead of addEventListener('click', ...)."],"stack":null}
[2026-04-27T04:58:29.897Z] {"timestamp":1777265909515,"level":"DEBUG","args":["[Manus] Debug collector initialized (no rrweb, UI events only)"],"stack":null}
[2026-04-27T04:58:29.897Z] {"timestamp":1777265909775,"level":"DEBUG","args":["[vite] connected."],"stack":null}
[2026-04-27T04:58:29.897Z] {"timestamp":1777265911631,"level":"WARN","args":["Google Maps JavaScript API has been loaded directly without loading=async. This can result in suboptimal performance. For best-practice loading patterns please see https://goo.gle/js-api-loading"],"stack":null}
[2026-04-27T04:58:29.897Z] {"timestamp":1777265911642,"level":"WARN","args":["<gmp-advanced-marker>: Please use addEventListener('gmp-click', ...) instead of addEventListener('click', ...)."],"stack":null}
[2026-04-27T04:59:16.894Z] {"timestamp":1777265956607,"level":"DEBUG","args":["[Manus] Debug collector initialized (no rrweb, UI events only)"],"stack":null}
[2026-04-27T04:59:16.894Z] {"timestamp":1777265956857,"level":"DEBUG","args":["[vite] connected."],"stack":null}
[2026-04-27T04:59:16.894Z] {"timestamp":1777265958746,"level":"WARN","args":["Google Maps JavaScript API has been loaded directly without loading=async. This can result in suboptimal performance. For best-practice loading patterns please see https://goo.gle/js-api-loading"],"stack":null}
[2026-04-27T04:59:16.894Z] {"timestamp":1777265958756,"level":"WARN","args":["<gmp-advanced-marker>: Please use addEventListener('gmp-click', ...) instead of addEventListener('click', ...)."],"stack":null}
[2026-04-27T04:59:37.895Z] {"timestamp":1777265977511,"level":"DEBUG","args":["[Manus] Debug collector initialized (no rrweb, UI events only)"],"stack":null}
[2026-04-27T04:59:37.895Z] {"timestamp":1777265977769,"level":"DEBUG","args":["[vite] connected."],"stack":null}
[2026-04-27T04:59:37.895Z] {"timestamp":1777265979638,"level":"WARN","args":["Google Maps JavaScript API has been loaded directly without loading=async. This can result in suboptimal performance. For best-practice loading patterns please see https://goo.gle/js-api-loading"],"stack":null}
[2026-04-27T04:59:37.895Z] {"timestamp":1777265979648,"level":"WARN","args":["<gmp-advanced-marker>: Please use addEventListener('gmp-click', ...) instead of addEventListener('click', ...)."],"stack":null}
[2026-04-27T04:59:41.889Z] {"timestamp":1777265984075,"level":"DEBUG","args":["[vite]","hot updated: /src/index.css"],"stack":null}
[2026-04-27T05:00:33.921Z] {"timestamp":1777266031915,"level":"DEBUG","args":["[Manus] Debug collector initialized (no rrweb, UI events only)"],"stack":null}
[2026-04-27T05:00:33.921Z] {"timestamp":1777266031926,"level":"DEBUG","args":["[vite] connected."],"stack":null}
[2026-04-27T05:00:33.921Z] {"timestamp":1777266032124,"level":"INFO","args":["%cDownload the React DevTools for a better development experience: https://react.dev/link/react-devtools","font-weight:bold"],"stack":null}
[2026-04-27T05:06:23.894Z] {"timestamp":1777266384491,"level":"DEBUG","args":["[vite]","hot updated: /src/pages/Home.tsx"],"stack":null}
[2026-04-27T05:06:23.894Z] {"timestamp":1777266384491,"level":"DEBUG","args":["[vite]","hot updated: /src/index.css"],"stack":null}
[2026-04-27T05:06:31.879Z] {"timestamp":1777266392121,"level":"DEBUG","args":["[Manus] Debug collector initialized (no rrweb, UI events only)"],"stack":null}
[2026-04-27T05:06:31.879Z] {"timestamp":1777266392372,"level":"DEBUG","args":["[vite] connected."],"stack":null}
[2026-04-27T05:06:33.880Z] {"timestamp":1777266394444,"level":"WARN","args":["Google Maps JavaScript API has been loaded directly without loading=async. This can result in suboptimal performance. For best-practice loading patterns please see https://goo.gle/js-api-loading"],"stack":null}
[2026-04-27T05:06:33.880Z] {"timestamp":1777266394460,"level":"WARN","args":["<gmp-advanced-marker>: Please use addEventListener('gmp-click', ...) instead of addEventListener('click', ...)."],"stack":null}
[2026-04-27T05:06:37.886Z] {"timestamp":1777266399298,"level":"DEBUG","args":["[vite]","hot updated: /src/pages/Home.tsx"],"stack":null}
[2026-04-27T05:06:37.886Z] {"timestamp":1777266399298,"level":"DEBUG","args":["[vite]","hot updated: /src/index.css"],"stack":null}
[2026-04-27T05:06:40.879Z] {"timestamp":1777266400879,"level":"DEBUG","args":["[Manus] Debug collector initialized (no rrweb, UI events only)"],"stack":null}
[2026-04-27T05:06:40.879Z] {"timestamp":1777266401134,"level":"DEBUG","args":["[vite] connected."],"stack":null}
[2026-04-27T05:06:40.879Z] {"timestamp":1777266403083,"level":"WARN","args":["Google Maps JavaScript API has been loaded directly without loading=async. This can result in suboptimal performance. For best-practice loading patterns please see https://goo.gle/js-api-loading"],"stack":null}
[2026-04-27T05:06:40.879Z] {"timestamp":1777266403102,"level":"WARN","args":["<gmp-advanced-marker>: Please use addEventListener('gmp-click', ...) instead of addEventListener('click', ...)."],"stack":null}
[2026-04-27T05:06:47.888Z] {"timestamp":1777266407154,"level":"DEBUG","args":["[Manus] Debug collector initialized (no rrweb, UI events only)"],"stack":null}
[2026-04-27T05:06:47.888Z] {"timestamp":1777266407402,"level":"DEBUG","args":["[vite] connected."],"stack":null}
[2026-04-27T05:06:47.888Z] {"timestamp":1777266409406,"level":"WARN","args":["Google Maps JavaScript API has been loaded directly without loading=async. This can result in suboptimal performance. For best-practice loading patterns please see https://goo.gle/js-api-loading"],"stack":null}
[2026-04-27T05:06:47.888Z] {"timestamp":1777266409416,"level":"WARN","args":["<gmp-advanced-marker>: Please use addEventListener('gmp-click', ...) instead of addEventListener('click', ...)."],"stack":null}
[2026-04-27T05:07:06.884Z] {"timestamp":1777266426014,"level":"DEBUG","args":["[Manus] Debug collector initialized (no rrweb, UI events only)"],"stack":null}
[2026-04-27T05:07:06.884Z] {"timestamp":1777266426267,"level":"DEBUG","args":["[vite] connected."],"stack":null}
[2026-04-27T05:07:06.884Z] {"timestamp":1777266428121,"level":"WARN","args":["Google Maps JavaScript API has been loaded directly without loading=async. This can result in suboptimal performance. For best-practice loading patterns please see https://goo.gle/js-api-loading"],"stack":null}
[2026-04-27T05:07:06.884Z] {"timestamp":1777266428131,"level":"WARN","args":["<gmp-advanced-marker>: Please use addEventListener('gmp-click', ...) instead of addEventListener('click', ...)."],"stack":null}
[2026-04-27T05:07:10.878Z] {"timestamp":1777266430503,"level":"DEBUG","args":["[Manus] Debug collector initialized (no rrweb, UI events only)"],"stack":null}
[2026-04-27T05:07:10.878Z] {"timestamp":1777266430752,"level":"DEBUG","args":["[vite] connected."],"stack":null}
[2026-04-27T05:07:10.878Z] {"timestamp":1777266432521,"level":"WARN","args":["Google Maps JavaScript API has been loaded directly without loading=async. This can result in suboptimal performance. For best-practice loading patterns please see https://goo.gle/js-api-loading"],"stack":null}
[2026-04-27T05:07:10.878Z] {"timestamp":1777266432531,"level":"WARN","args":["<gmp-advanced-marker>: Please use addEventListener('gmp-click', ...) instead of addEventListener('click', ...)."],"stack":null}
[2026-04-27T05:07:22.877Z] {"timestamp":1777266443969,"level":"DEBUG","args":["[vite]","hot updated: /src/pages/Home.tsx"],"stack":null}
[2026-04-27T05:07:22.877Z] {"timestamp":1777266443969,"level":"DEBUG","args":["[vite]","hot updated: /src/index.css"],"stack":null}
[2026-04-27T05:07:22.877Z] {"timestamp":1777266444149,"level":"WARN","args":["Element with name \"gmp-internal-loading-text\" already defined."],"stack":null}
[2026-04-27T05:07:22.877Z] {"timestamp":1777266444149,"level":"WARN","args":["Element with name \"gmp-internal-request-error-text\" already defined."],"stack":null}
[2026-04-27T05:07:22.877Z] {"timestamp":1777266444149,"level":"WARN","args":["Element with name \"gmp-internal-back-button\" already defined."],"stack":null}
[2026-04-27T05:07:22.877Z] {"timestamp":1777266444149,"level":"WARN","args":["Element with name \"gmp-internal-dialog\" already defined."],"stack":null}
[2026-04-27T05:07:22.877Z] {"timestamp":1777266444150,"level":"WARN","args":["Element with name \"gmp-internal-disclosure\" already defined."],"stack":null}
[2026-04-27T05:07:22.877Z] {"timestamp":1777266444150,"level":"WARN","args":["Element with name \"gmp-internal-disclosure-section\" already defined."],"stack":null}
[2026-04-27T05:07:22.877Z] {"timestamp":1777266444150,"level":"WARN","args":["Element with name \"gmp-internal-attribution\" already defined."],"stack":null}
[2026-04-27T05:07:22.877Z] {"timestamp":1777266444150,"level":"WARN","args":["Element with name \"gmp-internal-element-support-verification\" already defined."],"stack":null}
[2026-04-27T05:07:22.877Z] {"timestamp":1777266444150,"level":"ERROR","args":["You have included the Google Maps JavaScript API multiple times on this page. This may cause unexpected errors."],"stack":"Error\n    at console.<computed> [as error] (https://3000-iwi3fzzw46c2utma7n3fo-5ac9c38d.sg1.manus.computer/__manus__/debug-collector.js:391:37)\n    at Cea (https://forge.manus.ai/v1/maps/proxy/maps/api/js?key=cvZzDbPkXuMKHHX2jcgL3z&v=weekly&libraries=marker,places,geocoding,geometry:2168:273)\n    at Kea (https://forge.manus.ai/v1/maps/proxy/maps/api/js?key=cvZzDbPkXuMKHHX2jcgL3z&v=weekly&libraries=marker,places,geocoding,geometry:2161:81)\n    at google.maps.Load (https://forge.manus.ai/v1/maps/proxy/maps/api/js?key=cvZzDbPkXuMKHHX2jcgL3z&v=weekly&libraries=marker,places,geocoding,geometry:14:5)\n    at https://forge.manus.ai/v1/maps/proxy/maps/api/js?key=cvZzDbPkXuMKHHX2jcgL3z&v=weekly&libraries=marker,places,geocoding,geometry:2467:267\n    at https://forge.manus.ai/v1/maps/proxy/maps/api/js?key=cvZzDbPkXuMKHHX2jcgL3z&v=weekly&libraries=marker,places,geocoding,geometry:2467:280"}
[2026-04-27T05:07:22.877Z] {"timestamp":1777266444150,"level":"WARN","args":["Google Maps JavaScript API has been loaded directly without loading=async. This can result in suboptimal performance. For best-practice loading patterns please see https://goo.gle/js-api-loading"],"stack":null}
[2026-04-27T05:07:22.877Z] {"timestamp":1777266444151,"level":"WARN","args":["Element with name \"gmp-internal-rating\" already defined."],"stack":null}
[2026-04-27T05:07:22.877Z] {"timestamp":1777266444151,"level":"WARN","args":["Element with name \"gmp-place-all-content\" already defined."],"stack":null}
[2026-04-27T05:07:22.877Z] {"timestamp":1777266444151,"level":"WARN","args":["Element with name \"gmp-internal-link-button\" already defined."],"stack":null}
[2026-04-27T05:07:22.877Z] {"timestamp":1777266444151,"level":"WARN","args":["Element with name \"gmp-internal-menu\" already defined."],"stack":null}
[2026-04-27T05:07:22.877Z] {"timestamp":1777266444151,"level":"WARN","args":["Element with name \"gmp-internal-place-opening-hours\" already defined."],"stack":null}
[2026-04-27T05:07:22.877Z] {"timestamp":1777266444151,"level":"WARN","args":["Element with name \"gmp-internal-place-review\" already defined."],"stack":null}
[2026-04-27T05:07:22.877Z] {"timestamp":1777266444151,"level":"WARN","args":["Element with name \"gmp-internal-tabbed-layout\" already defined."],"stack":null}
[2026-04-27T05:07:22.877Z] {"timestamp":1777266444151,"level":"WARN","args":["Element with name \"gmp-internal-lightbox\" already defined."],"stack":null}
[2026-04-27T05:07:22.877Z] {"timestamp":1777266444151,"level":"WARN","args":["Element with name \"gmp-internal-collage\" already defined."],"stack":null}
[2026-04-27T05:07:22.877Z] {"timestamp":1777266444151,"level":"WARN","args":["Element with name \"gmp-internal-place-rating-summary\" already defined."],"stack":null}
[2026-04-27T05:07:22.877Z] {"timestamp":1777266444152,"level":"WARN","args":["Element with name \"gmp-place-content-config\" already defined."],"stack":null}
[2026-04-27T05:07:22.877Z] {"timestamp":1777266444152,"level":"WARN","args":["Element with name \"gmp-place-standard-content\" already defined."],"stack":null}
[2026-04-27T05:07:22.877Z] {"timestamp":1777266444152,"level":"WARN","args":["Element with name \"gmp-internal-place-basic-info\" already defined."],"stack":null}
[2026-04-27T05:07:22.877Z] {"timestamp":1777266444152,"level":"WARN","args":["Element with name \"gmp-place-details-location-request\" already defined."],"stack":null}
[2026-04-27T05:07:22.877Z] {"timestamp":1777266444152,"level":"WARN","args":["Element with name \"gmp-place-details-place-request\" already defined."],"stack":null}
[2026-04-27T05:07:22.877Z] {"timestamp":1777266444152,"level":"WARN","args":["Element with name \"gmp-internal-circular-loader\" already defined."],"stack":null}
[2026-04-27T05:07:22.877Z] {"timestamp":1777266444152,"level":"WARN","args":["Element with name \"gmp-place-details-compact\" already defined."],"stack":null}
[2026-04-27T05:07:22.877Z] {"timestamp":1777266444152,"level":"WARN","args":["Element with name \"gmp-internal-use-place-details-compact\" already defined."],"stack":null}
[2026-04-27T05:07:22.877Z] {"timestamp":1777266444152,"level":"WARN","args":["Element with name \"gmp-place-media\" already defined."],"stack":null}
[2026-04-27T05:07:22.877Z] {"timestamp":1777266444152,"level":"WARN","args":["Element with name \"gmp-place-address\" already defined."],"stack":null}
[2026-04-27T05:07:22.877Z] {"timestamp":1777266444152,"level":"WARN","args":["Element with name \"gmp-place-rating\" already defined."],"stack":null}
[2026-04-27T05:07:22.877Z] {"timestamp":1777266444152,"level":"WARN","args":["Element with name \"gmp-place-type\" already defined."],"stack":null}
[2026-04-27T05:07:22.877Z] {"timestamp":1777266444152,"level":"WARN","args":["Element with name \"gmp-place-price\" already defined."],"stack":null}
[2026-04-27T05:07:22.877Z] {"timestamp":1777266444152,"level":"WARN","args":["Element with name \"gmp-place-accessible-entrance-icon\" already defined."],"stack":null}
[2026-04-27T05:07:22.877Z] {"timestamp":1777266444152,"level":"WARN","args":["Element with name \"gmp-place-open-now-status\" already defined."],"stack":null}
[2026-04-27T05:07:22.877Z] {"timestamp":1777266444152,"level":"WARN","args":["Element with name \"gmp-place-attribution\" already defined."],"stack":null}
[2026-04-27T05:07:22.877Z] {"timestamp":1777266444152,"level":"WARN","args":["Element with name \"gmp-place-website\" already defined."],"stack":null}
[2026-04-27T05:07:22.877Z] {"timestamp":1777266444152,"level":"WARN","args":["Element with name \"gmp-place-phone-number\" already defined."],"stack":null}
[2026-04-27T05:07:22.877Z] {"timestamp":1777266444152,"level":"WARN","args":["Element with name \"gmp-place-opening-hours\" already defined."],"stack":null}
[2026-04-27T05:07:22.877Z] {"timestamp":1777266444152,"level":"WARN","args":["Element with name \"gmp-place-summary\" already defined."],"stack":null}
[2026-04-27T05:07:22.877Z] {"timestamp":1777266444152,"level":"WARN","args":["Element with name \"gmp-place-type-specific-highlights\" already defined."],"stack":null}
[2026-04-27T05:07:22.877Z] {"timestamp":1777266444152,"level":"WARN","args":["Element with name \"gmp-place-review-summary\" already defined."],"stack":null}
[2026-04-27T05:07:22.877Z] {"timestamp":1777266444152,"level":"WARN","args":["Element with name \"gmp-place-reviews\" already defined."],"stack":null}
[2026-04-27T05:07:22.877Z] {"timestamp":1777266444152,"level":"WARN","args":["Element with name \"gmp-place-plus-code\" already defined."],"stack":null}
[2026-04-27T05:07:22.877Z] {"timestamp":1777266444152,"level":"WARN","args":["Element with name \"gmp-place-feature-list\" already defined."],"stack":null}
[2026-04-27T05:07:22.877Z] {"timestamp":1777266444152,"level":"WARN","args":["Element with name \"gmp-place-details\" already defined."],"stack":null}
[2026-04-27T05:07:22.877Z] {"timestamp":1777266444152,"level":"WARN","args":["Element with name \"gmp-internal-place-carousel\" already defined."],"stack":null}
[2026-04-27T05:07:22.877Z] {"timestamp":1777266444153,"level":"WARN","args":["Element with name \"gmp-internal-place-search-list-item\" already defined."],"stack":null}
[2026-04-27T05:07:22.877Z] {"timestamp":1777266444153,"level":"WARN","args":["Element with name \"gmp-place-nearby-search-request\" already defined."],"stack":null}
[2026-04-27T05:07:22.877Z] {"timestamp":1777266444153,"level":"WARN","args":["Element with name \"gmp-place-text-search-request\" already defined."],"stack":null}
[2026-04-27T05:07:22.877Z] {"timestamp":1777266444153,"level":"WARN","args":["Element with name \"gmp-place-search\" already defined."],"stack":null}
[2026-04-27T05:07:22.877Z] {"timestamp":1777266444156,"level":"WARN","args":["Element with name \"gmp-pin\" already defined."],"stack":null}
[2026-04-27T05:07:22.877Z] {"timestamp":1777266444156,"level":"WARN","args":["Element with name \"gmp-internal-use-am\" already defined."],"stack":null}
[2026-04-27T05:07:22.877Z] {"timestamp":1777266444157,"level":"WARN","args":["Element with name \"gmp-map\" already defined."],"stack":null}
[2026-04-27T05:07:22.877Z] {"timestamp":1777266444157,"level":"WARN","args":["Element with name \"gmp-advanced-marker\" already defined."],"stack":null}
[2026-04-27T05:07:22.877Z] {"timestamp":1777266444157,"level":"WARN","args":["Element with name \"gmp-place-autocomplete\" already defined."],"stack":null}
[2026-04-27T05:07:22.877Z] {"timestamp":1777266444157,"level":"WARN","args":["Element with name \"gmp-basic-place-autocomplete\" already defined."],"stack":null}
[2026-04-27T05:07:22.877Z] {"timestamp":1777266444161,"level":"WARN","args":["<gmp-advanced-marker-nondeterministic-duplicate1>: Please use addEventListener('gmp-click', ...) instead of addEventListener('click', ...)."],"stack":null}
[2026-04-27T05:07:39.896Z] {"timestamp":1777266459913,"level":"DEBUG","args":["[Manus] Debug collector initialized (no rrweb, UI events only)"],"stack":null}
[2026-04-27T05:07:39.896Z] {"timestamp":1777266460158,"level":"DEBUG","args":["[vite] connected."],"stack":null}
[2026-04-27T05:07:41.881Z] {"timestamp":1777266462159,"level":"WARN","args":["Google Maps JavaScript API has been loaded directly without loading=async. This can result in suboptimal performance. For best-practice loading patterns please see https://goo.gle/js-api-loading"],"stack":null}
[2026-04-27T05:07:41.881Z] {"timestamp":1777266462169,"level":"WARN","args":["<gmp-advanced-marker>: Please use addEventListener('gmp-click', ...) instead of addEventListener('click', ...)."],"stack":null}
[2026-04-27T05:08:04.886Z] {"timestamp":1777266484741,"level":"DEBUG","args":["[Manus] Debug collector initialized (no rrweb, UI events only)"],"stack":null}
[2026-04-27T05:08:04.886Z] {"timestamp":1777266484992,"level":"DEBUG","args":["[vite] connected."],"stack":null}
[2026-04-27T05:08:04.886Z] {"timestamp":1777266486892,"level":"WARN","args":["Google Maps JavaScript API has been loaded directly without loading=async. This can result in suboptimal performance. For best-practice loading patterns please see https://goo.gle/js-api-loading"],"stack":null}
[2026-04-27T05:08:04.886Z] {"timestamp":1777266486903,"level":"WARN","args":["<gmp-advanced-marker>: Please use addEventListener('gmp-click', ...) instead of addEventListener('click', ...)."],"stack":null}
[2026-04-27T05:10:28.881Z] {"timestamp":1777266604842,"level":"DEBUG","args":["[vite]","hot updated: /src/index.css"],"stack":null}
[2026-04-27T05:10:53.564Z] {"timestamp":1777266651558,"level":"DEBUG","args":["[Manus] Debug collector initialized (no rrweb, UI events only)"],"stack":null}
[2026-04-27T05:10:53.564Z] {"timestamp":1777266651570,"level":"DEBUG","args":["[vite] connected."],"stack":null}
[2026-04-27T05:10:53.564Z] {"timestamp":1777266651804,"level":"INFO","args":["%cDownload the React DevTools for a better development experience: https://react.dev/link/react-devtools","font-weight:bold"],"stack":null}
[2026-04-27T05:12:46.565Z] {"timestamp":1777266768590,"level":"WARN","args":["Element with name \"gmp-internal-loading-text\" already defined."],"stack":null}
[2026-04-27T05:12:46.565Z] {"timestamp":1777266768590,"level":"WARN","args":["Element with name \"gmp-internal-request-error-text\" already defined."],"stack":null}
[2026-04-27T05:12:46.565Z] {"timestamp":1777266768591,"level":"WARN","args":["Element with name \"gmp-internal-back-button\" already defined."],"stack":null}
[2026-04-27T05:12:46.565Z] {"timestamp":1777266768591,"level":"WARN","args":["Element with name \"gmp-internal-dialog\" already defined."],"stack":null}
[2026-04-27T05:12:46.565Z] {"timestamp":1777266768591,"level":"WARN","args":["Element with name \"gmp-internal-disclosure\" already defined."],"stack":null}
[2026-04-27T05:12:46.565Z] {"timestamp":1777266768591,"level":"WARN","args":["Element with name \"gmp-internal-disclosure-section\" already defined."],"stack":null}
[2026-04-27T05:12:46.565Z] {"timestamp":1777266768591,"level":"WARN","args":["Element with name \"gmp-internal-attribution\" already defined."],"stack":null}
[2026-04-27T05:12:46.565Z] {"timestamp":1777266768592,"level":"WARN","args":["Element with name \"gmp-internal-element-support-verification\" already defined."],"stack":null}
[2026-04-27T05:12:46.565Z] {"timestamp":1777266768592,"level":"ERROR","args":["You have included the Google Maps JavaScript API multiple times on this page. This may cause unexpected errors."],"stack":"Error\n    at console.<computed> [as error] (https://3000-iwi3fzzw46c2utma7n3fo-5ac9c38d.sg1.manus.computer/__manus__/debug-collector.js:391:37)\n    at Cea (https://forge.manus.ai/v1/maps/proxy/maps/api/js?key=cvZzDbPkXuMKHHX2jcgL3z&v=weekly&libraries=marker,places,geocoding,geometry:2168:273)\n    at Kea (https://forge.manus.ai/v1/maps/proxy/maps/api/js?key=cvZzDbPkXuMKHHX2jcgL3z&v=weekly&libraries=marker,places,geocoding,geometry:2161:81)\n    at google.maps.Load (https://forge.manus.ai/v1/maps/proxy/maps/api/js?key=cvZzDbPkXuMKHHX2jcgL3z&v=weekly&libraries=marker,places,geocoding,geometry:14:5)\n    at https://forge.manus.ai/v1/maps/proxy/maps/api/js?key=cvZzDbPkXuMKHHX2jcgL3z&v=weekly&libraries=marker,places,geocoding,geometry:2467:267\n    at https://forge.manus.ai/v1/maps/proxy/maps/api/js?key=cvZzDbPkXuMKHHX2jcgL3z&v=weekly&libraries=marker,places,geocoding,geometry:2467:280"}
[2026-04-27T05:12:46.565Z] {"timestamp":1777266768617,"level":"WARN","args":["Google Maps JavaScript API has been loaded directly without loading=async. This can result in suboptimal performance. For best-practice loading patterns please see https://goo.gle/js-api-loading"],"stack":null}
[2026-04-27T05:12:46.565Z] {"timestamp":1777266768618,"level":"WARN","args":["Element with name \"gmp-internal-rating\" already defined."],"stack":null}
[2026-04-27T05:12:46.565Z] {"timestamp":1777266768618,"level":"WARN","args":["Element with name \"gmp-place-all-content\" already defined."],"stack":null}
[2026-04-27T05:12:46.565Z] {"timestamp":1777266768618,"level":"WARN","args":["Element with name \"gmp-internal-link-button\" already defined."],"stack":null}
[2026-04-27T05:12:46.565Z] {"timestamp":1777266768618,"level":"WARN","args":["Element with name \"gmp-internal-menu\" already defined."],"stack":null}
[2026-04-27T05:12:46.565Z] {"timestamp":1777266768618,"level":"WARN","args":["Element with name \"gmp-internal-place-opening-hours\" already defined."],"stack":null}
[2026-04-27T05:12:46.565Z] {"timestamp":1777266768618,"level":"WARN","args":["Element with name \"gmp-internal-place-review\" already defined."],"stack":null}
[2026-04-27T05:12:46.565Z] {"timestamp":1777266768618,"level":"WARN","args":["Element with name \"gmp-internal-tabbed-layout\" already defined."],"stack":null}
[2026-04-27T05:12:46.565Z] {"timestamp":1777266768618,"level":"WARN","args":["Element with name \"gmp-internal-lightbox\" already defined."],"stack":null}
[2026-04-27T05:12:46.565Z] {"timestamp":1777266768618,"level":"WARN","args":["Element with name \"gmp-internal-collage\" already defined."],"stack":null}
[2026-04-27T05:12:46.565Z] {"timestamp":1777266768618,"level":"WARN","args":["Element with name \"gmp-internal-place-rating-summary\" already defined."],"stack":null}
[2026-04-27T05:12:46.565Z] {"timestamp":1777266768619,"level":"WARN","args":["Element with name \"gmp-place-content-config\" already defined."],"stack":null}
[2026-04-27T05:12:46.565Z] {"timestamp":1777266768619,"level":"WARN","args":["Element with name \"gmp-place-standard-content\" already defined."],"stack":null}
[2026-04-27T05:12:46.565Z] {"timestamp":1777266768619,"level":"WARN","args":["Element with name \"gmp-internal-place-basic-info\" already defined."],"stack":null}
[2026-04-27T05:12:46.565Z] {"timestamp":1777266768619,"level":"WARN","args":["Element with name \"gmp-place-details-location-request\" already defined."],"stack":null}
[2026-04-27T05:12:46.565Z] {"timestamp":1777266768619,"level":"WARN","args":["Element with name \"gmp-place-details-place-request\" already defined."],"stack":null}
[2026-04-27T05:12:46.565Z] {"timestamp":1777266768619,"level":"WARN","args":["Element with name \"gmp-internal-circular-loader\" already defined."],"stack":null}
[2026-04-27T05:12:46.565Z] {"timestamp":1777266768619,"level":"WARN","args":["Element with name \"gmp-place-details-compact\" already defined."],"stack":null}
[2026-04-27T05:12:46.565Z] {"timestamp":1777266768619,"level":"WARN","args":["Element with name \"gmp-internal-use-place-details-compact\" already defined."],"stack":null}
[2026-04-27T05:12:46.565Z] {"timestamp":1777266768619,"level":"WARN","args":["Element with name \"gmp-place-media\" already defined."],"stack":null}
[2026-04-27T05:12:46.565Z] {"timestamp":1777266768619,"level":"WARN","args":["Element with name \"gmp-place-address\" already defined."],"stack":null}
[2026-04-27T05:12:46.565Z] {"timestamp":1777266768619,"level":"WARN","args":["Element with name \"gmp-place-rating\" already defined."],"stack":null}
[2026-04-27T05:12:46.565Z] {"timestamp":1777266768619,"level":"WARN","args":["Element with name \"gmp-place-type\" already defined."],"stack":null}
[2026-04-27T05:12:46.565Z] {"timestamp":1777266768619,"level":"WARN","args":["Element with name \"gmp-place-price\" already defined."],"stack":null}
[2026-04-27T05:12:46.565Z] {"timestamp":1777266768619,"level":"WARN","args":["Element with name \"gmp-place-accessible-entrance-icon\" already defined."],"stack":null}
[2026-04-27T05:12:46.565Z] {"timestamp":1777266768619,"level":"WARN","args":["Element with name \"gmp-place-open-now-status\" already defined."],"stack":null}
[2026-04-27T05:12:46.565Z] {"timestamp":1777266768619,"level":"WARN","args":["Element with name \"gmp-place-attribution\" already defined."],"stack":null}
[2026-04-27T05:12:46.565Z] {"timestamp":1777266768619,"level":"WARN","args":["Element with name \"gmp-place-website\" already defined."],"stack":null}
[2026-04-27T05:12:46.565Z] {"timestamp":1777266768620,"level":"WARN","args":["Element with name \"gmp-place-phone-number\" already defined."],"stack":null}
[2026-04-27T05:12:46.565Z] {"timestamp":1777266768620,"level":"WARN","args":["Element with name \"gmp-place-opening-hours\" already defined."],"stack":null}
[2026-04-27T05:12:46.565Z] {"timestamp":1777266768620,"level":"WARN","args":["Element with name \"gmp-place-summary\" already defined."],"stack":null}
[2026-04-27T05:12:46.565Z] {"timestamp":1777266768620,"level":"WARN","args":["Element with name \"gmp-place-type-specific-highlights\" already defined."],"stack":null}
[2026-04-27T05:12:46.565Z] {"timestamp":1777266768620,"level":"WARN","args":["Element with name \"gmp-place-review-summary\" already defined."],"stack":null}
[2026-04-27T05:12:46.565Z] {"timestamp":1777266768620,"level":"WARN","args":["Element with name \"gmp-place-reviews\" already defined."],"stack":null}
[2026-04-27T05:12:46.565Z] {"timestamp":1777266768620,"level":"WARN","args":["Element with name \"gmp-place-plus-code\" already defined."],"stack":null}
[2026-04-27T05:12:46.565Z] {"timestamp":1777266768620,"level":"WARN","args":["Element with name \"gmp-place-feature-list\" already defined."],"stack":null}
[2026-04-27T05:12:46.565Z] {"timestamp":1777266768620,"level":"WARN","args":["Element with name \"gmp-place-details\" already defined."],"stack":null}
[2026-04-27T05:12:46.565Z] {"timestamp":1777266768620,"level":"WARN","args":["Element with name \"gmp-internal-place-carousel\" already defined."],"stack":null}
[2026-04-27T05:12:46.565Z] {"timestamp":1777266768620,"level":"WARN","args":["Element with name \"gmp-internal-place-search-list-item\" already defined."],"stack":null}
[2026-04-27T05:12:46.565Z] {"timestamp":1777266768620,"level":"WARN","args":["Element with name \"gmp-place-nearby-search-request\" already defined."],"stack":null}
[2026-04-27T05:12:46.565Z] {"timestamp":1777266768620,"level":"WARN","args":["Element with name \"gmp-place-text-search-request\" already defined."],"stack":null}
[2026-04-27T05:12:46.565Z] {"timestamp":1777266768620,"level":"WARN","args":["Element with name \"gmp-place-search\" already defined."],"stack":null}
[2026-04-27T05:12:46.565Z] {"timestamp":1777266768624,"level":"WARN","args":["Element with name \"gmp-pin\" already defined."],"stack":null}
[2026-04-27T05:12:46.565Z] {"timestamp":1777266768626,"level":"WARN","args":["Element with name \"gmp-internal-use-am\" already defined."],"stack":null}
[2026-04-27T05:12:46.565Z] {"timestamp":1777266768627,"level":"WARN","args":["Element with name \"gmp-map\" already defined."],"stack":null}
[2026-04-27T05:12:46.565Z] {"timestamp":1777266768627,"level":"WARN","args":["Element with name \"gmp-advanced-marker\" already defined."],"stack":null}
[2026-04-27T05:12:46.565Z] {"timestamp":1777266768627,"level":"WARN","args":["Element with name \"gmp-place-autocomplete\" already defined."],"stack":null}
[2026-04-27T05:12:46.565Z] {"timestamp":1777266768627,"level":"WARN","args":["Element with name \"gmp-basic-place-autocomplete\" already defined."],"stack":null}
[2026-04-27T05:12:46.565Z] {"timestamp":1777266768632,"level":"WARN","args":["<gmp-advanced-marker-nondeterministic-duplicate1>: Please use addEventListener('gmp-click', ...) instead of addEventListener('click', ...)."],"stack":null}
[2026-04-27T05:12:48.562Z] {"timestamp":1777266769062,"level":"WARN","args":["Element with name \"gmp-internal-camera-control\" already defined."],"stack":null}
[2026-04-27T05:13:12.871Z] {"timestamp":1777266795055,"level":"DEBUG","args":["[vite]","hot updated: /src/pages/Home.tsx"],"stack":null}
[2026-04-27T05:13:12.871Z] {"timestamp":1777266795055,"level":"DEBUG","args":["[vite]","hot updated: /src/index.css"],"stack":null}
[2026-04-27T05:13:20.872Z] {"timestamp":1777266800455,"level":"DEBUG","args":["[Manus] Debug collector initialized (no rrweb, UI events only)"],"stack":null}
[2026-04-27T05:13:20.872Z] {"timestamp":1777266800711,"level":"DEBUG","args":["[vite] connected."],"stack":null}
[2026-04-27T05:13:20.872Z] {"timestamp":1777266802777,"level":"WARN","args":["Google Maps JavaScript API has been loaded directly without loading=async. This can result in suboptimal performance. For best-practice loading patterns please see https://goo.gle/js-api-loading"],"stack":null}
[2026-04-27T05:13:20.872Z] {"timestamp":1777266802790,"level":"WARN","args":["<gmp-advanced-marker>: Please use addEventListener('gmp-click', ...) instead of addEventListener('click', ...)."],"stack":null}
[2026-04-27T05:13:33.874Z] {"timestamp":1777266813552,"level":"DEBUG","args":["[Manus] Debug collector initialized (no rrweb, UI events only)"],"stack":null}
[2026-04-27T05:13:33.874Z] {"timestamp":1777266813796,"level":"DEBUG","args":["[vite] connected."],"stack":null}
[2026-04-27T05:13:33.874Z] {"timestamp":1777266815750,"level":"WARN","args":["Google Maps JavaScript API has been loaded directly without loading=async. This can result in suboptimal performance. For best-practice loading patterns please see https://goo.gle/js-api-loading"],"stack":null}
[2026-04-27T05:13:33.874Z] {"timestamp":1777266815766,"level":"WARN","args":["<gmp-advanced-marker>: Please use addEventListener('gmp-click', ...) instead of addEventListener('click', ...)."],"stack":null}
[2026-04-27T05:13:55.883Z] {"timestamp":1777266836413,"level":"DEBUG","args":["[vite]","hot updated: /src/index.css"],"stack":null}
[2026-04-27T05:14:47.101Z] {"timestamp":1777266885095,"level":"DEBUG","args":["[Manus] Debug collector initialized (no rrweb, UI events only)"],"stack":null}
[2026-04-27T05:14:47.101Z] {"timestamp":1777266885107,"level":"DEBUG","args":["[vite] connected."],"stack":null}
[2026-04-27T05:14:47.101Z] {"timestamp":1777266885326,"level":"INFO","args":["%cDownload the React DevTools for a better development experience: https://react.dev/link/react-devtools","font-weight:bold"],"stack":null}
[2026-04-27T05:16:13.871Z] {"timestamp":1777266974391,"level":"ERROR","args":["[vite]","Failed to reload /src/pages/Home.tsx. This could be due to syntax errors or importing non-existent modules. (see errors above)"],"stack":"Error\n    at console.<computed> [as error] (https://3000-iwi3fzzw46c2utma7n3fo-5ac9c38d.sg1.manus.computer/__manus__/debug-collector.js:391:37)\n    at Object.error (https://3000-iwi3fzzw46c2utma7n3fo-5ac9c38d.sg1.manus.computer/@vite/client:809:26)\n    at HMRClient.warnFailedUpdate (https://3000-iwi3fzzw46c2utma7n3fo-5ac9c38d.sg1.manus.computer/@vite/client:181:15)\n    at HMRClient.fetchUpdate (https://3000-iwi3fzzw46c2utma7n3fo-5ac9c38d.sg1.manus.computer/@vite/client:212:10)\n    at async Promise.all (index 0)\n    at async HMRClient.queueUpdate (https://3000-iwi3fzzw46c2utma7n3fo-5ac9c38d.sg1.manus.computer/@vite/client:196:5)\n    at async Promise.all (index 0)\n    at async handleMessage (https://3000-iwi3fzzw46c2utma7n3fo-5ac9c38d.sg1.manus.computer/@vite/client:838:4)"}
[2026-04-27T05:16:13.871Z] {"timestamp":1777266974539,"level":"DEBUG","args":["[vite]","hot updated: /src/pages/Home.tsx"],"stack":null}
[2026-04-27T05:16:13.871Z] {"timestamp":1777266974539,"level":"DEBUG","args":["[vite]","hot updated: /src/index.css"],"stack":null}
[2026-04-27T05:16:21.883Z] {"timestamp":1777266981492,"level":"DEBUG","args":["[Manus] Debug collector initialized (no rrweb, UI events only)"],"stack":null}
[2026-04-27T05:16:21.883Z] {"timestamp":1777266981745,"level":"DEBUG","args":["[vite] connected."],"stack":null}
[2026-04-27T05:16:34.874Z] {"timestamp":1777266994284,"level":"DEBUG","args":["[Manus] Debug collector initialized (no rrweb, UI events only)"],"stack":null}
[2026-04-27T05:16:34.874Z] {"timestamp":1777266994536,"level":"DEBUG","args":["[vite] connected."],"stack":null}
[2026-04-27T05:16:34.874Z] {"timestamp":1777266996659,"level":"WARN","args":["Google Maps JavaScript API has been loaded directly without loading=async. This can result in suboptimal performance. For best-practice loading patterns please see https://goo.gle/js-api-loading"],"stack":null}
[2026-04-27T05:16:34.874Z] {"timestamp":1777266996670,"level":"WARN","args":["<gmp-advanced-marker>: Please use addEventListener('gmp-click', ...) instead of addEventListener('click', ...)."],"stack":null}
[2026-04-27T05:16:48.877Z] {"timestamp":1777267008488,"level":"DEBUG","args":["[Manus] Debug collector initialized (no rrweb, UI events only)"],"stack":null}
[2026-04-27T05:16:48.877Z] {"timestamp":1777267008736,"level":"DEBUG","args":["[vite] connected."],"stack":null}
[2026-04-27T05:16:48.877Z] {"timestamp":1777267010691,"level":"WARN","args":["Google Maps JavaScript API has been loaded directly without loading=async. This can result in suboptimal performance. For best-practice loading patterns please see https://goo.gle/js-api-loading"],"stack":null}
[2026-04-27T05:16:48.878Z] {"timestamp":1777267010703,"level":"WARN","args":["<gmp-advanced-marker>: Please use addEventListener('gmp-click', ...) instead of addEventListener('click', ...)."],"stack":null}
[2026-04-27T05:17:18.881Z] {"timestamp":1777267038659,"level":"DEBUG","args":["[Manus] Debug collector initialized (no rrweb, UI events only)"],"stack":null}
[2026-04-27T05:17:18.881Z] {"timestamp":1777267038911,"level":"DEBUG","args":["[vite] connected."],"stack":null}
[2026-04-27T05:17:18.881Z] {"timestamp":1777267039625,"level":"WARN","args":["Google Maps JavaScript API has been loaded directly without loading=async. This can result in suboptimal performance. For best-practice loading patterns please see https://goo.gle/js-api-loading"],"stack":null}
[2026-04-27T05:17:18.881Z] {"timestamp":1777267039645,"level":"WARN","args":["<gmp-advanced-marker>: Please use addEventListener('gmp-click', ...) instead of addEventListener('click', ...)."],"stack":null}
[2026-04-27T07:12:39.357Z] {"timestamp":1777273957352,"level":"DEBUG","args":["[Manus] Debug collector initialized (no rrweb, UI events only)"],"stack":null}
[2026-04-27T07:12:39.358Z] {"timestamp":1777273957360,"level":"DEBUG","args":["[vite] connected."],"stack":null}
[2026-04-27T07:12:39.358Z] {"timestamp":1777273957556,"level":"INFO","args":["%cDownload the React DevTools for a better development experience: https://react.dev/link/react-devtools","font-weight:bold"],"stack":null}
[2026-04-27T07:22:53.501Z] {"timestamp":1777274571495,"level":"DEBUG","args":["[Manus] Debug collector initialized (no rrweb, UI events only)"],"stack":null}
[2026-04-27T07:22:53.501Z] {"timestamp":1777274571543,"level":"DEBUG","args":["[vite] connected."],"stack":null}
[2026-04-27T07:22:53.501Z] {"timestamp":1777274571704,"level":"INFO","args":["%cDownload the React DevTools for a better development experience: https://react.dev/link/react-devtools","font-weight:bold"],"stack":null}
[2026-04-27T07:24:36.798Z] {"timestamp":1777274674792,"level":"DEBUG","args":["[Manus] Debug collector initialized (no rrweb, UI events only)"],"stack":null}
[2026-04-27T07:24:36.798Z] {"timestamp":1777274674799,"level":"DEBUG","args":["[vite] connected."],"stack":null}
[2026-04-27T07:24:36.798Z] {"timestamp":1777274674983,"level":"INFO","args":["%cDownload the React DevTools for a better development experience: https://react.dev/link/react-devtools","font-weight:bold"],"stack":null}
[2026-04-27T07:27:10.634Z] {"timestamp":1777274827305,"level":"DEBUG","args":["[Manus] Debug collector initialized (no rrweb, UI events only)"],"stack":null}
[2026-04-27T07:27:10.634Z] {"timestamp":1777274827597,"level":"DEBUG","args":["[vite] connected."],"stack":null}
[2026-04-27T07:27:13.634Z] {"timestamp":1777274830824,"level":"DEBUG","args":["[Manus] Debug collector initialized (no rrweb, UI events only)"],"stack":null}
[2026-04-27T07:27:13.634Z] {"timestamp":1777274831108,"level":"DEBUG","args":["[vite] connected."],"stack":null}
[2026-04-27T12:49:21.598Z] {"timestamp":1777294159583,"level":"DEBUG","args":["[Manus] Debug collector initialized (no rrweb, UI events only)"],"stack":null}
[2026-04-27T12:49:21.598Z] {"timestamp":1777294159595,"level":"DEBUG","args":["[vite] connected."],"stack":null}
[2026-04-27T12:49:21.598Z] {"timestamp":1777294161214,"level":"INFO","args":["%cDownload the React DevTools for a better development experience: https://react.dev/link/react-devtools","font-weight:bold"],"stack":null}
[2026-04-27T12:52:34.182Z] {"timestamp":1777294351588,"level":"DEBUG","args":["[Manus] Debug collector initialized (no rrweb, UI events only)"],"stack":null}
[2026-04-27T12:52:34.182Z] {"timestamp":1777294351884,"level":"DEBUG","args":["[vite] connected."],"stack":null}
[2026-04-27T12:53:14.992Z] {"timestamp":1777294392987,"level":"DEBUG","args":["[Manus] Debug collector initialized (no rrweb, UI events only)"],"stack":null}
[2026-04-27T12:53:14.992Z] {"timestamp":1777294392995,"level":"DEBUG","args":["[vite] connected."],"stack":null}
[2026-04-27T12:53:14.992Z] {"timestamp":1777294393198,"level":"INFO","args":["%cDownload the React DevTools for a better development experience: https://react.dev/link/react-devtools","font-weight:bold"],"stack":null}
[2026-04-27T22:49:25.714Z] {"timestamp":1777330163656,"level":"DEBUG","args":["[Manus] Debug collector initialized (no rrweb, UI events only)"],"stack":null}
[2026-04-27T22:49:25.714Z] {"timestamp":1777330163663,"level":"DEBUG","args":["[vite] connected."],"stack":null}
[2026-04-27T22:49:25.714Z] {"timestamp":1777330165362,"level":"INFO","args":["%cDownload the React DevTools for a better development experience: https://react.dev/link/react-devtools","font-weight:bold"],"stack":null}
[2026-04-27T23:03:49.317Z] {"timestamp":1777331027299,"level":"DEBUG","args":["[Manus] Debug collector initialized (no rrweb, UI events only)"],"stack":null}
[2026-04-27T23:03:49.317Z] {"timestamp":1777331027313,"level":"DEBUG","args":["[vite] connected."],"stack":null}
[2026-04-27T23:03:49.317Z] {"timestamp":1777331029014,"level":"INFO","args":["%cDownload the React DevTools for a better development experience: https://react.dev/link/react-devtools","font-weight:bold"],"stack":null}
[2026-04-27T23:07:04.800Z] {"timestamp":1777331222794,"level":"DEBUG","args":["[Manus] Debug collector initialized (no rrweb, UI events only)"],"stack":null}
[2026-04-27T23:07:04.800Z] {"timestamp":1777331222812,"level":"DEBUG","args":["[vite] connected."],"stack":null}
[2026-04-27T23:07:04.800Z] {"timestamp":1777331223022,"level":"INFO","args":["%cDownload the React DevTools for a better development experience: https://react.dev/link/react-devtools","font-weight:bold"],"stack":null}
[2026-04-27T23:10:31.278Z] {"timestamp":1777331429272,"level":"DEBUG","args":["[Manus] Debug collector initialized (no rrweb, UI events only)"],"stack":null}
[2026-04-27T23:10:31.278Z] {"timestamp":1777331429332,"level":"DEBUG","args":["[vite] connected."],"stack":null}
[2026-04-27T23:10:31.278Z] {"timestamp":1777331429519,"level":"INFO","args":["%cDownload the React DevTools for a better development experience: https://react.dev/link/react-devtools","font-weight:bold"],"stack":null}
[2026-04-27T23:12:41.258Z] {"timestamp":1777331559252,"level":"DEBUG","args":["[Manus] Debug collector initialized (no rrweb, UI events only)"],"stack":null}
[2026-04-27T23:12:41.258Z] {"timestamp":1777331559270,"level":"DEBUG","args":["[vite] connected."],"stack":null}
[2026-04-27T23:12:41.258Z] {"timestamp":1777331559499,"level":"INFO","args":["%cDownload the React DevTools for a better development experience: https://react.dev/link/react-devtools","font-weight:bold"],"stack":null}
[2026-04-27T23:21:03.525Z] {"timestamp":1777332061506,"level":"DEBUG","args":["[Manus] Debug collector initialized (no rrweb, UI events only)"],"stack":null}
[2026-04-27T23:21:03.525Z] {"timestamp":1777332061516,"level":"DEBUG","args":["[vite] connected."],"stack":null}
[2026-04-27T23:21:07.011Z] {"timestamp":1777332065005,"level":"DEBUG","args":["[Manus] Debug collector initialized (no rrweb, UI events only)"],"stack":null}
[2026-04-27T23:21:07.011Z] {"timestamp":1777332065079,"level":"DEBUG","args":["[vite] connected."],"stack":null}
[2026-04-27T23:21:07.011Z] {"timestamp":1777332065262,"level":"INFO","args":["%cDownload the React DevTools for a better development experience: https://react.dev/link/react-devtools","font-weight:bold"],"stack":null}
[2026-04-27T23:22:02.896Z] {"timestamp":1777332120891,"level":"DEBUG","args":["[Manus] Debug collector initialized (no rrweb, UI events only)"],"stack":null}
[2026-04-27T23:22:02.896Z] {"timestamp":1777332120902,"level":"DEBUG","args":["[vite] connected."],"stack":null}
[2026-04-27T23:22:02.896Z] {"timestamp":1777332121110,"level":"INFO","args":["%cDownload the React DevTools for a better development experience: https://react.dev/link/react-devtools","font-weight:bold"],"stack":null}
[2026-04-27T23:23:34.434Z] {"timestamp":1777332212429,"level":"DEBUG","args":["[Manus] Debug collector initialized (no rrweb, UI events only)"],"stack":null}
[2026-04-27T23:23:34.434Z] {"timestamp":1777332212605,"level":"DEBUG","args":["[vite] connected."],"stack":null}
[2026-04-27T23:23:34.434Z] {"timestamp":1777332212780,"level":"INFO","args":["%cDownload the React DevTools for a better development experience: https://react.dev/link/react-devtools","font-weight:bold"],"stack":null}
[2026-04-27T23:25:26.469Z] {"timestamp":1777332324463,"level":"DEBUG","args":["[Manus] Debug collector initialized (no rrweb, UI events only)"],"stack":null}
[2026-04-27T23:25:26.469Z] {"timestamp":1777332324477,"level":"DEBUG","args":["[vite] connected."],"stack":null}
[2026-04-27T23:25:26.469Z] {"timestamp":1777332324756,"level":"INFO","args":["%cDownload the React DevTools for a better development experience: https://react.dev/link/react-devtools","font-weight:bold"],"stack":null}
[2026-04-27T23:31:58.292Z] {"timestamp":1777332716287,"level":"DEBUG","args":["[Manus] Debug collector initialized (no rrweb, UI events only)"],"stack":null}
[2026-04-27T23:31:58.292Z] {"timestamp":1777332716297,"level":"DEBUG","args":["[vite] connected."],"stack":null}
[2026-04-27T23:31:58.292Z] {"timestamp":1777332716495,"level":"INFO","args":["%cDownload the React DevTools for a better development experience: https://react.dev/link/react-devtools","font-weight:bold"],"stack":null}
[2026-04-27T23:33:17.274Z] {"timestamp":1777332795269,"level":"DEBUG","args":["[Manus] Debug collector initialized (no rrweb, UI events only)"],"stack":null}
[2026-04-27T23:33:17.274Z] {"timestamp":1777332795282,"level":"DEBUG","args":["[vite] connected."],"stack":null}
[2026-04-27T23:33:17.274Z] {"timestamp":1777332795508,"level":"INFO","args":["%cDownload the React DevTools for a better development experience: https://react.dev/link/react-devtools","font-weight:bold"],"stack":null}
[2026-04-27T23:37:59.238Z] {"timestamp":1777333077224,"level":"DEBUG","args":["[Manus] Debug collector initialized (no rrweb, UI events only)"],"stack":null}
[2026-04-27T23:37:59.238Z] {"timestamp":1777333077237,"level":"DEBUG","args":["[vite] connected."],"stack":null}
[2026-04-27T23:37:59.238Z] {"timestamp":1777333078959,"level":"INFO","args":["%cDownload the React DevTools for a better development experience: https://react.dev/link/react-devtools","font-weight:bold"],"stack":null}
[2026-04-27T23:40:34.905Z] {"timestamp":1777333232898,"level":"DEBUG","args":["[Manus] Debug collector initialized (no rrweb, UI events only)"],"stack":null}
[2026-04-27T23:40:34.905Z] {"timestamp":1777333232922,"level":"DEBUG","args":["[vite] connected."],"stack":null}
[2026-04-27T23:40:34.905Z] {"timestamp":1777333233096,"level":"INFO","args":["%cDownload the React DevTools for a better development experience: https://react.dev/link/react-devtools","font-weight:bold"],"stack":null}
[2026-04-28T01:11:31.271Z] {"timestamp":1777338689596,"level":"DEBUG","args":["[Manus] Debug collector initialized (no rrweb, UI events only)"],"stack":null}
[2026-04-28T01:11:31.271Z] {"timestamp":1777338689852,"level":"DEBUG","args":["[vite] connected."],"stack":null}
[2026-04-28T01:11:33.440Z] {"timestamp":1777338692804,"level":"WARN","args":["Google Maps JavaScript API has been loaded directly without loading=async. This can result in suboptimal performance. For best-practice loading patterns please see https://goo.gle/js-api-loading"],"stack":null}
[2026-04-28T01:11:33.440Z] {"timestamp":1777338692838,"level":"WARN","args":["<gmp-advanced-marker>: Please use addEventListener('gmp-click', ...) instead of addEventListener('click', ...)."],"stack":null}
[2026-04-28T01:11:35.940Z] {"timestamp":1777338693893,"level":"DEBUG","args":["[Manus] Debug collector initialized (no rrweb, UI events only)"],"stack":null}
[2026-04-28T01:11:35.940Z] {"timestamp":1777338694144,"level":"DEBUG","args":["[vite] connected."],"stack":null}
[2026-04-28T01:11:35.940Z] {"timestamp":1777338694840,"level":"WARN","args":["Google Maps JavaScript API has been loaded directly without loading=async. This can result in suboptimal performance. For best-practice loading patterns please see https://goo.gle/js-api-loading"],"stack":null}
[2026-04-28T01:11:35.940Z] {"timestamp":1777338694866,"level":"WARN","args":["<gmp-advanced-marker>: Please use addEventListener('gmp-click', ...) instead of addEventListener('click', ...)."],"stack":null}
[2026-04-28T01:13:04.262Z] {"timestamp":1777338783312,"level":"DEBUG","args":["[vite]","hot updated: /src/index.css"],"stack":null}
[2026-04-28T01:13:09.192Z] {"timestamp":1777338787207,"level":"DEBUG","args":["[Manus] Debug collector initialized (no rrweb, UI events only)"],"stack":null}
[2026-04-28T01:13:09.192Z] {"timestamp":1777338787463,"level":"DEBUG","args":["[vite] connected."],"stack":null}
[2026-04-28T01:13:09.192Z] {"timestamp":1777338788121,"level":"WARN","args":["Google Maps JavaScript API has been loaded directly without loading=async. This can result in suboptimal performance. For best-practice loading patterns please see https://goo.gle/js-api-loading"],"stack":null}
[2026-04-28T01:13:09.192Z] {"timestamp":1777338788138,"level":"WARN","args":["<gmp-advanced-marker>: Please use addEventListener('gmp-click', ...) instead of addEventListener('click', ...)."],"stack":null}
[2026-04-28T01:13:14.270Z] {"timestamp":1777338791471,"level":"DEBUG","args":["[Manus] Debug collector initialized (no rrweb, UI events only)"],"stack":null}
[2026-04-28T01:13:14.270Z] {"timestamp":1777338791716,"level":"DEBUG","args":["[vite] connected."],"stack":null}
[2026-04-28T01:13:14.270Z] {"timestamp":1777338792385,"level":"WARN","args":["Google Maps JavaScript API has been loaded directly without loading=async. This can result in suboptimal performance. For best-practice loading patterns please see https://goo.gle/js-api-loading"],"stack":null}
[2026-04-28T01:13:14.270Z] {"timestamp":1777338792402,"level":"WARN","args":["<gmp-advanced-marker>: Please use addEventListener('gmp-click', ...) instead of addEventListener('click', ...)."],"stack":null}
[2026-04-28T01:13:35.257Z] {"timestamp":1777338812550,"level":"DEBUG","args":["[Manus] Debug collector initialized (no rrweb, UI events only)"],"stack":null}
[2026-04-28T01:13:35.257Z] {"timestamp":1777338812805,"level":"DEBUG","args":["[vite] connected."],"stack":null}
[2026-04-28T01:13:35.257Z] {"timestamp":1777338813512,"level":"WARN","args":["Google Maps JavaScript API has been loaded directly without loading=async. This can result in suboptimal performance. For best-practice loading patterns please see https://goo.gle/js-api-loading"],"stack":null}
[2026-04-28T01:13:35.257Z] {"timestamp":1777338813526,"level":"WARN","args":["<gmp-advanced-marker>: Please use addEventListener('gmp-click', ...) instead of addEventListener('click', ...)."],"stack":null}
[2026-04-28T01:13:39.261Z] {"timestamp":1777338816721,"level":"DEBUG","args":["[Manus] Debug collector initialized (no rrweb, UI events only)"],"stack":null}
[2026-04-28T01:13:39.261Z] {"timestamp":1777338816972,"level":"DEBUG","args":["[vite] connected."],"stack":null}
[2026-04-28T01:13:39.261Z] {"timestamp":1777338817599,"level":"WARN","args":["Google Maps JavaScript API has been loaded directly without loading=async. This can result in suboptimal performance. For best-practice loading patterns please see https://goo.gle/js-api-loading"],"stack":null}
[2026-04-28T01:13:39.261Z] {"timestamp":1777338817615,"level":"WARN","args":["<gmp-advanced-marker>: Please use addEventListener('gmp-click', ...) instead of addEventListener('click', ...)."],"stack":null}
[2026-04-28T01:13:41.259Z] {"timestamp":1777338819648,"level":"ERROR","args":["[vite]","Failed to reload /src/App.tsx. This could be due to syntax errors or importing non-existent modules. (see errors above)"],"stack":"Error\n    at console.<computed> [as error] (https://3000-iwi3fzzw46c2utma7n3fo-5ac9c38d.sg1.manus.computer/__manus__/debug-collector.js:391:37)\n    at Object.error (https://3000-iwi3fzzw46c2utma7n3fo-5ac9c38d.sg1.manus.computer/@vite/client:809:26)\n    at HMRClient.warnFailedUpdate (https://3000-iwi3fzzw46c2utma7n3fo-5ac9c38d.sg1.manus.computer/@vite/client:181:15)\n    at HMRClient.fetchUpdate (https://3000-iwi3fzzw46c2utma7n3fo-5ac9c38d.sg1.manus.computer/@vite/client:212:10)\n    at async Promise.all (index 0)\n    at async HMRClient.queueUpdate (https://3000-iwi3fzzw46c2utma7n3fo-5ac9c38d.sg1.manus.computer/@vite/client:196:5)\n    at async Promise.all (index 0)\n    at async handleMessage (https://3000-iwi3fzzw46c2utma7n3fo-5ac9c38d.sg1.manus.computer/@vite/client:838:4)"}
[2026-04-28T01:13:41.259Z] {"timestamp":1777338819659,"level":"DEBUG","args":["[vite]","hot updated: /src/App.tsx"],"stack":null}
[2026-04-28T01:13:41.259Z] {"timestamp":1777338819659,"level":"DEBUG","args":["[vite]","hot updated: /src/index.css"],"stack":null}
[2026-04-28T01:13:47.259Z] {"timestamp":1777338825192,"level":"DEBUG","args":["[Manus] Debug collector initialized (no rrweb, UI events only)"],"stack":null}
[2026-04-28T01:13:47.259Z] {"timestamp":1777338825447,"level":"DEBUG","args":["[vite] connected."],"stack":null}
[2026-04-28T01:14:00.681Z] {"timestamp":1777338838701,"level":"DEBUG","args":["[Manus] Debug collector initialized (no rrweb, UI events only)"],"stack":null}
[2026-04-28T01:14:00.681Z] {"timestamp":1777338838949,"level":"DEBUG","args":["[vite] connected."],"stack":null}
[2026-04-28T01:14:00.681Z] {"timestamp":1777338839598,"level":"WARN","args":["Google Maps JavaScript API has been loaded directly without loading=async. This can result in suboptimal performance. For best-practice loading patterns please see https://goo.gle/js-api-loading"],"stack":null}
[2026-04-28T01:14:00.681Z] {"timestamp":1777338839609,"level":"WARN","args":["<gmp-advanced-marker>: Please use addEventListener('gmp-click', ...) instead of addEventListener('click', ...)."],"stack":null}
[2026-04-28T01:14:13.260Z] {"timestamp":1777338851056,"level":"DEBUG","args":["[Manus] Debug collector initialized (no rrweb, UI events only)"],"stack":null}
[2026-04-28T01:14:13.260Z] {"timestamp":1777338851313,"level":"DEBUG","args":["[vite] connected."],"stack":null}
[2026-04-28T01:14:13.260Z] {"timestamp":1777338851973,"level":"WARN","args":["Google Maps JavaScript API has been loaded directly without loading=async. This can result in suboptimal performance. For best-practice loading patterns please see https://goo.gle/js-api-loading"],"stack":null}
[2026-04-28T01:14:13.260Z] {"timestamp":1777338851994,"level":"WARN","args":["<gmp-advanced-marker>: Please use addEventListener('gmp-click', ...) instead of addEventListener('click', ...)."],"stack":null}
[2026-04-28T01:14:16.260Z] {"timestamp":1777338853788,"level":"DEBUG","args":["[Manus] Debug collector initialized (no rrweb, UI events only)"],"stack":null}
[2026-04-28T01:14:16.260Z] {"timestamp":1777338854047,"level":"DEBUG","args":["[vite] connected."],"stack":null}
[2026-04-28T01:14:16.260Z] {"timestamp":1777338854692,"level":"WARN","args":["Google Maps JavaScript API has been loaded directly without loading=async. This can result in suboptimal performance. For best-practice loading patterns please see https://goo.gle/js-api-loading"],"stack":null}
[2026-04-28T01:14:16.260Z] {"timestamp":1777338854718,"level":"WARN","args":["<gmp-advanced-marker>: Please use addEventListener('gmp-click', ...) instead of addEventListener('click', ...)."],"stack":null}
[2026-04-28T01:14:26.259Z] {"timestamp":1777338866019,"level":"DEBUG","args":["[vite]","hot updated: /src/index.css"],"stack":null}
[2026-04-28T01:14:32.256Z] {"timestamp":1777338870031,"level":"DEBUG","args":["[Manus] Debug collector initialized (no rrweb, UI events only)"],"stack":null}
[2026-04-28T01:14:32.256Z] {"timestamp":1777338870296,"level":"DEBUG","args":["[vite] connected."],"stack":null}
[2026-04-28T01:14:32.256Z] {"timestamp":1777338870936,"level":"WARN","args":["Google Maps JavaScript API has been loaded directly without loading=async. This can result in suboptimal performance. For best-practice loading patterns please see https://goo.gle/js-api-loading"],"stack":null}
[2026-04-28T01:14:32.256Z] {"timestamp":1777338870951,"level":"WARN","args":["<gmp-advanced-marker>: Please use addEventListener('gmp-click', ...) instead of addEventListener('click', ...)."],"stack":null}
[2026-04-28T01:14:38.272Z] {"timestamp":1777338875863,"level":"DEBUG","args":["[Manus] Debug collector initialized (no rrweb, UI events only)"],"stack":null}
[2026-04-28T01:14:38.272Z] {"timestamp":1777338876118,"level":"DEBUG","args":["[vite] connected."],"stack":null}
[2026-04-28T01:14:38.272Z] {"timestamp":1777338876744,"level":"WARN","args":["Google Maps JavaScript API has been loaded directly without loading=async. This can result in suboptimal performance. For best-practice loading patterns please see https://goo.gle/js-api-loading"],"stack":null}
[2026-04-28T01:14:38.272Z] {"timestamp":1777338876764,"level":"WARN","args":["<gmp-advanced-marker>: Please use addEventListener('gmp-click', ...) instead of addEventListener('click', ...)."],"stack":null}
[2026-04-28T01:14:56.260Z] {"timestamp":1777338894033,"level":"DEBUG","args":["[Manus] Debug collector initialized (no rrweb, UI events only)"],"stack":null}
[2026-04-28T01:14:56.260Z] {"timestamp":1777338894293,"level":"DEBUG","args":["[vite] connected."],"stack":null}
[2026-04-28T01:14:56.260Z] {"timestamp":1777338894927,"level":"WARN","args":["Google Maps JavaScript API has been loaded directly without loading=async. This can result in suboptimal performance. For best-practice loading patterns please see https://goo.gle/js-api-loading"],"stack":null}
[2026-04-28T01:14:56.260Z] {"timestamp":1777338894946,"level":"WARN","args":["<gmp-advanced-marker>: Please use addEventListener('gmp-click', ...) instead of addEventListener('click', ...)."],"stack":null}
[2026-04-28T01:15:24.269Z] {"timestamp":1777338922195,"level":"DEBUG","args":["[Manus] Debug collector initialized (no rrweb, UI events only)"],"stack":null}
[2026-04-28T01:15:24.269Z] {"timestamp":1777338922449,"level":"DEBUG","args":["[vite] connected."],"stack":null}
[2026-04-28T01:15:24.269Z] {"timestamp":1777338923162,"level":"WARN","args":["Google Maps JavaScript API has been loaded directly without loading=async. This can result in suboptimal performance. For best-practice loading patterns please see https://goo.gle/js-api-loading"],"stack":null}
[2026-04-28T01:15:24.269Z] {"timestamp":1777338923174,"level":"WARN","args":["<gmp-advanced-marker>: Please use addEventListener('gmp-click', ...) instead of addEventListener('click', ...)."],"stack":null}
[2026-04-28T01:15:35.260Z] {"timestamp":1777338932415,"level":"DEBUG","args":["[Manus] Debug collector initialized (no rrweb, UI events only)"],"stack":null}
[2026-04-28T01:15:35.260Z] {"timestamp":1777338932673,"level":"DEBUG","args":["[vite] connected."],"stack":null}
[2026-04-28T01:15:35.260Z] {"timestamp":1777338933293,"level":"WARN","args":["Google Maps JavaScript API has been loaded directly without loading=async. This can result in suboptimal performance. For best-practice loading patterns please see https://goo.gle/js-api-loading"],"stack":null}
[2026-04-28T01:15:35.260Z] {"timestamp":1777338933319,"level":"WARN","args":["<gmp-advanced-marker>: Please use addEventListener('gmp-click', ...) instead of addEventListener('click', ...)."],"stack":null}
[2026-04-28T01:15:47.261Z] {"timestamp":1777338946001,"level":"DEBUG","args":["[vite]","hot updated: /src/index.css"],"stack":null}
[2026-04-28T01:16:39.332Z] {"timestamp":1777338997325,"level":"DEBUG","args":["[Manus] Debug collector initialized (no rrweb, UI events only)"],"stack":null}
[2026-04-28T01:16:39.332Z] {"timestamp":1777338997349,"level":"DEBUG","args":["[vite] connected."],"stack":null}
[2026-04-28T01:16:39.332Z] {"timestamp":1777338997685,"level":"INFO","args":["%cDownload the React DevTools for a better development experience: https://react.dev/link/react-devtools","font-weight:bold"],"stack":null}
[2026-04-28T01:17:12.474Z] {"timestamp":1777339031100,"level":"WARN","args":["Element with name \"gmp-internal-loading-text\" already defined."],"stack":null}
[2026-04-28T01:17:12.474Z] {"timestamp":1777339031100,"level":"WARN","args":["Element with name \"gmp-internal-request-error-text\" already defined."],"stack":null}
[2026-04-28T01:17:12.474Z] {"timestamp":1777339031102,"level":"WARN","args":["Element with name \"gmp-internal-back-button\" already defined."],"stack":null}
[2026-04-28T01:17:12.474Z] {"timestamp":1777339031102,"level":"WARN","args":["Element with name \"gmp-internal-dialog\" already defined."],"stack":null}
[2026-04-28T01:17:12.474Z] {"timestamp":1777339031102,"level":"WARN","args":["Element with name \"gmp-internal-disclosure\" already defined."],"stack":null}
[2026-04-28T01:17:12.474Z] {"timestamp":1777339031102,"level":"WARN","args":["Element with name \"gmp-internal-disclosure-section\" already defined."],"stack":null}
[2026-04-28T01:17:12.474Z] {"timestamp":1777339031102,"level":"WARN","args":["Element with name \"gmp-internal-attribution\" already defined."],"stack":null}
[2026-04-28T01:17:12.474Z] {"timestamp":1777339031102,"level":"WARN","args":["Element with name \"gmp-internal-element-support-verification\" already defined."],"stack":null}
[2026-04-28T01:17:12.474Z] {"timestamp":1777339031102,"level":"ERROR","args":["You have included the Google Maps JavaScript API multiple times on this page. This may cause unexpected errors."],"stack":"Error\n    at console.<computed> [as error] (https://3000-iwi3fzzw46c2utma7n3fo-5ac9c38d.sg1.manus.computer/__manus__/debug-collector.js:391:37)\n    at Cea (https://forge.manus.ai/v1/maps/proxy/maps/api/js?key=cvZzDbPkXuMKHHX2jcgL3z&v=weekly&libraries=marker,places,geocoding,geometry:2168:273)\n    at Kea (https://forge.manus.ai/v1/maps/proxy/maps/api/js?key=cvZzDbPkXuMKHHX2jcgL3z&v=weekly&libraries=marker,places,geocoding,geometry:2161:81)\n    at google.maps.Load (https://forge.manus.ai/v1/maps/proxy/maps/api/js?key=cvZzDbPkXuMKHHX2jcgL3z&v=weekly&libraries=marker,places,geocoding,geometry:14:5)\n    at https://forge.manus.ai/v1/maps/proxy/maps/api/js?key=cvZzDbPkXuMKHHX2jcgL3z&v=weekly&libraries=marker,places,geocoding,geometry:2467:267\n    at https://forge.manus.ai/v1/maps/proxy/maps/api/js?key=cvZzDbPkXuMKHHX2jcgL3z&v=weekly&libraries=marker,places,geocoding,geometry:2467:280"}
[2026-04-28T01:17:12.474Z] {"timestamp":1777339031128,"level":"WARN","args":["Google Maps JavaScript API has been loaded directly without loading=async. This can result in suboptimal performance. For best-practice loading patterns please see https://goo.gle/js-api-loading"],"stack":null}
[2026-04-28T01:17:12.474Z] {"timestamp":1777339031129,"level":"WARN","args":["Element with name \"gmp-internal-rating\" already defined."],"stack":null}
[2026-04-28T01:17:12.474Z] {"timestamp":1777339031129,"level":"WARN","args":["Element with name \"gmp-place-all-content\" already defined."],"stack":null}
[2026-04-28T01:17:12.474Z] {"timestamp":1777339031129,"level":"WARN","args":["Element with name \"gmp-internal-link-button\" already defined."],"stack":null}
[2026-04-28T01:17:12.474Z] {"timestamp":1777339031129,"level":"WARN","args":["Element with name \"gmp-internal-menu\" already defined."],"stack":null}
[2026-04-28T01:17:12.474Z] {"timestamp":1777339031129,"level":"WARN","args":["Element with name \"gmp-internal-place-opening-hours\" already defined."],"stack":null}
[2026-04-28T01:17:12.474Z] {"timestamp":1777339031129,"level":"WARN","args":["Element with name \"gmp-internal-place-review\" already defined."],"stack":null}
[2026-04-28T01:17:12.474Z] {"timestamp":1777339031129,"level":"WARN","args":["Element with name \"gmp-internal-tabbed-layout\" already defined."],"stack":null}
[2026-04-28T01:17:12.474Z] {"timestamp":1777339031129,"level":"WARN","args":["Element with name \"gmp-internal-lightbox\" already defined."],"stack":null}
[2026-04-28T01:17:12.474Z] {"timestamp":1777339031129,"level":"WARN","args":["Element with name \"gmp-internal-collage\" already defined."],"stack":null}
[2026-04-28T01:17:12.474Z] {"timestamp":1777339031129,"level":"WARN","args":["Element with name \"gmp-internal-place-rating-summary\" already defined."],"stack":null}
[2026-04-28T01:17:12.474Z] {"timestamp":1777339031129,"level":"WARN","args":["Element with name \"gmp-place-content-config\" already defined."],"stack":null}
[2026-04-28T01:17:12.474Z] {"timestamp":1777339031129,"level":"WARN","args":["Element with name \"gmp-place-standard-content\" already defined."],"stack":null}
[2026-04-28T01:17:12.474Z] {"timestamp":1777339031130,"level":"WARN","args":["Element with name \"gmp-internal-place-basic-info\" already defined."],"stack":null}
[2026-04-28T01:17:12.474Z] {"timestamp":1777339031130,"level":"WARN","args":["Element with name \"gmp-place-details-location-request\" already defined."],"stack":null}
[2026-04-28T01:17:12.474Z] {"timestamp":1777339031130,"level":"WARN","args":["Element with name \"gmp-place-details-place-request\" already defined."],"stack":null}
[2026-04-28T01:17:12.474Z] {"timestamp":1777339031130,"level":"WARN","args":["Element with name \"gmp-internal-circular-loader\" already defined."],"stack":null}
[2026-04-28T01:17:12.474Z] {"timestamp":1777339031130,"level":"WARN","args":["Element with name \"gmp-place-details-compact\" already defined."],"stack":null}
[2026-04-28T01:17:12.474Z] {"timestamp":1777339031130,"level":"WARN","args":["Element with name \"gmp-internal-use-place-details-compact\" already defined."],"stack":null}
[2026-04-28T01:17:12.474Z] {"timestamp":1777339031130,"level":"WARN","args":["Element with name \"gmp-place-media\" already defined."],"stack":null}
[2026-04-28T01:17:12.474Z] {"timestamp":1777339031130,"level":"WARN","args":["Element with name \"gmp-place-address\" already defined."],"stack":null}
[2026-04-28T01:17:12.474Z] {"timestamp":1777339031130,"level":"WARN","args":["Element with name \"gmp-place-rating\" already defined."],"stack":null}
[2026-04-28T01:17:12.474Z] {"timestamp":1777339031130,"level":"WARN","args":["Element with name \"gmp-place-type\" already defined."],"stack":null}
[2026-04-28T01:17:12.474Z] {"timestamp":1777339031130,"level":"WARN","args":["Element with name \"gmp-place-price\" already defined."],"stack":null}
[2026-04-28T01:17:12.474Z] {"timestamp":1777339031130,"level":"WARN","args":["Element with name \"gmp-place-accessible-entrance-icon\" already defined."],"stack":null}
[2026-04-28T01:17:12.474Z] {"timestamp":1777339031130,"level":"WARN","args":["Element with name \"gmp-place-open-now-status\" already defined."],"stack":null}
[2026-04-28T01:17:12.474Z] {"timestamp":1777339031130,"level":"WARN","args":["Element with name \"gmp-place-attribution\" already defined."],"stack":null}
[2026-04-28T01:17:12.474Z] {"timestamp":1777339031130,"level":"WARN","args":["Element with name \"gmp-place-website\" already defined."],"stack":null}
[2026-04-28T01:17:12.474Z] {"timestamp":1777339031130,"level":"WARN","args":["Element with name \"gmp-place-phone-number\" already defined."],"stack":null}
[2026-04-28T01:17:12.474Z] {"timestamp":1777339031130,"level":"WARN","args":["Element with name \"gmp-place-opening-hours\" already defined."],"stack":null}
[2026-04-28T01:17:12.474Z] {"timestamp":1777339031130,"level":"WARN","args":["Element with name \"gmp-place-summary\" already defined."],"stack":null}
[2026-04-28T01:17:12.474Z] {"timestamp":1777339031130,"level":"WARN","args":["Element with name \"gmp-place-type-specific-highlights\" already defined."],"stack":null}
[2026-04-28T01:17:12.474Z] {"timestamp":1777339031130,"level":"WARN","args":["Element with name \"gmp-place-review-summary\" already defined."],"stack":null}
[2026-04-28T01:17:12.474Z] {"timestamp":1777339031130,"level":"WARN","args":["Element with name \"gmp-place-reviews\" already defined."],"stack":null}
[2026-04-28T01:17:12.474Z] {"timestamp":1777339031130,"level":"WARN","args":["Element with name \"gmp-place-plus-code\" already defined."],"stack":null}
[2026-04-28T01:17:12.474Z] {"timestamp":1777339031130,"level":"WARN","args":["Element with name \"gmp-place-feature-list\" already defined."],"stack":null}
[2026-04-28T01:17:12.474Z] {"timestamp":1777339031131,"level":"WARN","args":["Element with name \"gmp-place-details\" already defined."],"stack":null}
[2026-04-28T01:17:12.474Z] {"timestamp":1777339031131,"level":"WARN","args":["Element with name \"gmp-internal-place-carousel\" already defined."],"stack":null}
[2026-04-28T01:17:12.474Z] {"timestamp":1777339031131,"level":"WARN","args":["Element with name \"gmp-internal-place-search-list-item\" already defined."],"stack":null}
[2026-04-28T01:17:12.474Z] {"timestamp":1777339031131,"level":"WARN","args":["Element with name \"gmp-place-nearby-search-request\" already defined."],"stack":null}
[2026-04-28T01:17:12.474Z] {"timestamp":1777339031131,"level":"WARN","args":["Element with name \"gmp-place-text-search-request\" already defined."],"stack":null}
[2026-04-28T01:17:12.474Z] {"timestamp":1777339031131,"level":"WARN","args":["Element with name \"gmp-place-search\" already defined."],"stack":null}
[2026-04-28T01:17:12.474Z] {"timestamp":1777339031134,"level":"WARN","args":["Element with name \"gmp-pin\" already defined."],"stack":null}
[2026-04-28T01:17:12.474Z] {"timestamp":1777339031135,"level":"WARN","args":["Element with name \"gmp-internal-use-am\" already defined."],"stack":null}
[2026-04-28T01:17:12.474Z] {"timestamp":1777339031135,"level":"WARN","args":["Element with name \"gmp-map\" already defined."],"stack":null}
[2026-04-28T01:17:12.474Z] {"timestamp":1777339031136,"level":"WARN","args":["Element with name \"gmp-advanced-marker\" already defined."],"stack":null}
[2026-04-28T01:17:12.474Z] {"timestamp":1777339031136,"level":"WARN","args":["Element with name \"gmp-place-autocomplete\" already defined."],"stack":null}
[2026-04-28T01:17:12.474Z] {"timestamp":1777339031136,"level":"WARN","args":["Element with name \"gmp-basic-place-autocomplete\" already defined."],"stack":null}
[2026-04-28T01:17:12.474Z] {"timestamp":1777339031140,"level":"WARN","args":["<gmp-advanced-marker-nondeterministic-duplicate1>: Please use addEventListener('gmp-click', ...) instead of addEventListener('click', ...)."],"stack":null}
[2026-04-28T01:17:12.474Z] {"timestamp":1777339031564,"level":"WARN","args":["Element with name \"gmp-internal-camera-control\" already defined."],"stack":null}
[2026-04-28T01:17:34.709Z] {"timestamp":1777339052717,"level":"DEBUG","args":["[Manus] Debug collector initialized (no rrweb, UI events only)"],"stack":null}
[2026-04-28T01:17:34.710Z] {"timestamp":1777339052801,"level":"DEBUG","args":["[vite] connected."],"stack":null}
[2026-04-28T01:17:34.710Z] {"timestamp":1777339053664,"level":"WARN","args":["Google Maps JavaScript API has been loaded directly without loading=async. This can result in suboptimal performance. For best-practice loading patterns please see https://goo.gle/js-api-loading"],"stack":null}
[2026-04-28T01:17:34.710Z] {"timestamp":1777339053681,"level":"WARN","args":["<gmp-advanced-marker>: Please use addEventListener('gmp-click', ...) instead of addEventListener('click', ...)."],"stack":null}
[2026-04-28T01:17:39.257Z] {"timestamp":1777339056749,"level":"DEBUG","args":["[Manus] Debug collector initialized (no rrweb, UI events only)"],"stack":null}
[2026-04-28T01:17:39.257Z] {"timestamp":1777339056998,"level":"DEBUG","args":["[vite] connected."],"stack":null}
[2026-04-28T01:17:39.258Z] {"timestamp":1777339057665,"level":"WARN","args":["Google Maps JavaScript API has been loaded directly without loading=async. This can result in suboptimal performance. For best-practice loading patterns please see https://goo.gle/js-api-loading"],"stack":null}
[2026-04-28T01:17:39.258Z] {"timestamp":1777339057677,"level":"WARN","args":["<gmp-advanced-marker>: Please use addEventListener('gmp-click', ...) instead of addEventListener('click', ...)."],"stack":null}
[2026-04-28T01:17:53.252Z] {"timestamp":1777339071534,"level":"DEBUG","args":["[vite]","hot updated: /src/index.css"],"stack":null}
[2026-04-28T01:18:09.910Z] {"timestamp":1777339087854,"level":"DEBUG","args":["[Manus] Debug collector initialized (no rrweb, UI events only)"],"stack":null}
[2026-04-28T01:18:09.910Z] {"timestamp":1777339088113,"level":"DEBUG","args":["[vite] connected."],"stack":null}
[2026-04-28T01:18:09.910Z] {"timestamp":1777339088764,"level":"WARN","args":["Google Maps JavaScript API has been loaded directly without loading=async. This can result in suboptimal performance. For best-practice loading patterns please see https://goo.gle/js-api-loading"],"stack":null}
[2026-04-28T01:18:09.910Z] {"timestamp":1777339088779,"level":"WARN","args":["<gmp-advanced-marker>: Please use addEventListener('gmp-click', ...) instead of addEventListener('click', ...)."],"stack":null}
[2026-04-28T01:18:14.135Z] {"timestamp":1777339092085,"level":"DEBUG","args":["[Manus] Debug collector initialized (no rrweb, UI events only)"],"stack":null}
[2026-04-28T01:18:14.135Z] {"timestamp":1777339092339,"level":"DEBUG","args":["[vite] connected."],"stack":null}
[2026-04-28T01:18:14.135Z] {"timestamp":1777339092984,"level":"WARN","args":["Google Maps JavaScript API has been loaded directly without loading=async. This can result in suboptimal performance. For best-practice loading patterns please see https://goo.gle/js-api-loading"],"stack":null}
[2026-04-28T01:18:14.135Z] {"timestamp":1777339093000,"level":"WARN","args":["<gmp-advanced-marker>: Please use addEventListener('gmp-click', ...) instead of addEventListener('click', ...)."],"stack":null}
[2026-04-28T01:18:45.297Z] {"timestamp":1777339123292,"level":"DEBUG","args":["[Manus] Debug collector initialized (no rrweb, UI events only)"],"stack":null}
[2026-04-28T01:18:45.297Z] {"timestamp":1777339123316,"level":"DEBUG","args":["[vite] connected."],"stack":null}
[2026-04-28T01:18:45.297Z] {"timestamp":1777339123534,"level":"INFO","args":["%cDownload the React DevTools for a better development experience: https://react.dev/link/react-devtools","font-weight:bold"],"stack":null}
[2026-04-28T01:18:52.324Z] {"timestamp":1777339130264,"level":"DEBUG","args":["[Manus] Debug collector initialized (no rrweb, UI events only)"],"stack":null}
[2026-04-28T01:18:52.324Z] {"timestamp":1777339130517,"level":"DEBUG","args":["[vite] connected."],"stack":null}
[2026-04-28T01:18:52.324Z] {"timestamp":1777339131159,"level":"WARN","args":["Google Maps JavaScript API has been loaded directly without loading=async. This can result in suboptimal performance. For best-practice loading patterns please see https://goo.gle/js-api-loading"],"stack":null}
[2026-04-28T01:18:52.324Z] {"timestamp":1777339131175,"level":"WARN","args":["<gmp-advanced-marker>: Please use addEventListener('gmp-click', ...) instead of addEventListener('click', ...)."],"stack":null}
[2026-04-28T01:18:55.110Z] {"timestamp":1777339133055,"level":"DEBUG","args":["[Manus] Debug collector initialized (no rrweb, UI events only)"],"stack":null}
[2026-04-28T01:18:55.110Z] {"timestamp":1777339133308,"level":"DEBUG","args":["[vite] connected."],"stack":null}
[2026-04-28T01:18:55.110Z] {"timestamp":1777339133931,"level":"WARN","args":["Google Maps JavaScript API has been loaded directly without loading=async. This can result in suboptimal performance. For best-practice loading patterns please see https://goo.gle/js-api-loading"],"stack":null}
[2026-04-28T01:18:55.110Z] {"timestamp":1777339133953,"level":"WARN","args":["<gmp-advanced-marker>: Please use addEventListener('gmp-click', ...) instead of addEventListener('click', ...)."],"stack":null}
[2026-04-28T01:19:11.267Z] {"timestamp":1777339149912,"level":"DEBUG","args":["[vite]","hot updated: /src/pages/Home.tsx"],"stack":null}
[2026-04-28T01:19:11.267Z] {"timestamp":1777339149912,"level":"DEBUG","args":["[vite]","hot updated: /src/index.css"],"stack":null}
[2026-04-28T01:19:14.256Z] {"timestamp":1777339152011,"level":"DEBUG","args":["[Manus] Debug collector initialized (no rrweb, UI events only)"],"stack":null}
[2026-04-28T01:19:14.256Z] {"timestamp":1777339152260,"level":"DEBUG","args":["[vite] connected."],"stack":null}
[2026-04-28T01:19:14.256Z] {"timestamp":1777339152882,"level":"WARN","args":["Google Maps JavaScript API has been loaded directly without loading=async. This can result in suboptimal performance. For best-practice loading patterns please see https://goo.gle/js-api-loading"],"stack":null}
[2026-04-28T01:19:14.256Z] {"timestamp":1777339152894,"level":"WARN","args":["<gmp-advanced-marker>: Please use addEventListener('gmp-click', ...) instead of addEventListener('click', ...)."],"stack":null}
[2026-04-28T01:19:17.253Z] {"timestamp":1777339154770,"level":"DEBUG","args":["[Manus] Debug collector initialized (no rrweb, UI events only)"],"stack":null}
[2026-04-28T01:19:17.253Z] {"timestamp":1777339155018,"level":"DEBUG","args":["[vite] connected."],"stack":null}
[2026-04-28T01:19:17.253Z] {"timestamp":1777339155627,"level":"WARN","args":["Google Maps JavaScript API has been loaded directly without loading=async. This can result in suboptimal performance. For best-practice loading patterns please see https://goo.gle/js-api-loading"],"stack":null}
[2026-04-28T01:19:17.253Z] {"timestamp":1777339155644,"level":"WARN","args":["<gmp-advanced-marker>: Please use addEventListener('gmp-click', ...) instead of addEventListener('click', ...)."],"stack":null}
[2026-04-28T01:19:31.270Z] {"timestamp":1777339170646,"level":"DEBUG","args":["[vite]","hot updated: /src/pages/Home.tsx"],"stack":null}
[2026-04-28T01:19:31.270Z] {"timestamp":1777339170646,"level":"DEBUG","args":["[vite]","hot updated: /src/index.css"],"stack":null}
[2026-04-28T01:19:35.264Z] {"timestamp":1777339173171,"level":"DEBUG","args":["[Manus] Debug collector initialized (no rrweb, UI events only)"],"stack":null}
[2026-04-28T01:19:35.264Z] {"timestamp":1777339173416,"level":"DEBUG","args":["[vite] connected."],"stack":null}
[2026-04-28T01:19:35.264Z] {"timestamp":1777339174056,"level":"WARN","args":["Google Maps JavaScript API has been loaded directly without loading=async. This can result in suboptimal performance. For best-practice loading patterns please see https://goo.gle/js-api-loading"],"stack":null}
[2026-04-28T01:19:35.264Z] {"timestamp":1777339174067,"level":"WARN","args":["<gmp-advanced-marker>: Please use addEventListener('gmp-click', ...) instead of addEventListener('click', ...)."],"stack":null}
[2026-04-28T01:19:38.262Z] {"timestamp":1777339175812,"level":"DEBUG","args":["[Manus] Debug collector initialized (no rrweb, UI events only)"],"stack":null}
[2026-04-28T01:19:38.262Z] {"timestamp":1777339176068,"level":"DEBUG","args":["[vite] connected."],"stack":null}
[2026-04-28T01:19:38.262Z] {"timestamp":1777339176827,"level":"WARN","args":["Google Maps JavaScript API has been loaded directly without loading=async. This can result in suboptimal performance. For best-practice loading patterns please see https://goo.gle/js-api-loading"],"stack":null}
[2026-04-28T01:19:38.262Z] {"timestamp":1777339176861,"level":"WARN","args":["<gmp-advanced-marker>: Please use addEventListener('gmp-click', ...) instead of addEventListener('click', ...)."],"stack":null}
[2026-04-28T01:19:52.263Z] {"timestamp":1777339189998,"level":"DEBUG","args":["[Manus] Debug collector initialized (no rrweb, UI events only)"],"stack":null}
[2026-04-28T01:19:52.263Z] {"timestamp":1777339190253,"level":"DEBUG","args":["[vite] connected."],"stack":null}
[2026-04-28T01:19:52.263Z] {"timestamp":1777339190919,"level":"WARN","args":["Google Maps JavaScript API has been loaded directly without loading=async. This can result in suboptimal performance. For best-practice loading patterns please see https://goo.gle/js-api-loading"],"stack":null}
[2026-04-28T01:19:52.263Z] {"timestamp":1777339190932,"level":"WARN","args":["<gmp-advanced-marker>: Please use addEventListener('gmp-click', ...) instead of addEventListener('click', ...)."],"stack":null}
[2026-04-28T01:19:55.263Z] {"timestamp":1777339193090,"level":"DEBUG","args":["[Manus] Debug collector initialized (no rrweb, UI events only)"],"stack":null}
[2026-04-28T01:19:55.263Z] {"timestamp":1777339193338,"level":"DEBUG","args":["[vite] connected."],"stack":null}
[2026-04-28T01:19:55.263Z] {"timestamp":1777339194122,"level":"WARN","args":["Google Maps JavaScript API has been loaded directly without loading=async. This can result in suboptimal performance. For best-practice loading patterns please see https://goo.gle/js-api-loading"],"stack":null}
[2026-04-28T01:19:55.263Z] {"timestamp":1777339194139,"level":"WARN","args":["<gmp-advanced-marker>: Please use addEventListener('gmp-click', ...) instead of addEventListener('click', ...)."],"stack":null}
[2026-04-28T01:20:13.259Z] {"timestamp":1777339212408,"level":"DEBUG","args":["[vite]","hot updated: /src/index.css"],"stack":null}
[2026-04-28T01:21:04.158Z] {"timestamp":1777339262154,"level":"DEBUG","args":["[Manus] Debug collector initialized (no rrweb, UI events only)"],"stack":null}
[2026-04-28T01:21:04.158Z] {"timestamp":1777339262166,"level":"DEBUG","args":["[vite] connected."],"stack":null}
[2026-04-28T01:21:04.158Z] {"timestamp":1777339262364,"level":"INFO","args":["%cDownload the React DevTools for a better development experience: https://react.dev/link/react-devtools","font-weight:bold"],"stack":null}
[2026-04-28T01:25:13.272Z] {"timestamp":1777339511225,"level":"DEBUG","args":["[Manus] Debug collector initialized (no rrweb, UI events only)"],"stack":null}
[2026-04-28T01:25:13.272Z] {"timestamp":1777339511477,"level":"DEBUG","args":["[vite] connected."],"stack":null}
[2026-04-28T01:25:13.272Z] {"timestamp":1777339512442,"level":"WARN","args":["Google Maps JavaScript API has been loaded directly without loading=async. This can result in suboptimal performance. For best-practice loading patterns please see https://goo.gle/js-api-loading"],"stack":null}
[2026-04-28T01:25:13.272Z] {"timestamp":1777339512464,"level":"WARN","args":["<gmp-advanced-marker>: Please use addEventListener('gmp-click', ...) instead of addEventListener('click', ...)."],"stack":null}
[2026-04-28T01:25:24.245Z] {"timestamp":1777339521337,"level":"DEBUG","args":["[Manus] Debug collector initialized (no rrweb, UI events only)"],"stack":null}
[2026-04-28T01:25:24.245Z] {"timestamp":1777339521588,"level":"DEBUG","args":["[vite] connected."],"stack":null}
[2026-04-28T01:25:24.245Z] {"timestamp":1777339522194,"level":"WARN","args":["Google Maps JavaScript API has been loaded directly without loading=async. This can result in suboptimal performance. For best-practice loading patterns please see https://goo.gle/js-api-loading"],"stack":null}
[2026-04-28T01:25:24.245Z] {"timestamp":1777339522206,"level":"WARN","args":["<gmp-advanced-marker>: Please use addEventListener('gmp-click', ...) instead of addEventListener('click', ...)."],"stack":null}
[2026-04-28T01:26:12.935Z] {"timestamp":1777339570961,"level":"DEBUG","args":["[Manus] Debug collector initialized (no rrweb, UI events only)"],"stack":null}
[2026-04-28T01:26:12.935Z] {"timestamp":1777339571224,"level":"DEBUG","args":["[vite] connected."],"stack":null}
[2026-04-28T01:26:12.935Z] {"timestamp":1777339571979,"level":"WARN","args":["Google Maps JavaScript API has been loaded directly without loading=async. This can result in suboptimal performance. For best-practice loading patterns please see https://goo.gle/js-api-loading"],"stack":null}
[2026-04-28T01:26:12.935Z] {"timestamp":1777339571993,"level":"WARN","args":["<gmp-advanced-marker>: Please use addEventListener('gmp-click', ...) instead of addEventListener('click', ...)."],"stack":null}
[2026-04-28T01:26:27.259Z] {"timestamp":1777339585097,"level":"DEBUG","args":["[Manus] Debug collector initialized (no rrweb, UI events only)"],"stack":null}
[2026-04-28T01:26:27.259Z] {"timestamp":1777339585350,"level":"DEBUG","args":["[vite] connected."],"stack":null}
[2026-04-28T01:26:27.259Z] {"timestamp":1777339586077,"level":"WARN","args":["Google Maps JavaScript API has been loaded directly without loading=async. This can result in suboptimal performance. For best-practice loading patterns please see https://goo.gle/js-api-loading"],"stack":null}
[2026-04-28T01:26:27.259Z] {"timestamp":1777339586092,"level":"WARN","args":["<gmp-advanced-marker>: Please use addEventListener('gmp-click', ...) instead of addEventListener('click', ...)."],"stack":null}
[2026-04-28T01:28:21.336Z] {"timestamp":1777339699347,"level":"DEBUG","args":["[Manus] Debug collector initialized (no rrweb, UI events only)"],"stack":null}
[2026-04-28T01:28:21.336Z] {"timestamp":1777339699599,"level":"DEBUG","args":["[vite] connected."],"stack":null}
[2026-04-28T01:28:21.336Z] {"timestamp":1777339700347,"level":"WARN","args":["Google Maps JavaScript API has been loaded directly without loading=async. This can result in suboptimal performance. For best-practice loading patterns please see https://goo.gle/js-api-loading"],"stack":null}
[2026-04-28T01:28:21.336Z] {"timestamp":1777339700363,"level":"WARN","args":["<gmp-advanced-marker>: Please use addEventListener('gmp-click', ...) instead of addEventListener('click', ...)."],"stack":null}
[2026-04-28T01:28:50.942Z] {"timestamp":1777339728972,"level":"DEBUG","args":["[Manus] Debug collector initialized (no rrweb, UI events only)"],"stack":null}
[2026-04-28T01:28:50.942Z] {"timestamp":1777339729217,"level":"DEBUG","args":["[vite] connected."],"stack":null}
[2026-04-28T01:28:50.942Z] {"timestamp":1777339729918,"level":"WARN","args":["Google Maps JavaScript API has been loaded directly without loading=async. This can result in suboptimal performance. For best-practice loading patterns please see https://goo.gle/js-api-loading"],"stack":null}
[2026-04-28T01:28:50.942Z] {"timestamp":1777339729930,"level":"WARN","args":["<gmp-advanced-marker>: Please use addEventListener('gmp-click', ...) instead of addEventListener('click', ...)."],"stack":null}
[2026-04-28T01:28:55.256Z] {"timestamp":1777339734409,"level":"DEBUG","args":["[vite]","hot updated: /src/index.css"],"stack":null}
[2026-04-28T01:29:04.254Z] {"timestamp":1777339741557,"level":"DEBUG","args":["[Manus] Debug collector initialized (no rrweb, UI events only)"],"stack":null}
[2026-04-28T01:29:04.254Z] {"timestamp":1777339741815,"level":"DEBUG","args":["[vite] connected."],"stack":null}
[2026-04-28T01:29:04.254Z] {"timestamp":1777339742536,"level":"WARN","args":["Google Maps JavaScript API has been loaded directly without loading=async. This can result in suboptimal performance. For best-practice loading patterns please see https://goo.gle/js-api-loading"],"stack":null}
[2026-04-28T01:29:04.254Z] {"timestamp":1777339742585,"level":"WARN","args":["<gmp-advanced-marker>: Please use addEventListener('gmp-click', ...) instead of addEventListener('click', ...)."],"stack":null}
[2026-04-28T01:29:22.797Z] {"timestamp":1777339760811,"level":"DEBUG","args":["[Manus] Debug collector initialized (no rrweb, UI events only)"],"stack":null}
[2026-04-28T01:29:22.797Z] {"timestamp":1777339761064,"level":"DEBUG","args":["[vite] connected."],"stack":null}
[2026-04-28T01:29:22.797Z] {"timestamp":1777339761687,"level":"WARN","args":["Google Maps JavaScript API has been loaded directly without loading=async. This can result in suboptimal performance. For best-practice loading patterns please see https://goo.gle/js-api-loading"],"stack":null}
[2026-04-28T01:29:22.797Z] {"timestamp":1777339761705,"level":"WARN","args":["<gmp-advanced-marker>: Please use addEventListener('gmp-click', ...) instead of addEventListener('click', ...)."],"stack":null}
[2026-04-28T01:29:44.260Z] {"timestamp":1777339781784,"level":"DEBUG","args":["[Manus] Debug collector initialized (no rrweb, UI events only)"],"stack":null}
[2026-04-28T01:29:44.260Z] {"timestamp":1777339782041,"level":"DEBUG","args":["[vite] connected."],"stack":null}
[2026-04-28T01:29:44.260Z] {"timestamp":1777339782692,"level":"WARN","args":["Google Maps JavaScript API has been loaded directly without loading=async. This can result in suboptimal performance. For best-practice loading patterns please see https://goo.gle/js-api-loading"],"stack":null}
[2026-04-28T01:29:44.260Z] {"timestamp":1777339782711,"level":"WARN","args":["<gmp-advanced-marker>: Please use addEventListener('gmp-click', ...) instead of addEventListener('click', ...)."],"stack":null}
[2026-04-28T01:30:20.243Z] {"timestamp":1777339818789,"level":"DEBUG","args":["[vite]","hot updated: /src/index.css"],"stack":null}
[2026-04-28T01:30:54.786Z] {"timestamp":1777339852745,"level":"DEBUG","args":["[Manus] Debug collector initialized (no rrweb, UI events only)"],"stack":null}
[2026-04-28T01:30:54.786Z] {"timestamp":1777339853000,"level":"DEBUG","args":["[vite] connected."],"stack":null}
[2026-04-28T01:30:54.786Z] {"timestamp":1777339853641,"level":"WARN","args":["Google Maps JavaScript API has been loaded directly without loading=async. This can result in suboptimal performance. For best-practice loading patterns please see https://goo.gle/js-api-loading"],"stack":null}
[2026-04-28T01:30:54.786Z] {"timestamp":1777339853668,"level":"WARN","args":["<gmp-advanced-marker>: Please use addEventListener('gmp-click', ...) instead of addEventListener('click', ...)."],"stack":null}
[2026-04-28T01:30:58.955Z] {"timestamp":1777339856910,"level":"DEBUG","args":["[Manus] Debug collector initialized (no rrweb, UI events only)"],"stack":null}
[2026-04-28T01:30:58.955Z] {"timestamp":1777339857162,"level":"DEBUG","args":["[vite] connected."],"stack":null}
[2026-04-28T01:30:58.955Z] {"timestamp":1777339857797,"level":"WARN","args":["Google Maps JavaScript API has been loaded directly without loading=async. This can result in suboptimal performance. For best-practice loading patterns please see https://goo.gle/js-api-loading"],"stack":null}
[2026-04-28T01:30:58.955Z] {"timestamp":1777339857811,"level":"WARN","args":["<gmp-advanced-marker>: Please use addEventListener('gmp-click', ...) instead of addEventListener('click', ...)."],"stack":null}
[2026-04-28T01:31:11.215Z] {"timestamp":1777339869211,"level":"DEBUG","args":["[Manus] Debug collector initialized (no rrweb, UI events only)"],"stack":null}
[2026-04-28T01:31:11.215Z] {"timestamp":1777339869228,"level":"DEBUG","args":["[vite] connected."],"stack":null}
[2026-04-28T01:31:11.215Z] {"timestamp":1777339869434,"level":"INFO","args":["%cDownload the React DevTools for a better development experience: https://react.dev/link/react-devtools","font-weight:bold"],"stack":null}
[2026-04-28T02:00:49.171Z] {"timestamp":1777341647223,"level":"DEBUG","args":["[Manus] Debug collector initialized (no rrweb, UI events only)"],"stack":null}
[2026-04-28T02:00:49.171Z] {"timestamp":1777341647475,"level":"DEBUG","args":["[vite] connected."],"stack":null}
[2026-04-28T02:04:02.054Z] {"timestamp":1777341840030,"level":"DEBUG","args":["[Manus] Debug collector initialized (no rrweb, UI events only)"],"stack":null}
[2026-04-28T02:04:02.054Z] {"timestamp":1777341840285,"level":"DEBUG","args":["[vite] connected."],"stack":null}
[2026-04-28T02:04:02.054Z] {"timestamp":1777341841249,"level":"WARN","args":["Google Maps JavaScript API has been loaded directly without loading=async. This can result in suboptimal performance. For best-practice loading patterns please see https://goo.gle/js-api-loading"],"stack":null}
[2026-04-28T02:04:02.054Z] {"timestamp":1777341841273,"level":"WARN","args":["<gmp-advanced-marker>: Please use addEventListener('gmp-click', ...) instead of addEventListener('click', ...)."],"stack":null}
[2026-04-28T02:04:07.224Z] {"timestamp":1777341844537,"level":"DEBUG","args":["[Manus] Debug collector initialized (no rrweb, UI events only)"],"stack":null}
[2026-04-28T02:04:07.224Z] {"timestamp":1777341844804,"level":"DEBUG","args":["[vite] connected."],"stack":null}
[2026-04-28T02:04:07.224Z] {"timestamp":1777341845399,"level":"WARN","args":["Google Maps JavaScript API has been loaded directly without loading=async. This can result in suboptimal performance. For best-practice loading patterns please see https://goo.gle/js-api-loading"],"stack":null}
[2026-04-28T02:04:07.224Z] {"timestamp":1777341845410,"level":"WARN","args":["<gmp-advanced-marker>: Please use addEventListener('gmp-click', ...) instead of addEventListener('click', ...)."],"stack":null}
[2026-04-28T02:10:59.992Z] {"timestamp":1777342257969,"level":"DEBUG","args":["[Manus] Debug collector initialized (no rrweb, UI events only)"],"stack":null}
[2026-04-28T02:10:59.992Z] {"timestamp":1777342258214,"level":"DEBUG","args":["[vite] connected."],"stack":null}
[2026-04-28T02:10:59.992Z] {"timestamp":1777342259084,"level":"WARN","args":["Google Maps JavaScript API has been loaded directly without loading=async. This can result in suboptimal performance. For best-practice loading patterns please see https://goo.gle/js-api-loading"],"stack":null}
[2026-04-28T02:10:59.992Z] {"timestamp":1777342259103,"level":"WARN","args":["<gmp-advanced-marker>: Please use addEventListener('gmp-click', ...) instead of addEventListener('click', ...)."],"stack":null}
[2026-04-28T02:11:03.104Z] {"timestamp":1777342261084,"level":"DEBUG","args":["[Manus] Debug collector initialized (no rrweb, UI events only)"],"stack":null}
[2026-04-28T02:11:03.104Z] {"timestamp":1777342261331,"level":"DEBUG","args":["[vite] connected."],"stack":null}
[2026-04-28T02:11:03.104Z] {"timestamp":1777342262112,"level":"WARN","args":["Google Maps JavaScript API has been loaded directly without loading=async. This can result in suboptimal performance. For best-practice loading patterns please see https://goo.gle/js-api-loading"],"stack":null}
[2026-04-28T02:11:03.104Z] {"timestamp":1777342262132,"level":"WARN","args":["<gmp-advanced-marker>: Please use addEventListener('gmp-click', ...) instead of addEventListener('click', ...)."],"stack":null}
[2026-04-28T02:19:25.565Z] {"timestamp":1777342763623,"level":"DEBUG","args":["[Manus] Debug collector initialized (no rrweb, UI events only)"],"stack":null}
[2026-04-28T02:19:25.565Z] {"timestamp":1777342763872,"level":"DEBUG","args":["[vite] connected."],"stack":null}
[2026-04-28T02:19:27.632Z] {"timestamp":1777342766538,"level":"WARN","args":["Google Maps JavaScript API has been loaded directly without loading=async. This can result in suboptimal performance. For best-practice loading patterns please see https://goo.gle/js-api-loading"],"stack":null}
[2026-04-28T02:19:27.632Z] {"timestamp":1777342766580,"level":"WARN","args":["<gmp-advanced-marker>: Please use addEventListener('gmp-click', ...) instead of addEventListener('click', ...)."],"stack":null}
[2026-04-28T02:19:30.575Z] {"timestamp":1777342768560,"level":"DEBUG","args":["[Manus] Debug collector initialized (no rrweb, UI events only)"],"stack":null}
[2026-04-28T02:19:30.575Z] {"timestamp":1777342768811,"level":"DEBUG","args":["[vite] connected."],"stack":null}
[2026-04-28T02:19:30.575Z] {"timestamp":1777342769597,"level":"WARN","args":["Google Maps JavaScript API has been loaded directly without loading=async. This can result in suboptimal performance. For best-practice loading patterns please see https://goo.gle/js-api-loading"],"stack":null}
[2026-04-28T02:19:30.575Z] {"timestamp":1777342769625,"level":"WARN","args":["<gmp-advanced-marker>: Please use addEventListener('gmp-click', ...) instead of addEventListener('click', ...)."],"stack":null}
[2026-04-28T02:23:31.360Z] {"timestamp":1777343009345,"level":"DEBUG","args":["[Manus] Debug collector initialized (no rrweb, UI events only)"],"stack":null}
[2026-04-28T02:23:31.360Z] {"timestamp":1777343009607,"level":"DEBUG","args":["[vite] connected."],"stack":null}
[2026-04-28T02:23:31.360Z] {"timestamp":1777343010405,"level":"WARN","args":["Google Maps JavaScript API has been loaded directly without loading=async. This can result in suboptimal performance. For best-practice loading patterns please see https://goo.gle/js-api-loading"],"stack":null}
[2026-04-28T02:23:31.360Z] {"timestamp":1777343010422,"level":"WARN","args":["<gmp-advanced-marker>: Please use addEventListener('gmp-click', ...) instead of addEventListener('click', ...)."],"stack":null}
[2026-04-28T02:23:36.283Z] {"timestamp":1777343014273,"level":"DEBUG","args":["[Manus] Debug collector initialized (no rrweb, UI events only)"],"stack":null}
[2026-04-28T02:23:36.283Z] {"timestamp":1777343014529,"level":"DEBUG","args":["[vite] connected."],"stack":null}
[2026-04-28T02:23:36.283Z] {"timestamp":1777343015304,"level":"WARN","args":["Google Maps JavaScript API has been loaded directly without loading=async. This can result in suboptimal performance. For best-practice loading patterns please see https://goo.gle/js-api-loading"],"stack":null}
[2026-04-28T02:23:36.283Z] {"timestamp":1777343015320,"level":"WARN","args":["<gmp-advanced-marker>: Please use addEventListener('gmp-click', ...) instead of addEventListener('click', ...)."],"stack":null}
[2026-04-28T02:26:00.298Z] {"timestamp":1777343158296,"level":"DEBUG","args":["[Manus] Debug collector initialized (no rrweb, UI events only)"],"stack":null}
[2026-04-28T02:26:00.298Z] {"timestamp":1777343158542,"level":"DEBUG","args":["[vite] connected."],"stack":null}
[2026-04-28T02:26:00.298Z] {"timestamp":1777343159516,"level":"WARN","args":["Google Maps JavaScript API has been loaded directly without loading=async. This can result in suboptimal performance. For best-practice loading patterns please see https://goo.gle/js-api-loading"],"stack":null}
[2026-04-28T02:26:00.298Z] {"timestamp":1777343159535,"level":"WARN","args":["<gmp-advanced-marker>: Please use addEventListener('gmp-click', ...) instead of addEventListener('click', ...)."],"stack":null}
[2026-04-28T02:26:04.712Z] {"timestamp":1777343162706,"level":"DEBUG","args":["[Manus] Debug collector initialized (no rrweb, UI events only)"],"stack":null}
[2026-04-28T02:26:04.712Z] {"timestamp":1777343162951,"level":"DEBUG","args":["[vite] connected."],"stack":null}
[2026-04-28T02:26:04.712Z] {"timestamp":1777343163722,"level":"WARN","args":["Google Maps JavaScript API has been loaded directly without loading=async. This can result in suboptimal performance. For best-practice loading patterns please see https://goo.gle/js-api-loading"],"stack":null}
[2026-04-28T02:26:04.712Z] {"timestamp":1777343163748,"level":"WARN","args":["<gmp-advanced-marker>: Please use addEventListener('gmp-click', ...) instead of addEventListener('click', ...)."],"stack":null}
[2026-04-28T02:50:26.386Z] {"timestamp":1777344624462,"level":"DEBUG","args":["[Manus] Debug collector initialized (no rrweb, UI events only)"],"stack":null}
[2026-04-28T02:50:26.386Z] {"timestamp":1777344624713,"level":"DEBUG","args":["[vite] connected."],"stack":null}
[2026-04-28T08:27:38.241Z] {"timestamp":1777364856185,"level":"DEBUG","args":["[Manus] Debug collector initialized (no rrweb, UI events only)"],"stack":null}
[2026-04-28T08:27:38.241Z] {"timestamp":1777364856414,"level":"DEBUG","args":["[vite] connected."],"stack":null}
[2026-04-28T08:27:41.403Z] {"timestamp":1777364859353,"level":"DEBUG","args":["[Manus] Debug collector initialized (no rrweb, UI events only)"],"stack":null}
[2026-04-28T08:27:41.403Z] {"timestamp":1777364859578,"level":"DEBUG","args":["[vite] connected."],"stack":null}
[2026-04-28T08:27:50.525Z] {"timestamp":1777364868476,"level":"DEBUG","args":["[Manus] Debug collector initialized (no rrweb, UI events only)"],"stack":null}
[2026-04-28T08:27:50.525Z] {"timestamp":1777364868705,"level":"DEBUG","args":["[vite] connected."],"stack":null}
[2026-04-28T08:28:13.260Z] {"timestamp":1777364892695,"level":"WARN","args":["Google Maps JavaScript API has been loaded directly without loading=async. This can result in suboptimal performance. For best-practice loading patterns please see https://goo.gle/js-api-loading"],"stack":null}
[2026-04-28T08:28:13.260Z] {"timestamp":1777364892729,"level":"WARN","args":["<gmp-advanced-marker>: Please use addEventListener('gmp-click', ...) instead of addEventListener('click', ...)."],"stack":null}
[2026-04-28T08:35:13.583Z] {"timestamp":1777365311520,"level":"DEBUG","args":["[Manus] Debug collector initialized (no rrweb, UI events only)"],"stack":null}
[2026-04-28T08:35:13.583Z] {"timestamp":1777365311746,"level":"DEBUG","args":["[vite] connected."],"stack":null}
[2026-04-28T08:35:13.583Z] {"timestamp":1777365312207,"level":"WARN","args":["Google Maps JavaScript API has been loaded directly without loading=async. This can result in suboptimal performance. For best-practice loading patterns please see https://goo.gle/js-api-loading"],"stack":null}
[2026-04-28T08:35:13.583Z] {"timestamp":1777365312342,"level":"WARN","args":["<gmp-advanced-marker>: Please use addEventListener('gmp-click', ...) instead of addEventListener('click', ...)."],"stack":null}
[2026-04-28T08:36:31.473Z] {"timestamp":1777365389417,"level":"DEBUG","args":["[Manus] Debug collector initialized (no rrweb, UI events only)"],"stack":null}
[2026-04-28T08:36:31.473Z] {"timestamp":1777365389646,"level":"DEBUG","args":["[vite] connected."],"stack":null}
[2026-04-28T08:36:31.473Z] {"timestamp":1777365389957,"level":"WARN","args":["Google Maps JavaScript API has been loaded directly without loading=async. This can result in suboptimal performance. For best-practice loading patterns please see https://goo.gle/js-api-loading"],"stack":null}
[2026-04-28T08:36:31.473Z] {"timestamp":1777365390033,"level":"WARN","args":["<gmp-advanced-marker>: Please use addEventListener('gmp-click', ...) instead of addEventListener('click', ...)."],"stack":null}
[2026-04-29T04:31:28.901Z] {"timestamp":1777437087942,"level":"DEBUG","args":["[Manus] Debug collector initialized (no rrweb, UI events only)"],"stack":null}
[2026-04-29T04:31:28.901Z] {"timestamp":1777437088198,"level":"DEBUG","args":["[vite] connected."],"stack":null}
[2026-04-29T04:31:30.967Z] {"timestamp":1777437091045,"level":"WARN","args":["Google Maps JavaScript API has been loaded directly without loading=async. This can result in suboptimal performance. For best-practice loading patterns please see https://goo.gle/js-api-loading"],"stack":null}
[2026-04-29T04:31:30.967Z] {"timestamp":1777437091076,"level":"WARN","args":["<gmp-advanced-marker>: Please use addEventListener('gmp-click', ...) instead of addEventListener('click', ...)."],"stack":null}
[2026-04-29T04:53:51.524Z] {"timestamp":1777438430584,"level":"DEBUG","args":["[Manus] Debug collector initialized (no rrweb, UI events only)"],"stack":null}
[2026-04-29T04:53:51.524Z] {"timestamp":1777438430838,"level":"DEBUG","args":["[vite] connected."],"stack":null}
[2026-04-29T04:53:56.138Z] {"timestamp":1777438435212,"level":"DEBUG","args":["[Manus] Debug collector initialized (no rrweb, UI events only)"],"stack":null}
[2026-04-29T04:53:56.138Z] {"timestamp":1777438435471,"level":"DEBUG","args":["[vite] connected."],"stack":null}
[2026-04-29T04:53:58.212Z] {"timestamp":1777438437959,"level":"WARN","args":["Google Maps JavaScript API has been loaded directly without loading=async. This can result in suboptimal performance. For best-practice loading patterns please see https://goo.gle/js-api-loading"],"stack":null}
[2026-04-29T04:53:58.212Z] {"timestamp":1777438437985,"level":"WARN","args":["<gmp-advanced-marker>: Please use addEventListener('gmp-click', ...) instead of addEventListener('click', ...)."],"stack":null}
[2026-04-29T05:00:34.362Z] {"timestamp":1777438833320,"level":"DEBUG","args":["[Manus] Debug collector initialized (no rrweb, UI events only)"],"stack":null}
[2026-04-29T05:00:34.362Z] {"timestamp":1777438833571,"level":"DEBUG","args":["[vite] connected."],"stack":null}
[2026-04-29T05:00:34.362Z] {"timestamp":1777438834724,"level":"WARN","args":["Google Maps JavaScript API has been loaded directly without loading=async. This can result in suboptimal performance. For best-practice loading patterns please see https://goo.gle/js-api-loading"],"stack":null}
[2026-04-29T05:00:34.362Z] {"timestamp":1777438834766,"level":"WARN","args":["<gmp-advanced-marker>: Please use addEventListener('gmp-click', ...) instead of addEventListener('click', ...)."],"stack":null}
[2026-04-29T05:00:37.529Z] {"timestamp":1777438836526,"level":"DEBUG","args":["[Manus] Debug collector initialized (no rrweb, UI events only)"],"stack":null}
[2026-04-29T05:00:37.529Z] {"timestamp":1777438836776,"level":"DEBUG","args":["[vite] connected."],"stack":null}
[2026-04-29T05:00:37.529Z] {"timestamp":1777438837821,"level":"WARN","args":["Google Maps JavaScript API has been loaded directly without loading=async. This can result in suboptimal performance. For best-practice loading patterns please see https://goo.gle/js-api-loading"],"stack":null}
[2026-04-29T05:00:37.529Z] {"timestamp":1777438837839,"level":"WARN","args":["<gmp-advanced-marker>: Please use addEventListener('gmp-click', ...) instead of addEventListener('click', ...)."],"stack":null}
[2026-05-01T11:02:37.479Z] {"timestamp":1777633355457,"level":"DEBUG","args":["[Manus] Debug collector initialized (no rrweb, UI events only)"],"stack":null}
[2026-05-01T11:02:37.479Z] {"timestamp":1777633355848,"level":"DEBUG","args":["[vite] connected."],"stack":null}
[2026-05-01T11:02:37.479Z] {"timestamp":1777633357155,"level":"INFO","args":["%cDownload the React DevTools for a better development experience: https://react.dev/link/react-devtools","font-weight:bold"],"stack":null}
[2026-05-01T11:09:39.922Z] {"timestamp":1777633777917,"level":"DEBUG","args":["[Manus] Debug collector initialized (no rrweb, UI events only)"],"stack":null}
[2026-05-01T11:09:39.922Z] {"timestamp":1777633777929,"level":"DEBUG","args":["[vite] connected."],"stack":null}
[2026-05-01T11:09:39.922Z] {"timestamp":1777633778112,"level":"INFO","args":["%cDownload the React DevTools for a better development experience: https://react.dev/link/react-devtools","font-weight:bold"],"stack":null}
[2026-05-01T21:33:10.834Z] {"timestamp":1777671188828,"level":"DEBUG","args":["[Manus] Debug collector initialized (no rrweb, UI events only)"],"stack":null}
[2026-05-01T21:33:10.834Z] {"timestamp":1777671188839,"level":"DEBUG","args":["[vite] connected."],"stack":null}
[2026-05-01T21:33:10.834Z] {"timestamp":1777671189115,"level":"INFO","args":["%cDownload the React DevTools for a better development experience: https://react.dev/link/react-devtools","font-weight:bold"],"stack":null}
[2026-05-01T21:33:40.251Z] {"timestamp":1777671218238,"level":"DEBUG","args":["[Manus] Debug collector initialized (no rrweb, UI events only)"],"stack":null}
[2026-05-01T21:33:40.251Z] {"timestamp":1777671218248,"level":"DEBUG","args":["[vite] connected."],"stack":null}
[2026-05-01T21:33:40.251Z] {"timestamp":1777671219759,"level":"INFO","args":["%cDownload the React DevTools for a better development experience: https://react.dev/link/react-devtools","font-weight:bold"],"stack":null}
[2026-05-01T21:37:02.851Z] {"timestamp":1777671420837,"level":"DEBUG","args":["[Manus] Debug collector initialized (no rrweb, UI events only)"],"stack":null}
[2026-05-01T21:37:02.851Z] {"timestamp":1777671420855,"level":"DEBUG","args":["[vite] connected."],"stack":null}
[2026-05-01T21:37:02.851Z] {"timestamp":1777671422416,"level":"INFO","args":["%cDownload the React DevTools for a better development experience: https://react.dev/link/react-devtools","font-weight:bold"],"stack":null}
[2026-05-01T21:38:31.488Z] {"timestamp":1777671509481,"level":"DEBUG","args":["[Manus] Debug collector initialized (no rrweb, UI events only)"],"stack":null}
[2026-05-01T21:38:31.488Z] {"timestamp":1777671509494,"level":"DEBUG","args":["[vite] connected."],"stack":null}
[2026-05-01T21:38:31.488Z] {"timestamp":1777671509686,"level":"INFO","args":["%cDownload the React DevTools for a better development experience: https://react.dev/link/react-devtools","font-weight:bold"],"stack":null}
[2026-05-05T22:46:59.436Z] {"timestamp":1778021217422,"level":"DEBUG","args":["[Manus] Debug collector initialized (no rrweb, UI events only)"],"stack":null}
[2026-05-05T22:46:59.436Z] {"timestamp":1778021217433,"level":"DEBUG","args":["[vite] connected."],"stack":null}
[2026-05-05T22:46:59.436Z] {"timestamp":1778021218839,"level":"INFO","args":["%cDownload the React DevTools for a better development experience: https://react.dev/link/react-devtools","font-weight:bold"],"stack":null}
[2026-05-05T22:47:28.848Z] {"timestamp":1778021246790,"level":"DEBUG","args":["[Manus] Debug collector initialized (no rrweb, UI events only)"],"stack":null}
[2026-05-05T22:47:28.848Z] {"timestamp":1778021246818,"level":"DEBUG","args":["[vite] connected."],"stack":null}
[2026-05-05T22:47:28.848Z] {"timestamp":1778021247172,"level":"INFO","args":["%cDownload the React DevTools for a better development experience: https://react.dev/link/react-devtools","font-weight:bold"],"stack":null}
[2026-05-05T22:47:42.341Z] {"timestamp":1778021260327,"level":"DEBUG","args":["[Manus] Debug collector initialized (no rrweb, UI events only)"],"stack":null}
[2026-05-05T22:47:42.341Z] {"timestamp":1778021260350,"level":"DEBUG","args":["[vite] connected."],"stack":null}
[2026-05-05T22:47:42.341Z] {"timestamp":1778021260672,"level":"INFO","args":["%cDownload the React DevTools for a better development experience: https://react.dev/link/react-devtools","font-weight:bold"],"stack":null}
[2026-05-05T22:52:23.751Z] {"timestamp":1778021541737,"level":"DEBUG","args":["[Manus] Debug collector initialized (no rrweb, UI events only)"],"stack":null}
[2026-05-05T22:52:23.751Z] {"timestamp":1778021541842,"level":"DEBUG","args":["[vite] connected."],"stack":null}
[2026-05-05T22:52:23.751Z] {"timestamp":1778021543167,"level":"INFO","args":["%cDownload the React DevTools for a better development experience: https://react.dev/link/react-devtools","font-weight:bold"],"stack":null}
[2026-05-05T22:57:48.253Z] {"timestamp":1778021866248,"level":"DEBUG","args":["[Manus] Debug collector initialized (no rrweb, UI events only)"],"stack":null}
[2026-05-05T22:57:48.253Z] {"timestamp":1778021866268,"level":"DEBUG","args":["[vite] connected."],"stack":null}
[2026-05-05T22:57:48.253Z] {"timestamp":1778021866483,"level":"INFO","args":["%cDownload the React DevTools for a better development experience: https://react.dev/link/react-devtools","font-weight:bold"],"stack":null}
[2026-05-07T05:00:15.817Z] {"timestamp":1778130014146,"level":"DEBUG","args":["[Manus] Debug collector initialized (no rrweb, UI events only)"],"stack":null}
[2026-05-07T05:00:15.817Z] {"timestamp":1778130014409,"level":"DEBUG","args":["[vite] connected."],"stack":null}
[2026-05-07T05:00:17.967Z] {"timestamp":1778130017849,"level":"WARN","args":["Google Maps JavaScript API has been loaded directly without loading=async. This can result in suboptimal performance. For best-practice loading patterns please see https://goo.gle/js-api-loading"],"stack":null}
[2026-05-07T05:00:17.967Z] {"timestamp":1778130017876,"level":"WARN","args":["<gmp-advanced-marker>: Please use addEventListener('gmp-click', ...) instead of addEventListener('click', ...)."],"stack":null}
[2026-05-07T05:00:20.899Z] {"timestamp":1778130018968,"level":"DEBUG","args":["[Manus] Debug collector initialized (no rrweb, UI events only)"],"stack":null}
[2026-05-07T05:00:20.899Z] {"timestamp":1778130019221,"level":"DEBUG","args":["[vite] connected."],"stack":null}
[2026-05-07T05:00:20.899Z] {"timestamp":1778130020083,"level":"WARN","args":["Google Maps JavaScript API has been loaded directly without loading=async. This can result in suboptimal performance. For best-practice loading patterns please see https://goo.gle/js-api-loading"],"stack":null}
[2026-05-07T05:00:20.899Z] {"timestamp":1778130020111,"level":"WARN","args":["<gmp-advanced-marker>: Please use addEventListener('gmp-click', ...) instead of addEventListener('click', ...)."],"stack":null}
[2026-05-07T05:01:06.841Z] {"timestamp":1778130064860,"level":"DEBUG","args":["[Manus] Debug collector initialized (no rrweb, UI events only)"],"stack":null}
[2026-05-07T05:01:06.841Z] {"timestamp":1778130065117,"level":"DEBUG","args":["[vite] connected."],"stack":null}
[2026-05-07T05:01:06.841Z] {"timestamp":1778130066238,"level":"WARN","args":["Google Maps JavaScript API has been loaded directly without loading=async. This can result in suboptimal performance. For best-practice loading patterns please see https://goo.gle/js-api-loading"],"stack":null}
[2026-05-07T05:01:06.841Z] {"timestamp":1778130066255,"level":"WARN","args":["<gmp-advanced-marker>: Please use addEventListener('gmp-click', ...) instead of addEventListener('click', ...)."],"stack":null}
[2026-05-07T05:01:12.235Z] {"timestamp":1778130070300,"level":"DEBUG","args":["[Manus] Debug collector initialized (no rrweb, UI events only)"],"stack":null}
[2026-05-07T05:01:12.235Z] {"timestamp":1778130070552,"level":"DEBUG","args":["[vite] connected."],"stack":null}
[2026-05-07T05:01:12.235Z] {"timestamp":1778130071589,"level":"WARN","args":["Google Maps JavaScript API has been loaded directly without loading=async. This can result in suboptimal performance. For best-practice loading patterns please see https://goo.gle/js-api-loading"],"stack":null}
[2026-05-07T05:01:12.235Z] {"timestamp":1778130071604,"level":"WARN","args":["<gmp-advanced-marker>: Please use addEventListener('gmp-click', ...) instead of addEventListener('click', ...)."],"stack":null}
[2026-05-07T05:01:30.223Z] {"timestamp":1778130089761,"level":"ERROR","args":["Encountered two children with the same key, `%s`. Keys should be unique so that components maintain their identity across updates. Non-unique keys may cause children to be duplicated and/or omitted — the behavior is unsupported and could change in a future version.","Americanthinker.com-2026-05-06T04:00:00Z"],"stack":"Error\n    at console.<computed> [as error] (https://3000-iwi3fzzw46c2utma7n3fo-5ac9c38d.sg1.manus.computer/__manus__/debug-collector.js:391:37)\n    at https://3000-iwi3fzzw46c2utma7n3fo-5ac9c38d.sg1.manus.computer/@fs/home/ubuntu/crisispath/node_modules/.vite/deps/react-dom_client.js?v=9d05b1c3:4925:25\n    at runWithFiberInDEV (https://3000-iwi3fzzw46c2utma7n3fo-5ac9c38d.sg1.manus.computer/@fs/home/ubuntu/crisispath/node_modules/.vite/deps/react-dom_client.js?v=9d05b1c3:997:72)\n    at warnOnInvalidKey (https://3000-iwi3fzzw46c2utma7n3fo-5ac9c38d.sg1.manus.computer/@fs/home/ubuntu/crisispath/node_modules/.vite/deps/react-dom_client.js?v=9d05b1c3:4924:15)\n    at reconcileChildrenArray (https://3000-iwi3fzzw46c2utma7n3fo-5ac9c38d.sg1.manus.computer/@fs/home/ubuntu/crisispath/node_modules/.vite/deps/react-dom_client.js?v=9d05b1c3:4965:114)\n    at reconcileChildFibersImpl (https://3000-iwi3fzzw46c2utma7n3fo-5ac9c38d.sg1.manus.computer/@fs/home/ubuntu/crisispath/node_modules/.vite/deps/react-dom_client.js?v=9d05b1c3:5171:88)\n    at https://3000-iwi3fzzw46c2utma7n3fo-5ac9c38d.sg1.manus.computer/@fs/home/ubuntu/crisispath/node_modules/.vite/deps/react-dom_client.js?v=9d05b1c3:5237:35\n    at reconcileChildren (https://3000-iwi3fzzw46c2utma7n3fo-5ac9c38d.sg1.manus.computer/@fs/home/ubuntu/crisispath/node_modules/.vite/deps/react-dom_client.js?v=9d05b1c3:7182:53)\n    at beginWork (https://3000-iwi3fzzw46c2utma7n3fo-5ac9c38d.sg1.manus.computer/@fs/home/ubuntu/crisispath/node_modules/.vite/deps/react-dom_client.js?v=9d05b1c3:8701:104)\n    at runWithFiberInDEV (https://3000-iwi3fzzw46c2utma7n3fo-5ac9c38d.sg1.manus.computer/@fs/home/ubuntu/crisispath/node_modules/.vite/deps/react-dom_client.js?v=9d05b1c3:997:72)"}
[2026-05-07T05:01:34.226Z] {"timestamp":1778130093122,"level":"ERROR","args":["Encountered two children with the same key, `%s`. Keys should be unique so that components maintain their identity across updates. Non-unique keys may cause children to be duplicated and/or omitted — the behavior is unsupported and could change in a future version.","Plos.org-2026-05-05T14:00:00Z"],"stack":"Error\n    at console.<computed> [as error] (https://3000-iwi3fzzw46c2utma7n3fo-5ac9c38d.sg1.manus.computer/__manus__/debug-collector.js:391:37)\n    at https://3000-iwi3fzzw46c2utma7n3fo-5ac9c38d.sg1.manus.computer/@fs/home/ubuntu/crisispath/node_modules/.vite/deps/react-dom_client.js?v=9d05b1c3:4925:25\n    at runWithFiberInDEV (https://3000-iwi3fzzw46c2utma7n3fo-5ac9c38d.sg1.manus.computer/@fs/home/ubuntu/crisispath/node_modules/.vite/deps/react-dom_client.js?v=9d05b1c3:997:72)\n    at warnOnInvalidKey (https://3000-iwi3fzzw46c2utma7n3fo-5ac9c38d.sg1.manus.computer/@fs/home/ubuntu/crisispath/node_modules/.vite/deps/react-dom_client.js?v=9d05b1c3:4924:15)\n    at reconcileChildrenArray (https://3000-iwi3fzzw46c2utma7n3fo-5ac9c38d.sg1.manus.computer/@fs/home/ubuntu/crisispath/node_modules/.vite/deps/react-dom_client.js?v=9d05b1c3:4965:114)\n    at reconcileChildFibersImpl (https://3000-iwi3fzzw46c2utma7n3fo-5ac9c38d.sg1.manus.computer/@fs/home/ubuntu/crisispath/node_modules/.vite/deps/react-dom_client.js?v=9d05b1c3:5171:88)\n    at https://3000-iwi3fzzw46c2utma7n3fo-5ac9c38d.sg1.manus.computer/@fs/home/ubuntu/crisispath/node_modules/.vite/deps/react-dom_client.js?v=9d05b1c3:5237:35\n    at reconcileChildren (https://3000-iwi3fzzw46c2utma7n3fo-5ac9c38d.sg1.manus.computer/@fs/home/ubuntu/crisispath/node_modules/.vite/deps/react-dom_client.js?v=9d05b1c3:7182:53)\n    at beginWork (https://3000-iwi3fzzw46c2utma7n3fo-5ac9c38d.sg1.manus.computer/@fs/home/ubuntu/crisispath/node_modules/.vite/deps/react-dom_client.js?v=9d05b1c3:8701:104)\n    at runWithFiberInDEV (https://3000-iwi3fzzw46c2utma7n3fo-5ac9c38d.sg1.manus.computer/@fs/home/ubuntu/crisispath/node_modules/.vite/deps/react-dom_client.js?v=9d05b1c3:997:72)"}
[2026-05-07T05:01:36.237Z] {"timestamp":1778130094522,"level":"WARN","args":["Element with name \"gmp-internal-loading-text\" already defined."],"stack":null}
[2026-05-07T05:01:36.237Z] {"timestamp":1778130094522,"level":"WARN","args":["Element with name \"gmp-internal-request-error-text\" already defined."],"stack":null}
[2026-05-07T05:01:36.237Z] {"timestamp":1778130094523,"level":"WARN","args":["Element with name \"gmp-internal-back-button\" already defined."],"stack":null}
[2026-05-07T05:01:36.237Z] {"timestamp":1778130094523,"level":"WARN","args":["Element with name \"gmp-internal-dialog\" already defined."],"stack":null}
[2026-05-07T05:01:36.237Z] {"timestamp":1778130094523,"level":"WARN","args":["Element with name \"gmp-internal-disclosure\" already defined."],"stack":null}
[2026-05-07T05:01:36.237Z] {"timestamp":1778130094523,"level":"WARN","args":["Element with name \"gmp-internal-disclosure-section\" already defined."],"stack":null}
[2026-05-07T05:01:36.237Z] {"timestamp":1778130094523,"level":"WARN","args":["Element with name \"gmp-internal-attribution\" already defined."],"stack":null}
[2026-05-07T05:01:36.237Z] {"timestamp":1778130094524,"level":"WARN","args":["Element with name \"gmp-internal-element-support-verification\" already defined."],"stack":null}
[2026-05-07T05:01:36.237Z] {"timestamp":1778130094524,"level":"ERROR","args":["You have included the Google Maps JavaScript API multiple times on this page. This may cause unexpected errors."],"stack":"Error\n    at console.<computed> [as error] (https://3000-iwi3fzzw46c2utma7n3fo-5ac9c38d.sg1.manus.computer/__manus__/debug-collector.js:391:37)\n    at Kea (https://forge.manus.ai/v1/maps/proxy/maps/api/js?key=cvZzDbPkXuMKHHX2jcgL3z&v=weekly&libraries=marker,places,geocoding,geometry:2248:273)\n    at Sea (https://forge.manus.ai/v1/maps/proxy/maps/api/js?key=cvZzDbPkXuMKHHX2jcgL3z&v=weekly&libraries=marker,places,geocoding,geometry:2241:69)\n    at google.maps.Load (https://forge.manus.ai/v1/maps/proxy/maps/api/js?key=cvZzDbPkXuMKHHX2jcgL3z&v=weekly&libraries=marker,places,geocoding,geometry:14:5)\n    at https://forge.manus.ai/v1/maps/proxy/maps/api/js?key=cvZzDbPkXuMKHHX2jcgL3z&v=weekly&libraries=marker,places,geocoding,geometry:2554:267\n    at https://forge.manus.ai/v1/maps/proxy/maps/api/js?key=cvZzDbPkXuMKHHX2jcgL3z&v=weekly&libraries=marker,places,geocoding,geometry:2554:280"}
[2026-05-07T05:01:36.237Z] {"timestamp":1778130094555,"level":"WARN","args":["Google Maps JavaScript API has been loaded directly without loading=async. This can result in suboptimal performance. For best-practice loading patterns please see https://goo.gle/js-api-loading"],"stack":null}
[2026-05-07T05:01:36.237Z] {"timestamp":1778130094556,"level":"WARN","args":["Element with name \"gmp-internal-rating\" already defined."],"stack":null}
[2026-05-07T05:01:36.237Z] {"timestamp":1778130094556,"level":"WARN","args":["Element with name \"gmp-place-all-content\" already defined."],"stack":null}
[2026-05-07T05:01:36.237Z] {"timestamp":1778130094556,"level":"WARN","args":["Element with name \"gmp-internal-busyness-histogram\" already defined."],"stack":null}
[2026-05-07T05:01:36.237Z] {"timestamp":1778130094556,"level":"WARN","args":["Element with name \"gmp-internal-selection-button\" already defined."],"stack":null}
[2026-05-07T05:01:36.237Z] {"timestamp":1778130094556,"level":"WARN","args":["Element with name \"gmp-internal-place-busyness\" already defined."],"stack":null}
[2026-05-07T05:01:36.237Z] {"timestamp":1778130094556,"level":"WARN","args":["Element with name \"gmp-internal-link-button\" already defined."],"stack":null}
[2026-05-07T05:01:36.237Z] {"timestamp":1778130094557,"level":"WARN","args":["Element with name \"gmp-internal-menu\" already defined."],"stack":null}
[2026-05-07T05:01:36.237Z] {"timestamp":1778130094557,"level":"WARN","args":["Element with name \"gmp-internal-place-opening-hours\" already defined."],"stack":null}
[2026-05-07T05:01:36.237Z] {"timestamp":1778130094557,"level":"WARN","args":["Element with name \"gmp-internal-place-review\" already defined."],"stack":null}
[2026-05-07T05:01:36.237Z] {"timestamp":1778130094557,"level":"WARN","args":["Element with name \"gmp-internal-tabbed-layout\" already defined."],"stack":null}
[2026-05-07T05:01:36.237Z] {"timestamp":1778130094557,"level":"WARN","args":["Element with name \"gmp-internal-lightbox\" already defined."],"stack":null}
[2026-05-07T05:01:36.237Z] {"timestamp":1778130094557,"level":"WARN","args":["Element with name \"gmp-internal-collage\" already defined."],"stack":null}
[2026-05-07T05:01:36.237Z] {"timestamp":1778130094557,"level":"WARN","args":["Element with name \"gmp-internal-place-rating-summary\" already defined."],"stack":null}
[2026-05-07T05:01:36.237Z] {"timestamp":1778130094557,"level":"WARN","args":["Element with name \"gmp-place-content-config\" already defined."],"stack":null}
[2026-05-07T05:01:36.237Z] {"timestamp":1778130094557,"level":"WARN","args":["Element with name \"gmp-place-standard-content\" already defined."],"stack":null}
[2026-05-07T05:01:36.237Z] {"timestamp":1778130094557,"level":"WARN","args":["Element with name \"gmp-internal-place-basic-info\" already defined."],"stack":null}
[2026-05-07T05:01:36.237Z] {"timestamp":1778130094557,"level":"WARN","args":["Element with name \"gmp-place-details-location-request\" already defined."],"stack":null}
[2026-05-07T05:01:36.237Z] {"timestamp":1778130094557,"level":"WARN","args":["Element with name \"gmp-place-details-place-request\" already defined."],"stack":null}
[2026-05-07T05:01:36.237Z] {"timestamp":1778130094557,"level":"WARN","args":["Element with name \"gmp-internal-circular-loader\" already defined."],"stack":null}
[2026-05-07T05:01:36.237Z] {"timestamp":1778130094558,"level":"WARN","args":["Element with name \"gmp-place-details-compact\" already defined."],"stack":null}
[2026-05-07T05:01:36.237Z] {"timestamp":1778130094558,"level":"WARN","args":["Element with name \"gmp-internal-use-place-details-compact\" already defined."],"stack":null}
[2026-05-07T05:01:36.237Z] {"timestamp":1778130094558,"level":"WARN","args":["Element with name \"gmp-place-media\" already defined."],"stack":null}
[2026-05-07T05:01:36.237Z] {"timestamp":1778130094558,"level":"WARN","args":["Element with name \"gmp-place-address\" already defined."],"stack":null}
[2026-05-07T05:01:36.237Z] {"timestamp":1778130094558,"level":"WARN","args":["Element with name \"gmp-place-rating\" already defined."],"stack":null}
[2026-05-07T05:01:36.237Z] {"timestamp":1778130094558,"level":"WARN","args":["Element with name \"gmp-place-type\" already defined."],"stack":null}
[2026-05-07T05:01:36.237Z] {"timestamp":1778130094558,"level":"WARN","args":["Element with name \"gmp-place-price\" already defined."],"stack":null}
[2026-05-07T05:01:36.237Z] {"timestamp":1778130094558,"level":"WARN","args":["Element with name \"gmp-place-accessible-entrance-icon\" already defined."],"stack":null}
[2026-05-07T05:01:36.237Z] {"timestamp":1778130094558,"level":"WARN","args":["Element with name \"gmp-place-open-now-status\" already defined."],"stack":null}
[2026-05-07T05:01:36.237Z] {"timestamp":1778130094558,"level":"WARN","args":["Element with name \"gmp-place-attribution\" already defined."],"stack":null}
[2026-05-07T05:01:36.237Z] {"timestamp":1778130094558,"level":"WARN","args":["Element with name \"gmp-place-website\" already defined."],"stack":null}
[2026-05-07T05:01:36.237Z] {"timestamp":1778130094558,"level":"WARN","args":["Element with name \"gmp-place-phone-number\" already defined."],"stack":null}
[2026-05-07T05:01:36.237Z] {"timestamp":1778130094558,"level":"WARN","args":["Element with name \"gmp-place-opening-hours\" already defined."],"stack":null}
[2026-05-07T05:01:36.237Z] {"timestamp":1778130094558,"level":"WARN","args":["Element with name \"gmp-place-summary\" already defined."],"stack":null}
[2026-05-07T05:01:36.237Z] {"timestamp":1778130094558,"level":"WARN","args":["Element with name \"gmp-place-type-specific-highlights\" already defined."],"stack":null}
[2026-05-07T05:01:36.237Z] {"timestamp":1778130094558,"level":"WARN","args":["Element with name \"gmp-place-review-summary\" already defined."],"stack":null}
[2026-05-07T05:01:36.237Z] {"timestamp":1778130094558,"level":"WARN","args":["Element with name \"gmp-place-reviews\" already defined."],"stack":null}
[2026-05-07T05:01:36.237Z] {"timestamp":1778130094558,"level":"WARN","args":["Element with name \"gmp-place-plus-code\" already defined."],"stack":null}
[2026-05-07T05:01:36.237Z] {"timestamp":1778130094558,"level":"WARN","args":["Element with name \"gmp-place-feature-list\" already defined."],"stack":null}
[2026-05-07T05:01:36.237Z] {"timestamp":1778130094558,"level":"WARN","args":["Element with name \"gmp-place-details\" already defined."],"stack":null}
[2026-05-07T05:01:36.237Z] {"timestamp":1778130094558,"level":"WARN","args":["Element with name \"gmp-internal-place-carousel\" already defined."],"stack":null}
[2026-05-07T05:01:36.237Z] {"timestamp":1778130094558,"level":"WARN","args":["Element with name \"gmp-internal-place-search-list-item\" already defined."],"stack":null}
[2026-05-07T05:01:36.237Z] {"timestamp":1778130094558,"level":"WARN","args":["Element with name \"gmp-place-nearby-search-request\" already defined."],"stack":null}
[2026-05-07T05:01:36.237Z] {"timestamp":1778130094558,"level":"WARN","args":["Element with name \"gmp-place-text-search-request\" already defined."],"stack":null}
[2026-05-07T05:01:36.237Z] {"timestamp":1778130094558,"level":"WARN","args":["Element with name \"gmp-place-search\" already defined."],"stack":null}
[2026-05-07T05:01:36.237Z] {"timestamp":1778130094564,"level":"WARN","args":["Element with name \"gmp-pin\" already defined."],"stack":null}
[2026-05-07T05:01:36.237Z] {"timestamp":1778130094565,"level":"WARN","args":["Element with name \"gmp-internal-use-am\" already defined."],"stack":null}
[2026-05-07T05:01:36.237Z] {"timestamp":1778130094565,"level":"WARN","args":["Element with name \"gmp-map\" already defined."],"stack":null}
[2026-05-07T05:01:36.237Z] {"timestamp":1778130094566,"level":"WARN","args":["Element with name \"gmp-advanced-marker\" already defined."],"stack":null}
[2026-05-07T05:01:36.237Z] {"timestamp":1778130094566,"level":"WARN","args":["Element with name \"gmp-place-autocomplete\" already defined."],"stack":null}
[2026-05-07T05:01:36.237Z] {"timestamp":1778130094566,"level":"WARN","args":["Element with name \"gmp-basic-place-autocomplete\" already defined."],"stack":null}
[2026-05-07T05:01:36.237Z] {"timestamp":1778130094570,"level":"WARN","args":["<gmp-advanced-marker-nondeterministic-duplicate1>: Please use addEventListener('gmp-click', ...) instead of addEventListener('click', ...)."],"stack":null}
[2026-05-07T05:01:36.237Z] {"timestamp":1778130094964,"level":"WARN","args":["Element with name \"gmp-internal-camera-control\" already defined."],"stack":null}
[2026-05-07T05:03:24.216Z] {"timestamp":1778130201936,"level":"DEBUG","args":["[Manus] Debug collector initialized (no rrweb, UI events only)"],"stack":null}
[2026-05-07T05:03:24.216Z] {"timestamp":1778130202191,"level":"DEBUG","args":["[vite] connected."],"stack":null}
[2026-05-07T05:03:26.224Z] {"timestamp":1778130205138,"level":"WARN","args":["Google Maps JavaScript API has been loaded directly without loading=async. This can result in suboptimal performance. For best-practice loading patterns please see https://goo.gle/js-api-loading"],"stack":null}
[2026-05-07T05:03:26.224Z] {"timestamp":1778130205164,"level":"WARN","args":["<gmp-advanced-marker>: Please use addEventListener('gmp-click', ...) instead of addEventListener('click', ...)."],"stack":null}
[2026-05-07T05:03:30.232Z] {"timestamp":1778130208641,"level":"DEBUG","args":["[vite]","hot updated: /src/index.css"],"stack":null}
[2026-05-07T05:03:30.232Z] {"timestamp":1778130208642,"level":"DEBUG","args":["[vite]","hot updated: /src/components/FeedbackForm.tsx"],"stack":null}
[2026-05-07T05:03:41.217Z] {"timestamp":1778130219184,"level":"DEBUG","args":["[Manus] Debug collector initialized (no rrweb, UI events only)"],"stack":null}
[2026-05-07T05:03:41.217Z] {"timestamp":1778130219447,"level":"DEBUG","args":["[vite] connected."],"stack":null}
[2026-05-07T05:03:43.231Z] {"timestamp":1778130222120,"level":"WARN","args":["Google Maps JavaScript API has been loaded directly without loading=async. This can result in suboptimal performance. For best-practice loading patterns please see https://goo.gle/js-api-loading"],"stack":null}
[2026-05-07T05:03:43.231Z] {"timestamp":1778130222136,"level":"WARN","args":["<gmp-advanced-marker>: Please use addEventListener('gmp-click', ...) instead of addEventListener('click', ...)."],"stack":null}
[2026-05-07T05:03:49.224Z] {"timestamp":1778130228390,"level":"DEBUG","args":["[vite]","hot updated: /src/index.css"],"stack":null}
[2026-05-07T05:03:56.220Z] {"timestamp":1778130234097,"level":"DEBUG","args":["[Manus] Debug collector initialized (no rrweb, UI events only)"],"stack":null}
[2026-05-07T05:03:56.220Z] {"timestamp":1778130234369,"level":"DEBUG","args":["[vite] connected."],"stack":null}
[2026-05-07T05:03:59.752Z] {"timestamp":1778130237747,"level":"DEBUG","args":["[Manus] Debug collector initialized (no rrweb, UI events only)"],"stack":null}
[2026-05-07T05:03:59.753Z] {"timestamp":1778130237756,"level":"DEBUG","args":["[vite] connected."],"stack":null}
[2026-05-07T05:03:59.753Z] {"timestamp":1778130237984,"level":"INFO","args":["%cDownload the React DevTools for a better development experience: https://react.dev/link/react-devtools","font-weight:bold"],"stack":null}
[2026-05-07T05:04:00.215Z] {"timestamp":1778130237942,"level":"DEBUG","args":["[Manus] Debug collector initialized (no rrweb, UI events only)"],"stack":null}
[2026-05-07T05:04:00.215Z] {"timestamp":1778130238193,"level":"DEBUG","args":["[vite] connected."],"stack":null}
[2026-05-07T05:04:00.215Z] {"timestamp":1778130239148,"level":"WARN","args":["Google Maps JavaScript API has been loaded directly without loading=async. This can result in suboptimal performance. For best-practice loading patterns please see https://goo.gle/js-api-loading"],"stack":null}
[2026-05-07T05:04:00.215Z] {"timestamp":1778130239165,"level":"WARN","args":["<gmp-advanced-marker>: Please use addEventListener('gmp-click', ...) instead of addEventListener('click', ...)."],"stack":null}
[2026-05-07T05:04:40.222Z] {"timestamp":1778130280336,"level":"DEBUG","args":["[vite]","hot updated: /src/index.css"],"stack":null}
[2026-05-07T05:05:09.233Z] {"timestamp":1778130307300,"level":"DEBUG","args":["[Manus] Debug collector initialized (no rrweb, UI events only)"],"stack":null}
[2026-05-07T05:05:09.233Z] {"timestamp":1778130307556,"level":"DEBUG","args":["[vite] connected."],"stack":null}
[2026-05-07T05:05:09.233Z] {"timestamp":1778130308499,"level":"WARN","args":["Google Maps JavaScript API has been loaded directly without loading=async. This can result in suboptimal performance. For best-practice loading patterns please see https://goo.gle/js-api-loading"],"stack":null}
[2026-05-07T05:05:09.233Z] {"timestamp":1778130308517,"level":"WARN","args":["<gmp-advanced-marker>: Please use addEventListener('gmp-click', ...) instead of addEventListener('click', ...)."],"stack":null}
[2026-05-07T05:05:11.896Z] {"timestamp":1778130309974,"level":"DEBUG","args":["[Manus] Debug collector initialized (no rrweb, UI events only)"],"stack":null}
[2026-05-07T05:05:11.896Z] {"timestamp":1778130310234,"level":"DEBUG","args":["[vite] connected."],"stack":null}
[2026-05-07T05:05:11.896Z] {"timestamp":1778130311125,"level":"WARN","args":["Google Maps JavaScript API has been loaded directly without loading=async. This can result in suboptimal performance. For best-practice loading patterns please see https://goo.gle/js-api-loading"],"stack":null}
[2026-05-07T05:05:11.896Z] {"timestamp":1778130311139,"level":"WARN","args":["<gmp-advanced-marker>: Please use addEventListener('gmp-click', ...) instead of addEventListener('click', ...)."],"stack":null}
[2026-05-07T05:05:32.474Z] {"timestamp":1778130330469,"level":"DEBUG","args":["[Manus] Debug collector initialized (no rrweb, UI events only)"],"stack":null}
[2026-05-07T05:05:32.474Z] {"timestamp":1778130330482,"level":"DEBUG","args":["[vite] connected."],"stack":null}
[2026-05-07T05:05:32.474Z] {"timestamp":1778130330726,"level":"INFO","args":["%cDownload the React DevTools for a better development experience: https://react.dev/link/react-devtools","font-weight:bold"],"stack":null}
[2026-05-07T05:06:04.220Z] {"timestamp":1778130361522,"level":"DEBUG","args":["[Manus] Debug collector initialized (no rrweb, UI events only)"],"stack":null}
[2026-05-07T05:06:04.220Z] {"timestamp":1778130361772,"level":"DEBUG","args":["[vite] connected."],"stack":null}
[2026-05-07T05:06:06.219Z] {"timestamp":1778130364509,"level":"WARN","args":["Google Maps JavaScript API has been loaded directly without loading=async. This can result in suboptimal performance. For best-practice loading patterns please see https://goo.gle/js-api-loading"],"stack":null}
[2026-05-07T05:06:06.219Z] {"timestamp":1778130364526,"level":"WARN","args":["<gmp-advanced-marker>: Please use addEventListener('gmp-click', ...) instead of addEventListener('click', ...)."],"stack":null}
[2026-05-07T05:06:24.226Z] {"timestamp":1778130381613,"level":"DEBUG","args":["[Manus] Debug collector initialized (no rrweb, UI events only)"],"stack":null}
[2026-05-07T05:06:24.226Z] {"timestamp":1778130381865,"level":"DEBUG","args":["[vite] connected."],"stack":null}
[2026-05-07T05:06:24.226Z] {"timestamp":1778130383536,"level":"WARN","args":["Google Maps JavaScript API has been loaded directly without loading=async. This can result in suboptimal performance. For best-practice loading patterns please see https://goo.gle/js-api-loading"],"stack":null}
[2026-05-07T05:06:24.226Z] {"timestamp":1778130383549,"level":"WARN","args":["<gmp-advanced-marker>: Please use addEventListener('gmp-click', ...) instead of addEventListener('click', ...)."],"stack":null}
[2026-05-07T05:09:17.458Z] {"timestamp":1778130557366,"level":"WARN","args":["Warning: Missing `Description` or `aria-describedby={undefined}` for {DialogContent}."],"stack":null}
[2026-05-07T05:09:21.464Z] {"timestamp":1778130560768,"level":"WARN","args":["Warning: Missing `Description` or `aria-describedby={undefined}` for {DialogContent}."],"stack":null}
[2026-05-07T05:09:25.458Z] {"timestamp":1778130564866,"level":"WARN","args":["Warning: Missing `Description` or `aria-describedby={undefined}` for {DialogContent}."],"stack":null}
[2026-05-07T05:09:29.542Z] {"timestamp":1778130569492,"level":"WARN","args":["Element with name \"gmp-internal-loading-text\" already defined."],"stack":null}
[2026-05-07T05:09:29.542Z] {"timestamp":1778130569492,"level":"WARN","args":["Element with name \"gmp-internal-request-error-text\" already defined."],"stack":null}
[2026-05-07T05:09:29.542Z] {"timestamp":1778130569493,"level":"WARN","args":["Element with name \"gmp-internal-back-button\" already defined."],"stack":null}
[2026-05-07T05:09:29.542Z] {"timestamp":1778130569493,"level":"WARN","args":["Element with name \"gmp-internal-dialog\" already defined."],"stack":null}
[2026-05-07T05:09:29.542Z] {"timestamp":1778130569493,"level":"WARN","args":["Element with name \"gmp-internal-disclosure\" already defined."],"stack":null}
[2026-05-07T05:09:29.542Z] {"timestamp":1778130569493,"level":"WARN","args":["Element with name \"gmp-internal-disclosure-section\" already defined."],"stack":null}
[2026-05-07T05:09:29.542Z] {"timestamp":1778130569493,"level":"WARN","args":["Element with name \"gmp-internal-attribution\" already defined."],"stack":null}
[2026-05-07T05:09:29.542Z] {"timestamp":1778130569494,"level":"WARN","args":["Element with name \"gmp-internal-element-support-verification\" already defined."],"stack":null}
[2026-05-07T05:09:29.542Z] {"timestamp":1778130569494,"level":"ERROR","args":["You have included the Google Maps JavaScript API multiple times on this page. This may cause unexpected errors."],"stack":"Error\n    at console.<computed> [as error] (https://3000-iwi3fzzw46c2utma7n3fo-5ac9c38d.sg1.manus.computer/__manus__/debug-collector.js:391:37)\n    at Kea (https://forge.manus.ai/v1/maps/proxy/maps/api/js?key=cvZzDbPkXuMKHHX2jcgL3z&v=weekly&libraries=marker,places,geocoding,geometry:2248:273)\n    at Sea (https://forge.manus.ai/v1/maps/proxy/maps/api/js?key=cvZzDbPkXuMKHHX2jcgL3z&v=weekly&libraries=marker,places,geocoding,geometry:2241:69)\n    at google.maps.Load (https://forge.manus.ai/v1/maps/proxy/maps/api/js?key=cvZzDbPkXuMKHHX2jcgL3z&v=weekly&libraries=marker,places,geocoding,geometry:14:5)\n    at https://forge.manus.ai/v1/maps/proxy/maps/api/js?key=cvZzDbPkXuMKHHX2jcgL3z&v=weekly&libraries=marker,places,geocoding,geometry:2554:267\n    at https://forge.manus.ai/v1/maps/proxy/maps/api/js?key=cvZzDbPkXuMKHHX2jcgL3z&v=weekly&libraries=marker,places,geocoding,geometry:2554:280"}
[2026-05-07T05:09:29.542Z] {"timestamp":1778130569519,"level":"WARN","args":["Google Maps JavaScript API has been loaded directly without loading=async. This can result in suboptimal performance. For best-practice loading patterns please see https://goo.gle/js-api-loading"],"stack":null}
[2026-05-07T05:09:29.542Z] {"timestamp":1778130569520,"level":"WARN","args":["Element with name \"gmp-internal-rating\" already defined."],"stack":null}
[2026-05-07T05:09:29.542Z] {"timestamp":1778130569520,"level":"WARN","args":["Element with name \"gmp-place-all-content\" already defined."],"stack":null}
[2026-05-07T05:09:29.542Z] {"timestamp":1778130569520,"level":"WARN","args":["Element with name \"gmp-internal-busyness-histogram\" already defined."],"stack":null}
[2026-05-07T05:09:29.542Z] {"timestamp":1778130569520,"level":"WARN","args":["Element with name \"gmp-internal-selection-button\" already defined."],"stack":null}
[2026-05-07T05:09:29.542Z] {"timestamp":1778130569520,"level":"WARN","args":["Element with name \"gmp-internal-place-busyness\" already defined."],"stack":null}
[2026-05-07T05:09:29.542Z] {"timestamp":1778130569520,"level":"WARN","args":["Element with name \"gmp-internal-link-button\" already defined."],"stack":null}
[2026-05-07T05:09:29.542Z] {"timestamp":1778130569520,"level":"WARN","args":["Element with name \"gmp-internal-menu\" already defined."],"stack":null}
[2026-05-07T05:09:29.542Z] {"timestamp":1778130569521,"level":"WARN","args":["Element with name \"gmp-internal-place-opening-hours\" already defined."],"stack":null}
[2026-05-07T05:09:29.542Z] {"timestamp":1778130569521,"level":"WARN","args":["Element with name \"gmp-internal-place-review\" already defined."],"stack":null}
[2026-05-07T05:09:29.542Z] {"timestamp":1778130569521,"level":"WARN","args":["Element with name \"gmp-internal-tabbed-layout\" already defined."],"stack":null}
[2026-05-07T05:09:29.542Z] {"timestamp":1778130569521,"level":"WARN","args":["Element with name \"gmp-internal-lightbox\" already defined."],"stack":null}
[2026-05-07T05:09:29.542Z] {"timestamp":1778130569521,"level":"WARN","args":["Element with name \"gmp-internal-collage\" already defined."],"stack":null}
[2026-05-07T05:09:29.543Z] {"timestamp":1778130569521,"level":"WARN","args":["Element with name \"gmp-internal-place-rating-summary\" already defined."],"stack":null}
[2026-05-07T05:09:29.543Z] {"timestamp":1778130569521,"level":"WARN","args":["Element with name \"gmp-place-content-config\" already defined."],"stack":null}
[2026-05-07T05:09:29.543Z] {"timestamp":1778130569521,"level":"WARN","args":["Element with name \"gmp-place-standard-content\" already defined."],"stack":null}
[2026-05-07T05:09:29.543Z] {"timestamp":1778130569521,"level":"WARN","args":["Element with name \"gmp-internal-place-basic-info\" already defined."],"stack":null}
[2026-05-07T05:09:29.543Z] {"timestamp":1778130569522,"level":"WARN","args":["Element with name \"gmp-place-details-location-request\" already defined."],"stack":null}
[2026-05-07T05:09:29.543Z] {"timestamp":1778130569522,"level":"WARN","args":["Element with name \"gmp-place-details-place-request\" already defined."],"stack":null}
[2026-05-07T05:09:29.543Z] {"timestamp":1778130569522,"level":"WARN","args":["Element with name \"gmp-internal-circular-loader\" already defined."],"stack":null}
[2026-05-07T05:09:29.543Z] {"timestamp":1778130569522,"level":"WARN","args":["Element with name \"gmp-place-details-compact\" already defined."],"stack":null}
[2026-05-07T05:09:29.543Z] {"timestamp":1778130569522,"level":"WARN","args":["Element with name \"gmp-internal-use-place-details-compact\" already defined."],"stack":null}
[2026-05-07T05:09:29.543Z] {"timestamp":1778130569522,"level":"WARN","args":["Element with name \"gmp-place-media\" already defined."],"stack":null}
[2026-05-07T05:09:29.543Z] {"timestamp":1778130569522,"level":"WARN","args":["Element with name \"gmp-place-address\" already defined."],"stack":null}
[2026-05-07T05:09:29.543Z] {"timestamp":1778130569522,"level":"WARN","args":["Element with name \"gmp-place-rating\" already defined."],"stack":null}
[2026-05-07T05:09:29.543Z] {"timestamp":1778130569522,"level":"WARN","args":["Element with name \"gmp-place-type\" already defined."],"stack":null}
[2026-05-07T05:09:29.543Z] {"timestamp":1778130569522,"level":"WARN","args":["Element with name \"gmp-place-price\" already defined."],"stack":null}
[2026-05-07T05:09:29.543Z] {"timestamp":1778130569522,"level":"WARN","args":["Element with name \"gmp-place-accessible-entrance-icon\" already defined."],"stack":null}
[2026-05-07T05:09:29.543Z] {"timestamp":1778130569522,"level":"WARN","args":["Element with name \"gmp-place-open-now-status\" already defined."],"stack":null}
[2026-05-07T05:09:29.543Z] {"timestamp":1778130569522,"level":"WARN","args":["Element with name \"gmp-place-attribution\" already defined."],"stack":null}
[2026-05-07T05:09:29.543Z] {"timestamp":1778130569522,"level":"WARN","args":["Element with name \"gmp-place-website\" already defined."],"stack":null}
[2026-05-07T05:09:29.543Z] {"timestamp":1778130569522,"level":"WARN","args":["Element with name \"gmp-place-phone-number\" already defined."],"stack":null}
[2026-05-07T05:09:29.543Z] {"timestamp":1778130569522,"level":"WARN","args":["Element with name \"gmp-place-opening-hours\" already defined."],"stack":null}
[2026-05-07T05:09:29.543Z] {"timestamp":1778130569522,"level":"WARN","args":["Element with name \"gmp-place-summary\" already defined."],"stack":null}
[2026-05-07T05:09:29.543Z] {"timestamp":1778130569522,"level":"WARN","args":["Element with name \"gmp-place-type-specific-highlights\" already defined."],"stack":null}
[2026-05-07T05:09:29.543Z] {"timestamp":1778130569522,"level":"WARN","args":["Element with name \"gmp-place-review-summary\" already defined."],"stack":null}
[2026-05-07T05:09:29.543Z] {"timestamp":1778130569522,"level":"WARN","args":["Element with name \"gmp-place-reviews\" already defined."],"stack":null}
[2026-05-07T05:09:29.543Z] {"timestamp":1778130569522,"level":"WARN","args":["Element with name \"gmp-place-plus-code\" already defined."],"stack":null}
[2026-05-07T05:09:29.543Z] {"timestamp":1778130569522,"level":"WARN","args":["Element with name \"gmp-place-feature-list\" already defined."],"stack":null}
[2026-05-07T05:09:29.543Z] {"timestamp":1778130569522,"level":"WARN","args":["Element with name \"gmp-place-details\" already defined."],"stack":null}
[2026-05-07T05:09:29.543Z] {"timestamp":1778130569523,"level":"WARN","args":["Element with name \"gmp-internal-place-carousel\" already defined."],"stack":null}
[2026-05-07T05:09:29.543Z] {"timestamp":1778130569523,"level":"WARN","args":["Element with name \"gmp-internal-place-search-list-item\" already defined."],"stack":null}
[2026-05-07T05:09:29.543Z] {"timestamp":1778130569523,"level":"WARN","args":["Element with name \"gmp-place-nearby-search-request\" already defined."],"stack":null}
[2026-05-07T05:09:29.543Z] {"timestamp":1778130569523,"level":"WARN","args":["Element with name \"gmp-place-text-search-request\" already defined."],"stack":null}
[2026-05-07T05:09:29.543Z] {"timestamp":1778130569523,"level":"WARN","args":["Element with name \"gmp-place-search\" already defined."],"stack":null}
[2026-05-07T05:09:29.543Z] {"timestamp":1778130569527,"level":"WARN","args":["Element with name \"gmp-pin\" already defined."],"stack":null}
[2026-05-07T05:09:29.543Z] {"timestamp":1778130569529,"level":"WARN","args":["Element with name \"gmp-internal-use-am\" already defined."],"stack":null}
[2026-05-07T05:09:29.543Z] {"timestamp":1778130569529,"level":"WARN","args":["Element with name \"gmp-map\" already defined."],"stack":null}
[2026-05-07T05:09:29.543Z] {"timestamp":1778130569530,"level":"WARN","args":["Element with name \"gmp-advanced-marker\" already defined."],"stack":null}
[2026-05-07T05:09:29.543Z] {"timestamp":1778130569530,"level":"WARN","args":["Element with name \"gmp-place-autocomplete\" already defined."],"stack":null}
[2026-05-07T05:09:29.543Z] {"timestamp":1778130569530,"level":"WARN","args":["Element with name \"gmp-basic-place-autocomplete\" already defined."],"stack":null}
[2026-05-07T05:09:29.543Z] {"timestamp":1778130569536,"level":"WARN","args":["<gmp-advanced-marker-nondeterministic-duplicate1>: Please use addEventListener('gmp-click', ...) instead of addEventListener('click', ...)."],"stack":null}
[2026-05-07T05:09:31.533Z] {"timestamp":1778130569955,"level":"WARN","args":["Element with name \"gmp-internal-camera-control\" already defined."],"stack":null}
[2026-05-07T05:09:31.533Z] {"timestamp":1778130571338,"level":"WARN","args":["Warning: Missing `Description` or `aria-describedby={undefined}` for {DialogContent}."],"stack":null}
[2026-05-07T05:09:33.465Z] {"timestamp":1778130573032,"level":"WARN","args":["Warning: Missing `Description` or `aria-describedby={undefined}` for {DialogContent}."],"stack":null}
[2026-05-07T05:09:39.532Z] {"timestamp":1778130579114,"level":"WARN","args":["Element with name \"gmp-internal-loading-text\" already defined."],"stack":null}
[2026-05-07T05:09:39.532Z] {"timestamp":1778130579114,"level":"WARN","args":["Element with name \"gmp-internal-request-error-text\" already defined."],"stack":null}
[2026-05-07T05:09:39.532Z] {"timestamp":1778130579114,"level":"WARN","args":["Element with name \"gmp-internal-back-button\" already defined."],"stack":null}
[2026-05-07T05:09:39.532Z] {"timestamp":1778130579114,"level":"WARN","args":["Element with name \"gmp-internal-dialog\" already defined."],"stack":null}
[2026-05-07T05:09:39.532Z] {"timestamp":1778130579115,"level":"WARN","args":["Element with name \"gmp-internal-disclosure\" already defined."],"stack":null}
[2026-05-07T05:09:39.532Z] {"timestamp":1778130579115,"level":"WARN","args":["Element with name \"gmp-internal-disclosure-section\" already defined."],"stack":null}
[2026-05-07T05:09:39.532Z] {"timestamp":1778130579115,"level":"WARN","args":["Element with name \"gmp-internal-attribution\" already defined."],"stack":null}
[2026-05-07T05:09:39.532Z] {"timestamp":1778130579115,"level":"WARN","args":["Element with name \"gmp-internal-element-support-verification\" already defined."],"stack":null}
[2026-05-07T05:09:39.532Z] {"timestamp":1778130579115,"level":"ERROR","args":["You have included the Google Maps JavaScript API multiple times on this page. This may cause unexpected errors."],"stack":"Error\n    at console.<computed> [as error] (https://3000-iwi3fzzw46c2utma7n3fo-5ac9c38d.sg1.manus.computer/__manus__/debug-collector.js:391:37)\n    at Kea (https://forge.manus.ai/v1/maps/proxy/maps/api/js?key=cvZzDbPkXuMKHHX2jcgL3z&v=weekly&libraries=marker,places,geocoding,geometry:2248:273)\n    at Sea (https://forge.manus.ai/v1/maps/proxy/maps/api/js?key=cvZzDbPkXuMKHHX2jcgL3z&v=weekly&libraries=marker,places,geocoding,geometry:2241:69)\n    at google.maps.Load (https://forge.manus.ai/v1/maps/proxy/maps/api/js?key=cvZzDbPkXuMKHHX2jcgL3z&v=weekly&libraries=marker,places,geocoding,geometry:14:5)\n    at https://forge.manus.ai/v1/maps/proxy/maps/api/js?key=cvZzDbPkXuMKHHX2jcgL3z&v=weekly&libraries=marker,places,geocoding,geometry:2554:267\n    at https://forge.manus.ai/v1/maps/proxy/maps/api/js?key=cvZzDbPkXuMKHHX2jcgL3z&v=weekly&libraries=marker,places,geocoding,geometry:2554:280"}
[2026-05-07T05:09:39.532Z] {"timestamp":1778130579115,"level":"WARN","args":["Google Maps JavaScript API has been loaded directly without loading=async. This can result in suboptimal performance. For best-practice loading patterns please see https://goo.gle/js-api-loading"],"stack":null}
[2026-05-07T05:09:39.532Z] {"timestamp":1778130579116,"level":"WARN","args":["Element with name \"gmp-internal-rating\" already defined."],"stack":null}
[2026-05-07T05:09:39.532Z] {"timestamp":1778130579116,"level":"WARN","args":["Element with name \"gmp-place-all-content\" already defined."],"stack":null}
[2026-05-07T05:09:39.532Z] {"timestamp":1778130579116,"level":"WARN","args":["Element with name \"gmp-internal-busyness-histogram\" already defined."],"stack":null}
[2026-05-07T05:09:39.532Z] {"timestamp":1778130579116,"level":"WARN","args":["Element with name \"gmp-internal-selection-button\" already defined."],"stack":null}
[2026-05-07T05:09:39.532Z] {"timestamp":1778130579116,"level":"WARN","args":["Element with name \"gmp-internal-place-busyness\" already defined."],"stack":null}
[2026-05-07T05:09:39.532Z] {"timestamp":1778130579116,"level":"WARN","args":["Element with name \"gmp-internal-link-button\" already defined."],"stack":null}
[2026-05-07T05:09:39.532Z] {"timestamp":1778130579116,"level":"WARN","args":["Element with name \"gmp-internal-menu\" already defined."],"stack":null}
[2026-05-07T05:09:39.532Z] {"timestamp":1778130579116,"level":"WARN","args":["Element with name \"gmp-internal-place-opening-hours\" already defined."],"stack":null}
[2026-05-07T05:09:39.532Z] {"timestamp":1778130579116,"level":"WARN","args":["Element with name \"gmp-internal-place-review\" already defined."],"stack":null}
[2026-05-07T05:09:39.532Z] {"timestamp":1778130579116,"level":"WARN","args":["Element with name \"gmp-internal-tabbed-layout\" already defined."],"stack":null}
[2026-05-07T05:09:39.532Z] {"timestamp":1778130579116,"level":"WARN","args":["Element with name \"gmp-internal-lightbox\" already defined."],"stack":null}
[2026-05-07T05:09:39.532Z] {"timestamp":1778130579117,"level":"WARN","args":["Element with name \"gmp-internal-collage\" already defined."],"stack":null}
[2026-05-07T05:09:39.532Z] {"timestamp":1778130579117,"level":"WARN","args":["Element with name \"gmp-internal-place-rating-summary\" already defined."],"stack":null}
[2026-05-07T05:09:39.532Z] {"timestamp":1778130579117,"level":"WARN","args":["Element with name \"gmp-place-content-config\" already defined."],"stack":null}
[2026-05-07T05:09:39.532Z] {"timestamp":1778130579117,"level":"WARN","args":["Element with name \"gmp-place-standard-content\" already defined."],"stack":null}
[2026-05-07T05:09:39.532Z] {"timestamp":1778130579117,"level":"WARN","args":["Element with name \"gmp-internal-place-basic-info\" already defined."],"stack":null}
[2026-05-07T05:09:39.532Z] {"timestamp":1778130579117,"level":"WARN","args":["Element with name \"gmp-place-details-location-request\" already defined."],"stack":null}
[2026-05-07T05:09:39.532Z] {"timestamp":1778130579117,"level":"WARN","args":["Element with name \"gmp-place-details-place-request\" already defined."],"stack":null}
[2026-05-07T05:09:39.532Z] {"timestamp":1778130579117,"level":"WARN","args":["Element with name \"gmp-internal-circular-loader\" already defined."],"stack":null}
[2026-05-07T05:09:39.532Z] {"timestamp":1778130579117,"level":"WARN","args":["Element with name \"gmp-place-details-compact\" already defined."],"stack":null}
[2026-05-07T05:09:39.532Z] {"timestamp":1778130579117,"level":"WARN","args":["Element with name \"gmp-internal-use-place-details-compact\" already defined."],"stack":null}
[2026-05-07T05:09:39.532Z] {"timestamp":1778130579117,"level":"WARN","args":["Element with name \"gmp-place-media\" already defined."],"stack":null}
[2026-05-07T05:09:39.532Z] {"timestamp":1778130579117,"level":"WARN","args":["Element with name \"gmp-place-address\" already defined."],"stack":null}
[2026-05-07T05:09:39.532Z] {"timestamp":1778130579117,"level":"WARN","args":["Element with name \"gmp-place-rating\" already defined."],"stack":null}
[2026-05-07T05:09:39.532Z] {"timestamp":1778130579117,"level":"WARN","args":["Element with name \"gmp-place-type\" already defined."],"stack":null}
[2026-05-07T05:09:39.532Z] {"timestamp":1778130579117,"level":"WARN","args":["Element with name \"gmp-place-price\" already defined."],"stack":null}
[2026-05-07T05:09:39.532Z] {"timestamp":1778130579117,"level":"WARN","args":["Element with name \"gmp-place-accessible-entrance-icon\" already defined."],"stack":null}
[2026-05-07T05:09:39.532Z] {"timestamp":1778130579117,"level":"WARN","args":["Element with name \"gmp-place-open-now-status\" already defined."],"stack":null}
[2026-05-07T05:09:39.532Z] {"timestamp":1778130579117,"level":"WARN","args":["Element with name \"gmp-place-attribution\" already defined."],"stack":null}
[2026-05-07T05:09:39.532Z] {"timestamp":1778130579117,"level":"WARN","args":["Element with name \"gmp-place-website\" already defined."],"stack":null}
[2026-05-07T05:09:39.532Z] {"timestamp":1778130579117,"level":"WARN","args":["Element with name \"gmp-place-phone-number\" already defined."],"stack":null}
[2026-05-07T05:09:39.532Z] {"timestamp":1778130579117,"level":"WARN","args":["Element with name \"gmp-place-opening-hours\" already defined."],"stack":null}
[2026-05-07T05:09:39.532Z] {"timestamp":1778130579117,"level":"WARN","args":["Element with name \"gmp-place-summary\" already defined."],"stack":null}
[2026-05-07T05:09:39.532Z] {"timestamp":1778130579117,"level":"WARN","args":["Element with name \"gmp-place-type-specific-highlights\" already defined."],"stack":null}
[2026-05-07T05:09:39.532Z] {"timestamp":1778130579117,"level":"WARN","args":["Element with name \"gmp-place-review-summary\" already defined."],"stack":null}
[2026-05-07T05:09:39.532Z] {"timestamp":1778130579117,"level":"WARN","args":["Element with name \"gmp-place-reviews\" already defined."],"stack":null}
[2026-05-07T05:09:39.532Z] {"timestamp":1778130579118,"level":"WARN","args":["Element with name \"gmp-place-plus-code\" already defined."],"stack":null}
[2026-05-07T05:09:39.532Z] {"timestamp":1778130579118,"level":"WARN","args":["Element with name \"gmp-place-feature-list\" already defined."],"stack":null}
[2026-05-07T05:09:39.532Z] {"timestamp":1778130579118,"level":"WARN","args":["Element with name \"gmp-place-details\" already defined."],"stack":null}
[2026-05-07T05:09:39.532Z] {"timestamp":1778130579118,"level":"WARN","args":["Element with name \"gmp-internal-place-carousel\" already defined."],"stack":null}
[2026-05-07T05:09:39.532Z] {"timestamp":1778130579118,"level":"WARN","args":["Element with name \"gmp-internal-place-search-list-item\" already defined."],"stack":null}
[2026-05-07T05:09:39.532Z] {"timestamp":1778130579118,"level":"WARN","args":["Element with name \"gmp-place-nearby-search-request\" already defined."],"stack":null}
[2026-05-07T05:09:39.532Z] {"timestamp":1778130579118,"level":"WARN","args":["Element with name \"gmp-place-text-search-request\" already defined."],"stack":null}
[2026-05-07T05:09:39.532Z] {"timestamp":1778130579118,"level":"WARN","args":["Element with name \"gmp-place-search\" already defined."],"stack":null}
[2026-05-07T05:09:39.532Z] {"timestamp":1778130579121,"level":"WARN","args":["Element with name \"gmp-pin\" already defined."],"stack":null}
[2026-05-07T05:09:39.532Z] {"timestamp":1778130579122,"level":"WARN","args":["Element with name \"gmp-internal-use-am\" already defined."],"stack":null}
[2026-05-07T05:09:39.532Z] {"timestamp":1778130579122,"level":"WARN","args":["Element with name \"gmp-map\" already defined."],"stack":null}
[2026-05-07T05:09:39.532Z] {"timestamp":1778130579123,"level":"WARN","args":["Element with name \"gmp-advanced-marker\" already defined."],"stack":null}
[2026-05-07T05:09:39.532Z] {"timestamp":1778130579123,"level":"WARN","args":["Element with name \"gmp-place-autocomplete\" already defined."],"stack":null}
[2026-05-07T05:09:39.532Z] {"timestamp":1778130579123,"level":"WARN","args":["Element with name \"gmp-basic-place-autocomplete\" already defined."],"stack":null}
[2026-05-07T05:09:39.532Z] {"timestamp":1778130579128,"level":"WARN","args":["<gmp-advanced-marker-nondeterministic-duplicate2>: Please use addEventListener('gmp-click', ...) instead of addEventListener('click', ...)."],"stack":null}
[2026-05-07T05:09:39.532Z] {"timestamp":1778130579555,"level":"WARN","args":["Element with name \"gmp-internal-camera-control\" already defined."],"stack":null}
[2026-05-07T05:09:43.535Z] {"timestamp":1778130582957,"level":"WARN","args":["Element with name \"gmp-internal-loading-text\" already defined."],"stack":null}
[2026-05-07T05:09:43.535Z] {"timestamp":1778130582957,"level":"WARN","args":["Element with name \"gmp-internal-request-error-text\" already defined."],"stack":null}
[2026-05-07T05:09:43.535Z] {"timestamp":1778130582957,"level":"WARN","args":["Element with name \"gmp-internal-back-button\" already defined."],"stack":null}
[2026-05-07T05:09:43.535Z] {"timestamp":1778130582957,"level":"WARN","args":["Element with name \"gmp-internal-dialog\" already defined."],"stack":null}
[2026-05-07T05:09:43.535Z] {"timestamp":1778130582957,"level":"WARN","args":["Element with name \"gmp-internal-disclosure\" already defined."],"stack":null}
[2026-05-07T05:09:43.535Z] {"timestamp":1778130582957,"level":"WARN","args":["Element with name \"gmp-internal-disclosure-section\" already defined."],"stack":null}
[2026-05-07T05:09:43.535Z] {"timestamp":1778130582958,"level":"WARN","args":["Element with name \"gmp-internal-attribution\" already defined."],"stack":null}
[2026-05-07T05:09:43.535Z] {"timestamp":1778130582958,"level":"WARN","args":["Element with name \"gmp-internal-element-support-verification\" already defined."],"stack":null}
[2026-05-07T05:09:43.535Z] {"timestamp":1778130582958,"level":"ERROR","args":["You have included the Google Maps JavaScript API multiple times on this page. This may cause unexpected errors."],"stack":"Error\n    at console.<computed> [as error] (https://3000-iwi3fzzw46c2utma7n3fo-5ac9c38d.sg1.manus.computer/__manus__/debug-collector.js:391:37)\n    at Kea (https://forge.manus.ai/v1/maps/proxy/maps/api/js?key=cvZzDbPkXuMKHHX2jcgL3z&v=weekly&libraries=marker,places,geocoding,geometry:2248:273)\n    at Sea (https://forge.manus.ai/v1/maps/proxy/maps/api/js?key=cvZzDbPkXuMKHHX2jcgL3z&v=weekly&libraries=marker,places,geocoding,geometry:2241:69)\n    at google.maps.Load (https://forge.manus.ai/v1/maps/proxy/maps/api/js?key=cvZzDbPkXuMKHHX2jcgL3z&v=weekly&libraries=marker,places,geocoding,geometry:14:5)\n    at https://forge.manus.ai/v1/maps/proxy/maps/api/js?key=cvZzDbPkXuMKHHX2jcgL3z&v=weekly&libraries=marker,places,geocoding,geometry:2554:267\n    at https://forge.manus.ai/v1/maps/proxy/maps/api/js?key=cvZzDbPkXuMKHHX2jcgL3z&v=weekly&libraries=marker,places,geocoding,geometry:2554:280"}
[2026-05-07T05:09:43.535Z] {"timestamp":1778130582958,"level":"WARN","args":["Google Maps JavaScript API has been loaded directly without loading=async. This can result in suboptimal performance. For best-practice loading patterns please see https://goo.gle/js-api-loading"],"stack":null}
[2026-05-07T05:09:43.535Z] {"timestamp":1778130582959,"level":"WARN","args":["Element with name \"gmp-internal-rating\" already defined."],"stack":null}
[2026-05-07T05:09:43.535Z] {"timestamp":1778130582959,"level":"WARN","args":["Element with name \"gmp-place-all-content\" already defined."],"stack":null}
[2026-05-07T05:09:43.535Z] {"timestamp":1778130582959,"level":"WARN","args":["Element with name \"gmp-internal-busyness-histogram\" already defined."],"stack":null}
[2026-05-07T05:09:43.535Z] {"timestamp":1778130582959,"level":"WARN","args":["Element with name \"gmp-internal-selection-button\" already defined."],"stack":null}
[2026-05-07T05:09:43.535Z] {"timestamp":1778130582959,"level":"WARN","args":["Element with name \"gmp-internal-place-busyness\" already defined."],"stack":null}
[2026-05-07T05:09:43.535Z] {"timestamp":1778130582959,"level":"WARN","args":["Element with name \"gmp-internal-link-button\" already defined."],"stack":null}
[2026-05-07T05:09:43.535Z] {"timestamp":1778130582959,"level":"WARN","args":["Element with name \"gmp-internal-menu\" already defined."],"stack":null}
[2026-05-07T05:09:43.535Z] {"timestamp":1778130582959,"level":"WARN","args":["Element with name \"gmp-internal-place-opening-hours\" already defined."],"stack":null}
[2026-05-07T05:09:43.535Z] {"timestamp":1778130582959,"level":"WARN","args":["Element with name \"gmp-internal-place-review\" already defined."],"stack":null}
[2026-05-07T05:09:43.535Z] {"timestamp":1778130582959,"level":"WARN","args":["Element with name \"gmp-internal-tabbed-layout\" already defined."],"stack":null}
[2026-05-07T05:09:43.535Z] {"timestamp":1778130582959,"level":"WARN","args":["Element with name \"gmp-internal-lightbox\" already defined."],"stack":null}
[2026-05-07T05:09:43.535Z] {"timestamp":1778130582959,"level":"WARN","args":["Element with name \"gmp-internal-collage\" already defined."],"stack":null}
[2026-05-07T05:09:43.535Z] {"timestamp":1778130582960,"level":"WARN","args":["Element with name \"gmp-internal-place-rating-summary\" already defined."],"stack":null}
[2026-05-07T05:09:43.535Z] {"timestamp":1778130582960,"level":"WARN","args":["Element with name \"gmp-place-content-config\" already defined."],"stack":null}
[2026-05-07T05:09:43.535Z] {"timestamp":1778130582960,"level":"WARN","args":["Element with name \"gmp-place-standard-content\" already defined."],"stack":null}
[2026-05-07T05:09:43.535Z] {"timestamp":1778130582960,"level":"WARN","args":["Element with name \"gmp-internal-place-basic-info\" already defined."],"stack":null}
[2026-05-07T05:09:43.535Z] {"timestamp":1778130582960,"level":"WARN","args":["Element with name \"gmp-place-details-location-request\" already defined."],"stack":null}
[2026-05-07T05:09:43.535Z] {"timestamp":1778130582960,"level":"WARN","args":["Element with name \"gmp-place-details-place-request\" already defined."],"stack":null}
[2026-05-07T05:09:43.535Z] {"timestamp":1778130582960,"level":"WARN","args":["Element with name \"gmp-internal-circular-loader\" already defined."],"stack":null}
[2026-05-07T05:09:43.535Z] {"timestamp":1778130582960,"level":"WARN","args":["Element with name \"gmp-place-details-compact\" already defined."],"stack":null}
[2026-05-07T05:09:43.535Z] {"timestamp":1778130582960,"level":"WARN","args":["Element with name \"gmp-internal-use-place-details-compact\" already defined."],"stack":null}
[2026-05-07T05:09:43.535Z] {"timestamp":1778130582960,"level":"WARN","args":["Element with name \"gmp-place-media\" already defined."],"stack":null}
[2026-05-07T05:09:43.535Z] {"timestamp":1778130582960,"level":"WARN","args":["Element with name \"gmp-place-address\" already defined."],"stack":null}
[2026-05-07T05:09:43.535Z] {"timestamp":1778130582960,"level":"WARN","args":["Element with name \"gmp-place-rating\" already defined."],"stack":null}
[2026-05-07T05:09:43.535Z] {"timestamp":1778130582960,"level":"WARN","args":["Element with name \"gmp-place-type\" already defined."],"stack":null}
[2026-05-07T05:09:43.535Z] {"timestamp":1778130582960,"level":"WARN","args":["Element with name \"gmp-place-price\" already defined."],"stack":null}
[2026-05-07T05:09:43.535Z] {"timestamp":1778130582960,"level":"WARN","args":["Element with name \"gmp-place-accessible-entrance-icon\" already defined."],"stack":null}
[2026-05-07T05:09:43.535Z] {"timestamp":1778130582960,"level":"WARN","args":["Element with name \"gmp-place-open-now-status\" already defined."],"stack":null}
[2026-05-07T05:09:43.535Z] {"timestamp":1778130582961,"level":"WARN","args":["Element with name \"gmp-place-attribution\" already defined."],"stack":null}
[2026-05-07T05:09:43.535Z] {"timestamp":1778130582961,"level":"WARN","args":["Element with name \"gmp-place-website\" already defined."],"stack":null}
[2026-05-07T05:09:43.535Z] {"timestamp":1778130582961,"level":"WARN","args":["Element with name \"gmp-place-phone-number\" already defined."],"stack":null}
[2026-05-07T05:09:43.535Z] {"timestamp":1778130582961,"level":"WARN","args":["Element with name \"gmp-place-opening-hours\" already defined."],"stack":null}
[2026-05-07T05:09:43.535Z] {"timestamp":1778130582961,"level":"WARN","args":["Element with name \"gmp-place-summary\" already defined."],"stack":null}
[2026-05-07T05:09:43.535Z] {"timestamp":1778130582961,"level":"WARN","args":["Element with name \"gmp-place-type-specific-highlights\" already defined."],"stack":null}
[2026-05-07T05:09:43.535Z] {"timestamp":1778130582961,"level":"WARN","args":["Element with name \"gmp-place-review-summary\" already defined."],"stack":null}
[2026-05-07T05:09:43.535Z] {"timestamp":1778130582961,"level":"WARN","args":["Element with name \"gmp-place-reviews\" already defined."],"stack":null}
[2026-05-07T05:09:43.535Z] {"timestamp":1778130582961,"level":"WARN","args":["Element with name \"gmp-place-plus-code\" already defined."],"stack":null}
[2026-05-07T05:09:43.535Z] {"timestamp":1778130582961,"level":"WARN","args":["Element with name \"gmp-place-feature-list\" already defined."],"stack":null}
[2026-05-07T05:09:43.535Z] {"timestamp":1778130582961,"level":"WARN","args":["Element with name \"gmp-place-details\" already defined."],"stack":null}
[2026-05-07T05:09:43.535Z] {"timestamp":1778130582961,"level":"WARN","args":["Element with name \"gmp-internal-place-carousel\" already defined."],"stack":null}
[2026-05-07T05:09:43.535Z] {"timestamp":1778130582961,"level":"WARN","args":["Element with name \"gmp-internal-place-search-list-item\" already defined."],"stack":null}
[2026-05-07T05:09:43.535Z] {"timestamp":1778130582961,"level":"WARN","args":["Element with name \"gmp-place-nearby-search-request\" already defined."],"stack":null}
[2026-05-07T05:09:43.535Z] {"timestamp":1778130582961,"level":"WARN","args":["Element with name \"gmp-place-text-search-request\" already defined."],"stack":null}
[2026-05-07T05:09:43.535Z] {"timestamp":1778130582961,"level":"WARN","args":["Element with name \"gmp-place-search\" already defined."],"stack":null}
[2026-05-07T05:09:43.535Z] {"timestamp":1778130582964,"level":"WARN","args":["Element with name \"gmp-pin\" already defined."],"stack":null}
[2026-05-07T05:09:43.535Z] {"timestamp":1778130582965,"level":"WARN","args":["Element with name \"gmp-internal-use-am\" already defined."],"stack":null}
[2026-05-07T05:09:43.535Z] {"timestamp":1778130582966,"level":"WARN","args":["Element with name \"gmp-map\" already defined."],"stack":null}
[2026-05-07T05:09:43.535Z] {"timestamp":1778130582966,"level":"WARN","args":["Element with name \"gmp-advanced-marker\" already defined."],"stack":null}
[2026-05-07T05:09:43.535Z] {"timestamp":1778130582966,"level":"WARN","args":["Element with name \"gmp-place-autocomplete\" already defined."],"stack":null}
[2026-05-07T05:09:43.535Z] {"timestamp":1778130582966,"level":"WARN","args":["Element with name \"gmp-basic-place-autocomplete\" already defined."],"stack":null}
[2026-05-07T05:09:43.535Z] {"timestamp":1778130582971,"level":"WARN","args":["<gmp-advanced-marker-nondeterministic-duplicate3>: Please use addEventListener('gmp-click', ...) instead of addEventListener('click', ...)."],"stack":null}
[2026-05-07T05:09:43.535Z] {"timestamp":1778130583368,"level":"WARN","args":["Element with name \"gmp-internal-camera-control\" already defined."],"stack":null}
[2026-05-07T05:12:46.222Z] {"timestamp":1778130763891,"level":"DEBUG","args":["[Manus] Debug collector initialized (no rrweb, UI events only)"],"stack":null}
[2026-05-07T05:12:46.222Z] {"timestamp":1778130764161,"level":"DEBUG","args":["[vite] connected."],"stack":null}
[2026-05-07T05:12:46.222Z] {"timestamp":1778130765199,"level":"WARN","args":["Google Maps JavaScript API has been loaded directly without loading=async. This can result in suboptimal performance. For best-practice loading patterns please see https://goo.gle/js-api-loading"],"stack":null}
[2026-05-07T05:12:46.222Z] {"timestamp":1778130765215,"level":"WARN","args":["<gmp-advanced-marker>: Please use addEventListener('gmp-click', ...) instead of addEventListener('click', ...)."],"stack":null}
[2026-05-07T05:12:54.937Z] {"timestamp":1778130773083,"level":"DEBUG","args":["[Manus] Debug collector initialized (no rrweb, UI events only)"],"stack":null}
[2026-05-07T05:12:54.937Z] {"timestamp":1778130773340,"level":"DEBUG","args":["[vite] connected."],"stack":null}
[2026-05-07T05:12:54.937Z] {"timestamp":1778130774225,"level":"WARN","args":["Google Maps JavaScript API has been loaded directly without loading=async. This can result in suboptimal performance. For best-practice loading patterns please see https://goo.gle/js-api-loading"],"stack":null}
[2026-05-07T05:12:54.937Z] {"timestamp":1778130774239,"level":"WARN","args":["<gmp-advanced-marker>: Please use addEventListener('gmp-click', ...) instead of addEventListener('click', ...)."],"stack":null}
[2026-05-07T05:13:33.223Z] {"timestamp":1778130813252,"level":"ERROR","args":["[vite]","Failed to reload /src/pages/ActionGuide.tsx. This could be due to syntax errors or importing non-existent modules. (see errors above)"],"stack":"Error\n    at console.<computed> [as error] (https://3000-iwi3fzzw46c2utma7n3fo-5ac9c38d.sg1.manus.computer/__manus__/debug-collector.js:391:37)\n    at Object.error (https://3000-iwi3fzzw46c2utma7n3fo-5ac9c38d.sg1.manus.computer/@vite/client:809:26)\n    at HMRClient.warnFailedUpdate (https://3000-iwi3fzzw46c2utma7n3fo-5ac9c38d.sg1.manus.computer/@vite/client:181:15)\n    at HMRClient.fetchUpdate (https://3000-iwi3fzzw46c2utma7n3fo-5ac9c38d.sg1.manus.computer/@vite/client:212:10)\n    at async Promise.all (index 0)\n    at async HMRClient.queueUpdate (https://3000-iwi3fzzw46c2utma7n3fo-5ac9c38d.sg1.manus.computer/@vite/client:196:5)\n    at async Promise.all (index 0)\n    at async handleMessage (https://3000-iwi3fzzw46c2utma7n3fo-5ac9c38d.sg1.manus.computer/@vite/client:838:4)"}
[2026-05-07T05:13:33.223Z] {"timestamp":1778130813255,"level":"DEBUG","args":["[vite]","hot updated: /src/pages/ActionGuide.tsx"],"stack":null}
[2026-05-07T05:13:33.223Z] {"timestamp":1778130813255,"level":"DEBUG","args":["[vite]","hot updated: /src/index.css"],"stack":null}
[2026-05-07T05:13:41.220Z] {"timestamp":1778130820862,"level":"DEBUG","args":["[vite]","hot updated: /src/pages/ActionGuide.tsx"],"stack":null}
[2026-05-07T05:13:41.220Z] {"timestamp":1778130820862,"level":"DEBUG","args":["[vite]","hot updated: /src/index.css"],"stack":null}
[2026-05-07T05:13:48.220Z] {"timestamp":1778130826061,"level":"DEBUG","args":["[Manus] Debug collector initialized (no rrweb, UI events only)"],"stack":null}
[2026-05-07T05:13:48.220Z] {"timestamp":1778130826317,"level":"DEBUG","args":["[vite] connected."],"stack":null}
[2026-05-07T05:13:52.214Z] {"timestamp":1778130831132,"level":"DEBUG","args":["[vite]","hot updated: /src/pages/ActionGuide.tsx"],"stack":null}
[2026-05-07T05:13:52.214Z] {"timestamp":1778130831132,"level":"DEBUG","args":["[vite]","hot updated: /src/index.css"],"stack":null}
[2026-05-07T05:13:54.901Z] {"timestamp":1778130832687,"level":"DEBUG","args":["[Manus] Debug collector initialized (no rrweb, UI events only)"],"stack":null}
[2026-05-07T05:13:54.901Z] {"timestamp":1778130832942,"level":"DEBUG","args":["[vite] connected."],"stack":null}
[2026-05-07T05:13:56.219Z] {"timestamp":1778130834609,"level":"WARN","args":["Google Maps JavaScript API has been loaded directly without loading=async. This can result in suboptimal performance. For best-practice loading patterns please see https://goo.gle/js-api-loading"],"stack":null}
[2026-05-07T05:13:56.219Z] {"timestamp":1778130834635,"level":"WARN","args":["<gmp-advanced-marker>: Please use addEventListener('gmp-click', ...) instead of addEventListener('click', ...)."],"stack":null}
[2026-05-07T05:13:56.220Z] {"timestamp":1778130833696,"level":"DEBUG","args":["[Manus] Debug collector initialized (no rrweb, UI events only)"],"stack":null}
[2026-05-07T05:13:56.220Z] {"timestamp":1778130833953,"level":"DEBUG","args":["[vite] connected."],"stack":null}
[2026-05-07T05:13:56.220Z] {"timestamp":1778130835481,"level":"WARN","args":["Google Maps JavaScript API has been loaded directly without loading=async. This can result in suboptimal performance. For best-practice loading patterns please see https://goo.gle/js-api-loading"],"stack":null}
[2026-05-07T05:13:56.220Z] {"timestamp":1778130835497,"level":"WARN","args":["<gmp-advanced-marker>: Please use addEventListener('gmp-click', ...) instead of addEventListener('click', ...)."],"stack":null}
[2026-05-07T05:13:57.221Z] {"timestamp":1778130835452,"level":"WARN","args":["Google Maps JavaScript API has been loaded directly without loading=async. This can result in suboptimal performance. For best-practice loading patterns please see https://goo.gle/js-api-loading"],"stack":null}
[2026-05-07T05:13:57.221Z] {"timestamp":1778130835467,"level":"WARN","args":["<gmp-advanced-marker>: Please use addEventListener('gmp-click', ...) instead of addEventListener('click', ...)."],"stack":null}
[2026-05-07T05:14:00.251Z] {"timestamp":1778130837820,"level":"DEBUG","args":["[Manus] Debug collector initialized (no rrweb, UI events only)"],"stack":null}
[2026-05-07T05:14:00.251Z] {"timestamp":1778130838071,"level":"DEBUG","args":["[vite] connected."],"stack":null}
[2026-05-07T05:14:02.220Z] {"timestamp":1778130840731,"level":"WARN","args":["Google Maps JavaScript API has been loaded directly without loading=async. This can result in suboptimal performance. For best-practice loading patterns please see https://goo.gle/js-api-loading"],"stack":null}
[2026-05-07T05:14:02.220Z] {"timestamp":1778130840749,"level":"WARN","args":["<gmp-advanced-marker>: Please use addEventListener('gmp-click', ...) instead of addEventListener('click', ...)."],"stack":null}
[2026-05-07T05:14:03.223Z] {"timestamp":1778130842603,"level":"DEBUG","args":["[vite]","hot updated: /src/pages/ActionGuide.tsx"],"stack":null}
[2026-05-07T05:14:03.223Z] {"timestamp":1778130842604,"level":"DEBUG","args":["[vite]","hot updated: /src/index.css"],"stack":null}
[2026-05-07T05:14:04.222Z] {"timestamp":1778130842570,"level":"DEBUG","args":["[vite]","hot updated: /src/pages/ActionGuide.tsx"],"stack":null}
[2026-05-07T05:14:04.222Z] {"timestamp":1778130842570,"level":"DEBUG","args":["[vite]","hot updated: /src/index.css"],"stack":null}
[2026-05-07T05:14:04.224Z] {"timestamp":1778130842570,"level":"DEBUG","args":["[vite]","hot updated: /src/pages/ActionGuide.tsx"],"stack":null}
[2026-05-07T05:14:04.224Z] {"timestamp":1778130842570,"level":"DEBUG","args":["[vite]","hot updated: /src/index.css"],"stack":null}
[2026-05-07T05:14:09.213Z] {"timestamp":1778130846860,"level":"DEBUG","args":["[Manus] Debug collector initialized (no rrweb, UI events only)"],"stack":null}
[2026-05-07T05:14:09.214Z] {"timestamp":1778130847123,"level":"DEBUG","args":["[vite] connected."],"stack":null}
[2026-05-07T05:14:11.223Z] {"timestamp":1778130850025,"level":"WARN","args":["Google Maps JavaScript API has been loaded directly without loading=async. This can result in suboptimal performance. For best-practice loading patterns please see https://goo.gle/js-api-loading"],"stack":null}
[2026-05-07T05:14:11.223Z] {"timestamp":1778130850053,"level":"WARN","args":["<gmp-advanced-marker>: Please use addEventListener('gmp-click', ...) instead of addEventListener('click', ...)."],"stack":null}
[2026-05-07T05:14:13.213Z] {"timestamp":1778130853223,"level":"DEBUG","args":["[vite]","hot updated: /src/pages/ActionGuide.tsx"],"stack":null}
[2026-05-07T05:14:13.213Z] {"timestamp":1778130853223,"level":"DEBUG","args":["[vite]","hot updated: /src/index.css"],"stack":null}
[2026-05-07T05:14:13.214Z] {"timestamp":1778130853223,"level":"DEBUG","args":["[vite]","hot updated: /src/pages/ActionGuide.tsx"],"stack":null}
[2026-05-07T05:14:13.214Z] {"timestamp":1778130853223,"level":"DEBUG","args":["[vite]","hot updated: /src/index.css"],"stack":null}
[2026-05-07T05:14:14.220Z] {"timestamp":1778130853223,"level":"DEBUG","args":["[vite]","hot updated: /src/pages/ActionGuide.tsx"],"stack":null}
[2026-05-07T05:14:14.220Z] {"timestamp":1778130853223,"level":"DEBUG","args":["[vite]","hot updated: /src/index.css"],"stack":null}
[2026-05-07T05:14:20.211Z] {"timestamp":1778130857826,"level":"DEBUG","args":["[Manus] Debug collector initialized (no rrweb, UI events only)"],"stack":null}
[2026-05-07T05:14:20.211Z] {"timestamp":1778130858088,"level":"DEBUG","args":["[vite] connected."],"stack":null}
[2026-05-07T05:14:22.222Z] {"timestamp":1778130860917,"level":"WARN","args":["Google Maps JavaScript API has been loaded directly without loading=async. This can result in suboptimal performance. For best-practice loading patterns please see https://goo.gle/js-api-loading"],"stack":null}
[2026-05-07T05:14:22.222Z] {"timestamp":1778130860938,"level":"WARN","args":["<gmp-advanced-marker>: Please use addEventListener('gmp-click', ...) instead of addEventListener('click', ...)."],"stack":null}
[2026-05-07T05:14:23.909Z] {"timestamp":1778130863195,"level":"DEBUG","args":["[vite]","hot updated: /src/pages/ActionGuide.tsx"],"stack":null}
[2026-05-07T05:14:23.909Z] {"timestamp":1778130863196,"level":"DEBUG","args":["[vite]","hot updated: /src/index.css"],"stack":null}
[2026-05-07T05:14:24.213Z] {"timestamp":1778130863107,"level":"DEBUG","args":["[vite]","hot updated: /src/pages/ActionGuide.tsx"],"stack":null}
[2026-05-07T05:14:24.213Z] {"timestamp":1778130863107,"level":"DEBUG","args":["[vite]","hot updated: /src/index.css"],"stack":null}
[2026-05-07T05:14:24.533Z] {"timestamp":1778130863282,"level":"DEBUG","args":["[vite]","hot updated: /src/pages/ActionGuide.tsx"],"stack":null}
[2026-05-07T05:14:24.533Z] {"timestamp":1778130863282,"level":"DEBUG","args":["[vite]","hot updated: /src/index.css"],"stack":null}
[2026-05-07T05:14:32.222Z] {"timestamp":1778130870236,"level":"DEBUG","args":["[Manus] Debug collector initialized (no rrweb, UI events only)"],"stack":null}
[2026-05-07T05:14:32.222Z] {"timestamp":1778130870489,"level":"DEBUG","args":["[vite] connected."],"stack":null}
[2026-05-07T05:14:32.222Z] {"timestamp":1778130871588,"level":"WARN","args":["Google Maps JavaScript API has been loaded directly without loading=async. This can result in suboptimal performance. For best-practice loading patterns please see https://goo.gle/js-api-loading"],"stack":null}
[2026-05-07T05:14:32.222Z] {"timestamp":1778130871605,"level":"WARN","args":["<gmp-advanced-marker>: Please use addEventListener('gmp-click', ...) instead of addEventListener('click', ...)."],"stack":null}
[2026-05-07T05:14:32.981Z] {"timestamp":1778130870974,"level":"DEBUG","args":["[Manus] Debug collector initialized (no rrweb, UI events only)"],"stack":null}
[2026-05-07T05:14:32.981Z] {"timestamp":1778130870986,"level":"DEBUG","args":["[vite] connected."],"stack":null}
[2026-05-07T05:14:32.981Z] {"timestamp":1778130871296,"level":"INFO","args":["%cDownload the React DevTools for a better development experience: https://react.dev/link/react-devtools","font-weight:bold"],"stack":null}
[2026-05-07T05:14:51.910Z] {"timestamp":1778130891955,"level":"DEBUG","args":["[vite]","hot updated: /src/index.css"],"stack":null}
[2026-05-07T05:14:52.214Z] {"timestamp":1778130891888,"level":"DEBUG","args":["[vite]","hot updated: /src/index.css"],"stack":null}
[2026-05-07T05:14:52.532Z] {"timestamp":1778130892043,"level":"DEBUG","args":["[vite]","hot updated: /src/index.css"],"stack":null}
[2026-05-07T05:15:44.426Z] {"timestamp":1778130942419,"level":"DEBUG","args":["[Manus] Debug collector initialized (no rrweb, UI events only)"],"stack":null}
[2026-05-07T05:15:44.426Z] {"timestamp":1778130942445,"level":"DEBUG","args":["[vite] connected."],"stack":null}
[2026-05-07T05:15:44.426Z] {"timestamp":1778130942685,"level":"INFO","args":["%cDownload the React DevTools for a better development experience: https://react.dev/link/react-devtools","font-weight:bold"],"stack":null}
