[2026-04-21T03:45:56.952Z] 11:45:56 PM [vite] changed tsconfig file detected: /home/ubuntu/crisispath/tsconfig.json - Clearing cache and forcing full-reload to ensure TypeScript is compiled with updated config values.
[2026-04-21T03:45:56.957Z] 11:45:56 PM [vite] (client) page reload public/.gitkeep
[2026-04-21T03:45:56.958Z] 11:45:56 PM [vite] (client) page reload public/__manus__/debug-collector.js
[2026-04-21T03:45:56.959Z] 11:45:56 PM [vite] (client) page reload index.html
[2026-04-21T03:45:56.959Z] 11:45:56 PM [vite] (client) page reload src/App.tsx
[2026-04-21T03:45:56.960Z] 11:45:56 PM [vite] (client) page reload src/const.ts
[2026-04-21T03:45:56.960Z] 11:45:56 PM [vite] (client) hmr update /src/index.css
[2026-04-21T03:45:56.961Z] 11:45:56 PM [vite] (client) page reload src/main.tsx
[2026-04-21T03:45:56.961Z] 11:45:56 PM [vite] (client) page reload src/_core/hooks/useAuth.ts
[2026-04-21T03:45:56.962Z] 11:45:56 PM [vite] (client) page reload src/components/AIChatBox.tsx
[2026-04-21T03:45:56.962Z] 11:45:56 PM [vite] (client) page reload src/components/DashboardLayout.tsx
[2026-04-21T03:45:56.962Z] 11:45:56 PM [vite] (client) page reload src/components/DashboardLayoutSkeleton.tsx
[2026-04-21T03:45:56.963Z] 11:45:56 PM [vite] (client) page reload src/components/ErrorBoundary.tsx
[2026-04-21T03:45:56.963Z] 11:45:56 PM [vite] (client) page reload src/components/ManusDialog.tsx
[2026-04-21T03:45:56.964Z] 11:45:56 PM [vite] (client) page reload src/components/Map.tsx
[2026-04-21T03:45:56.964Z] 11:45:56 PM [vite] (client) page reload src/components/ui/accordion.tsx
[2026-04-21T03:45:56.965Z] 11:45:56 PM [vite] (client) page reload src/components/ui/alert-dialog.tsx
[2026-04-21T03:45:56.965Z] 11:45:56 PM [vite] (client) page reload src/components/ui/alert.tsx
[2026-04-21T03:45:56.966Z] 11:45:56 PM [vite] (client) page reload src/components/ui/aspect-ratio.tsx
[2026-04-21T03:45:56.966Z] 11:45:56 PM [vite] (client) page reload src/components/ui/avatar.tsx
[2026-04-21T03:45:56.967Z] 11:45:56 PM [vite] (client) page reload src/components/ui/badge.tsx
[2026-04-21T03:45:56.967Z] 11:45:56 PM [vite] (client) page reload src/components/ui/breadcrumb.tsx
[2026-04-21T03:45:56.968Z] 11:45:56 PM [vite] (client) page reload src/components/ui/button-group.tsx
[2026-04-21T03:45:56.968Z] 11:45:56 PM [vite] (client) page reload src/components/ui/button.tsx
[2026-04-21T03:45:56.968Z] 11:45:56 PM [vite] (client) page reload src/components/ui/calendar.tsx
[2026-04-21T03:45:56.968Z] 11:45:56 PM [vite] (client) page reload src/components/ui/card.tsx
[2026-04-21T03:45:56.969Z] 11:45:56 PM [vite] (client) page reload src/components/ui/carousel.tsx
[2026-04-21T03:45:56.969Z] 11:45:56 PM [vite] (client) page reload src/components/ui/chart.tsx
[2026-04-21T03:45:56.969Z] 11:45:56 PM [vite] (client) page reload src/components/ui/checkbox.tsx
[2026-04-21T03:45:56.969Z] 11:45:56 PM [vite] (client) page reload src/components/ui/collapsible.tsx
[2026-04-21T03:45:56.970Z] 11:45:56 PM [vite] (client) page reload src/components/ui/command.tsx
[2026-04-21T03:45:56.970Z] 11:45:56 PM [vite] (client) page reload src/components/ui/context-menu.tsx
[2026-04-21T03:45:56.970Z] 11:45:56 PM [vite] (client) page reload src/components/ui/dialog.tsx
[2026-04-21T03:45:56.970Z] 11:45:56 PM [vite] (client) page reload src/components/ui/drawer.tsx
[2026-04-21T03:45:56.971Z] 11:45:56 PM [vite] (client) page reload src/components/ui/dropdown-menu.tsx
[2026-04-21T03:45:56.971Z] 11:45:56 PM [vite] (client) page reload src/components/ui/empty.tsx
[2026-04-21T03:45:56.971Z] 11:45:56 PM [vite] (client) page reload src/components/ui/field.tsx
[2026-04-21T03:45:56.971Z] 11:45:56 PM [vite] (client) page reload src/components/ui/form.tsx
[2026-04-21T03:45:56.972Z] 11:45:56 PM [vite] (client) page reload src/components/ui/hover-card.tsx
[2026-04-21T03:45:56.972Z] 11:45:56 PM [vite] (client) page reload src/components/ui/input-group.tsx
[2026-04-21T03:45:56.972Z] 11:45:56 PM [vite] (client) page reload src/components/ui/input-otp.tsx
[2026-04-21T03:45:56.973Z] 11:45:56 PM [vite] (client) page reload src/components/ui/input.tsx
[2026-04-21T03:45:56.973Z] 11:45:56 PM [vite] (client) page reload src/components/ui/item.tsx
[2026-04-21T03:45:56.973Z] 11:45:56 PM [vite] (client) page reload src/components/ui/kbd.tsx
[2026-04-21T03:45:56.973Z] 11:45:56 PM [vite] (client) page reload src/components/ui/label.tsx
[2026-04-21T03:45:56.974Z] 11:45:56 PM [vite] (client) page reload src/components/ui/menubar.tsx
[2026-04-21T03:45:56.974Z] 11:45:56 PM [vite] (client) page reload src/components/ui/navigation-menu.tsx
[2026-04-21T03:45:56.975Z] 11:45:56 PM [vite] (client) page reload src/components/ui/pagination.tsx
[2026-04-21T03:45:56.975Z] 11:45:56 PM [vite] (client) page reload src/components/ui/popover.tsx
[2026-04-21T03:45:56.975Z] 11:45:56 PM [vite] (client) page reload src/components/ui/progress.tsx
[2026-04-21T03:45:56.976Z] 11:45:56 PM [vite] (client) page reload src/components/ui/radio-group.tsx
[2026-04-21T03:45:56.976Z] 11:45:56 PM [vite] (client) page reload src/components/ui/resizable.tsx
[2026-04-21T03:45:56.976Z] 11:45:56 PM [vite] (client) page reload src/components/ui/scroll-area.tsx
[2026-04-21T03:45:56.976Z] 11:45:56 PM [vite] (client) page reload src/components/ui/select.tsx
[2026-04-21T03:45:56.977Z] 11:45:56 PM [vite] (client) page reload src/components/ui/separator.tsx
[2026-04-21T03:45:56.977Z] 11:45:56 PM [vite] (client) page reload src/components/ui/sheet.tsx
[2026-04-21T03:45:56.977Z] 11:45:56 PM [vite] (client) page reload src/components/ui/sidebar.tsx
[2026-04-21T03:45:56.978Z] 11:45:56 PM [vite] (client) page reload src/components/ui/skeleton.tsx
[2026-04-21T03:45:56.978Z] 11:45:56 PM [vite] (client) page reload src/components/ui/slider.tsx
[2026-04-21T03:45:56.978Z] 11:45:56 PM [vite] (client) page reload src/components/ui/sonner.tsx
[2026-04-21T03:45:56.978Z] 11:45:56 PM [vite] (client) page reload src/components/ui/spinner.tsx
[2026-04-21T03:45:56.979Z] 11:45:56 PM [vite] (client) page reload src/components/ui/switch.tsx
[2026-04-21T03:45:56.979Z] 11:45:56 PM [vite] (client) page reload src/components/ui/table.tsx
[2026-04-21T03:45:56.979Z] 11:45:56 PM [vite] (client) page reload src/components/ui/tabs.tsx
[2026-04-21T03:45:56.979Z] 11:45:56 PM [vite] (client) page reload src/components/ui/textarea.tsx
[2026-04-21T03:45:56.980Z] 11:45:56 PM [vite] (client) page reload src/components/ui/toggle-group.tsx
[2026-04-21T03:45:56.980Z] 11:45:56 PM [vite] (client) page reload src/components/ui/toggle.tsx
[2026-04-21T03:45:56.980Z] 11:45:56 PM [vite] (client) page reload src/components/ui/tooltip.tsx
[2026-04-21T03:45:56.980Z] 11:45:56 PM [vite] (client) page reload src/contexts/ThemeContext.tsx
[2026-04-21T03:45:56.981Z] 11:45:56 PM [vite] (client) page reload src/hooks/useComposition.ts
[2026-04-21T03:45:56.981Z] 11:45:56 PM [vite] (client) page reload src/hooks/useMobile.tsx
[2026-04-21T03:45:56.981Z] 11:45:56 PM [vite] (client) page reload src/hooks/usePersistFn.ts
[2026-04-21T03:45:56.982Z] 11:45:56 PM [vite] (client) page reload src/lib/trpc.ts
[2026-04-21T03:45:56.982Z] 11:45:56 PM [vite] (client) page reload src/lib/utils.ts
[2026-04-21T03:45:56.983Z] 11:45:56 PM [vite] (client) page reload src/pages/ComponentShowcase.tsx
[2026-04-21T03:45:56.983Z] 11:45:56 PM [vite] (client) page reload src/pages/DisasterGuide.tsx
[2026-04-21T03:45:56.983Z] 11:45:56 PM [vite] (client) page reload src/pages/EmergencyContacts.tsx
[2026-04-21T03:45:56.984Z] 11:45:56 PM [vite] (client) page reload src/pages/Home.tsx
[2026-04-21T03:45:56.984Z] 11:45:56 PM [vite] (client) page reload src/pages/Map.tsx
[2026-04-21T03:45:56.984Z] 11:45:56 PM [vite] (client) page reload src/pages/NotFound.tsx
[2026-04-21T03:45:57.349Z] Error: ENOENT: no such file or directory, open '/home/ubuntu/crisispath/client/index.html'
[2026-04-21T03:45:57.350Z] at async open (node:internal/fs/promises:638:25)
[2026-04-21T03:45:57.351Z] at async Object.readFile (node:internal/fs/promises:1242:14)
[2026-04-21T03:45:57.351Z] at async <anonymous> (/home/ubuntu/crisispath/server/_core/vite.ts:36:22)
[2026-04-21T03:45:57.948Z] Error: ENOENT: no such file or directory, open '/home/ubuntu/crisispath/client/index.html'
[2026-04-21T03:45:57.949Z] at async open (node:internal/fs/promises:638:25)
[2026-04-21T03:45:57.949Z] at async Object.readFile (node:internal/fs/promises:1242:14)
[2026-04-21T03:45:57.949Z] at async <anonymous> (/home/ubuntu/crisispath/server/_core/vite.ts:36:22)
[2026-04-21T03:46:15.517Z] 11:46:15 PM [tsx] unlink in ./shared/disasterData.ts Restarting...
[2026-04-21T03:46:15.587Z] cnode:internal/modules/cjs/loader:1247
[2026-04-21T03:46:15.588Z] throw err;
[2026-04-21T03:46:15.588Z] ^
[2026-04-21T03:46:15.589Z] 
[2026-04-21T03:46:15.589Z] Error: Cannot find module '/home/ubuntu/crisispath/node_modules/.pnpm/tsx@4.20.6/node_modules/tsx/dist/preflight.cjs'
[2026-04-21T03:46:15.590Z] Require stack:
[2026-04-21T03:46:15.590Z] - internal/preload
[2026-04-21T03:46:15.591Z] at Function._resolveFilename (node:internal/modules/cjs/loader:1244:15)
[2026-04-21T03:46:15.591Z] at Function._load (node:internal/modules/cjs/loader:1070:27)
[2026-04-21T03:46:15.591Z] at TracingChannel.traceSync (node:diagnostics_channel:322:14)
[2026-04-21T03:46:15.592Z] at wrapModuleLoad (node:internal/modules/cjs/loader:217:24)
[2026-04-21T03:46:15.592Z] at Module.require (node:internal/modules/cjs/loader:1335:12)
[2026-04-21T03:46:15.592Z] at node:internal/modules/cjs/loader:1834:12
[2026-04-21T03:46:15.593Z] at loadPreloadModules (node:internal/process/pre_execution:726:5)
[2026-04-21T03:46:15.593Z] at setupUserModules (node:internal/process/pre_execution:206:5)
[2026-04-21T03:46:15.594Z] at prepareExecution (node:internal/process/pre_execution:159:5)
[2026-04-21T03:46:15.594Z] at prepareMainThreadExecution (node:internal/process/pre_execution:54:10) {
[2026-04-21T03:46:15.594Z] code: 'MODULE_NOT_FOUND',
[2026-04-21T03:46:15.595Z] requireStack: [ 'internal/preload' ]
[2026-04-21T03:46:15.595Z] }
[2026-04-21T03:46:15.596Z] 
[2026-04-21T03:46:15.596Z] Node.js v22.13.0
[2026-04-21T05:00:05.757Z] Dev server process group stopped
[2026-04-21T05:00:05.775Z] Dev server exited with code -15
[2026-04-21T05:00:08.769Z] Starting dev server with command: NODE_ENV=development tsx watch server/_core/index.ts
[2026-04-21T05:00:08.788Z] /bin/sh: 1: tsx: not found
[2026-04-21T05:00:08.789Z] Dev server exited with code 127
[2026-04-21T05:07:16.971Z] Starting dev server with command: NODE_ENV=development tsx watch server/_core/index.ts
[2026-04-21T05:07:16.999Z] /bin/sh: 1: tsx: not found
[2026-04-21T05:07:17.000Z] Dev server exited with code 127
[2026-04-21T05:35:52.156Z] Starting dev server with command: NODE_ENV=development tsx watch server/_core/index.ts
[2026-04-21T05:35:54.016Z] [OAuth] Initialized with baseURL: https://api.manus.im
[2026-04-21T05:35:54.301Z] 1:35:54 AM [vite] (client) Re-optimizing dependencies because vite config has changed
[2026-04-21T05:35:54.327Z] Server running on http://localhost:3000/
[2026-04-21T05:35:55.077Z] [baseline-browser-mapping] The data in this module is over two months old.  To ensure accurate Baseline data, please update: `npm i baseline-browser-mapping@latest -D`
[2026-04-21T05:36:31.810Z] 1:36:31 AM [vite] (client) hmr update /src/index.css
[2026-04-21T05:41:41.695Z] 1:41:41 AM [vite] (client) hmr update /src/pages/Onboarding.tsx, /src/index.css
[2026-04-21T05:42:02.040Z] 1:42:02 AM [vite] (client) hmr update /src/contexts/I18nContext.tsx, /src/index.css
[2026-04-21T05:42:02.343Z] 1:42:02 AM [vite] (client) hmr invalidate /src/contexts/I18nContext.tsx Could not Fast Refresh ("useI18n" export is incompatible). Learn more at https://github.com/vitejs/vite-plugin-react/tree/main/packages/plugin-react#consistent-components-exports
[2026-04-21T05:42:02.343Z] 1:42:02 AM [vite] (client) hmr update /src/App.tsx, /src/pages/Onboarding.tsx, /src/pages/SafeRoute.tsx, /src/pages/Settings.tsx, /src/pages/ActionGuide.tsx, /src/pages/FamilyTracker.tsx, /src/pages/Dashboard.tsx
[2026-04-21T05:42:22.646Z] 1:42:22 AM [vite] (client) hmr update /src/pages/Onboarding.tsx, /src/index.css
[2026-04-21T05:42:40.747Z] 1:42:40 AM [vite] (client) hmr update /src/App.tsx, /src/index.css
[2026-04-21T05:44:43.478Z] 1:44:43 AM [vite] (client) hmr update /src/contexts/I18nContext.tsx, /src/pages/Onboarding.tsx, /src/pages/Settings.tsx
[2026-04-21T05:44:43.789Z] 1:44:43 AM [vite] (client) hmr invalidate /src/contexts/I18nContext.tsx Could not Fast Refresh ("useI18n" export is incompatible). Learn more at https://github.com/vitejs/vite-plugin-react/tree/main/packages/plugin-react#consistent-components-exports
[2026-04-21T05:44:43.790Z] 1:44:43 AM [vite] (client) hmr update /src/App.tsx, /src/pages/Onboarding.tsx, /src/pages/SafeRoute.tsx, /src/pages/Settings.tsx, /src/pages/ActionGuide.tsx, /src/pages/FamilyTracker.tsx, /src/pages/Dashboard.tsx
[2026-04-21T05:46:06.713Z] 1:46:06 AM [vite] (client) hmr update /src/pages/Home.tsx, /src/index.css
[2026-04-21T05:46:36.747Z] 1:46:36 AM [vite] (client) hmr update /src/pages/EmergencyContacts.tsx, /src/index.css
[2026-04-21T05:47:08.339Z] 1:47:08 AM [vite] (client) hmr update /src/pages/DisasterGuide.tsx, /src/index.css
[2026-04-21T05:47:29.373Z] 1:47:29 AM [vite] (client) hmr update /src/pages/DisasterGuide.tsx, /src/index.css
[2026-04-21T05:48:22.355Z] 1:48:22 AM [vite] (client) hmr update /src/pages/Map.tsx, /src/index.css
[2026-04-21T05:48:49.422Z] 1:48:49 AM [vite] (client) hmr update /src/pages/Settings.tsx, /src/index.css
[2026-04-21T05:50:28.671Z] 1:50:28 AM [vite] (client) hmr update /src/pages/Settings.tsx, /src/index.css
[2026-04-21T05:50:56.761Z] 1:50:56 AM [vite] (client) hmr update /src/pages/Dashboard.tsx, /src/index.css
[2026-04-21T05:51:24.310Z] 1:51:24 AM [vite] (client) hmr update /src/pages/FamilyTracker.tsx, /src/index.css
[2026-04-21T05:51:59.985Z] 1:51:59 AM [vite] (client) hmr update /src/pages/SafeRoute.tsx, /src/index.css
[2026-04-21T05:52:26.318Z] 1:52:26 AM [tsx] change in ./server/routers.ts Restarting...
[2026-04-21T05:52:28.190Z] c[OAuth] Initialized with baseURL: https://api.manus.im
[2026-04-21T05:52:28.460Z] Server running on http://localhost:3000/
[2026-04-21T05:52:31.196Z] [baseline-browser-mapping] The data in this module is over two months old.  To ensure accurate Baseline data, please update: `npm i baseline-browser-mapping@latest -D`
[2026-04-21T05:53:17.456Z] 1:53:17 AM [vite] (client) hmr update /src/App.tsx, /src/index.css
[2026-04-21T05:54:22.797Z] Dev server process group stopped
[2026-04-21T05:54:22.842Z] Dev server exited with code -15
[2026-04-21T05:54:25.835Z] Starting dev server with command: NODE_ENV=development tsx watch server/_core/index.ts
[2026-04-21T05:54:27.676Z] [OAuth] Initialized with baseURL: https://api.manus.im
[2026-04-21T05:54:27.918Z] Server running on http://localhost:3000/
[2026-04-21T05:54:28.607Z] [baseline-browser-mapping] The data in this module is over two months old.  To ensure accurate Baseline data, please update: `npm i baseline-browser-mapping@latest -D`
[2026-04-21T05:57:36.992Z] 1:57:36 AM [vite] (client) hmr update /src/contexts/I18nContext.tsx, /src/pages/Onboarding.tsx, /src/pages/Settings.tsx
[2026-04-21T05:57:37.275Z] 1:57:37 AM [vite] (client) hmr invalidate /src/contexts/I18nContext.tsx Could not Fast Refresh ("useI18n" export is incompatible). Learn more at https://github.com/vitejs/vite-plugin-react/tree/main/packages/plugin-react#consistent-components-exports
[2026-04-21T05:57:37.276Z] 1:57:37 AM [vite] (client) hmr update /src/App.tsx, /src/pages/Onboarding.tsx, /src/pages/ActionGuide.tsx, /src/pages/Dashboard.tsx, /src/pages/FamilyTracker.tsx, /src/pages/EmergencyContacts.tsx, /src/pages/Settings.tsx, /src/pages/SafeRoute.tsx, /src/pages/DisasterGuide.tsx, /src/pages/Privacy.tsx, /src/pages/Map.tsx, /src/pages/Home.tsx
[2026-04-21T05:57:55.059Z] 1:57:55 AM [vite] (client) hmr update /src/contexts/I18nContext.tsx, /src/pages/Onboarding.tsx, /src/pages/Settings.tsx
[2026-04-21T05:57:55.333Z] 1:57:55 AM [vite] (client) hmr invalidate /src/contexts/I18nContext.tsx Could not Fast Refresh ("useI18n" export is incompatible). Learn more at https://github.com/vitejs/vite-plugin-react/tree/main/packages/plugin-react#consistent-components-exports
[2026-04-21T05:57:55.333Z] 1:57:55 AM [vite] (client) hmr update /src/App.tsx, /src/pages/Onboarding.tsx, /src/pages/ActionGuide.tsx, /src/pages/Dashboard.tsx, /src/pages/FamilyTracker.tsx, /src/pages/EmergencyContacts.tsx, /src/pages/Settings.tsx, /src/pages/SafeRoute.tsx, /src/pages/DisasterGuide.tsx, /src/pages/Privacy.tsx, /src/pages/Map.tsx, /src/pages/Home.tsx
[2026-04-21T05:58:03.822Z] 1:58:03 AM [vite] (client) hmr update /src/pages/FamilyTracker.tsx, /src/index.css
[2026-04-21T05:58:33.030Z] 1:58:33 AM [vite] (client) hmr update /src/pages/ActionGuide.tsx, /src/index.css
[2026-04-21T05:58:56.305Z] 1:58:56 AM [tsx] change in ./server/routers.ts Restarting...
[2026-04-21T05:58:58.094Z] c[OAuth] Initialized with baseURL: https://api.manus.im
[2026-04-21T05:58:58.324Z] Server running on http://localhost:3000/
[2026-04-21T05:58:58.862Z] [baseline-browser-mapping] The data in this module is over two months old.  To ensure accurate Baseline data, please update: `npm i baseline-browser-mapping@latest -D`
[2026-04-21T05:59:07.260Z] 1:59:07 AM [tsx] change in ./server/routers.ts Restarting...
[2026-04-21T05:59:08.706Z] c[OAuth] Initialized with baseURL: https://api.manus.im
[2026-04-21T05:59:08.932Z] Server running on http://localhost:3000/
[2026-04-21T05:59:09.863Z] [baseline-browser-mapping] The data in this module is over two months old.  To ensure accurate Baseline data, please update: `npm i baseline-browser-mapping@latest -D`
[2026-04-21T06:00:06.848Z] Dev server process group stopped
[2026-04-21T06:00:06.884Z] Dev server exited with code -15
[2026-04-21T06:00:09.880Z] Starting dev server with command: NODE_ENV=development tsx watch server/_core/index.ts
[2026-04-21T06:00:11.544Z] [OAuth] Initialized with baseURL: https://api.manus.im
[2026-04-21T06:00:11.772Z] Server running on http://localhost:3000/
[2026-04-21T06:00:12.287Z] [baseline-browser-mapping] The data in this module is over two months old.  To ensure accurate Baseline data, please update: `npm i baseline-browser-mapping@latest -D`
[2026-04-21T06:00:38.375Z] 2:00:38 AM [vite] (client) hmr update /src/index.css
[2026-04-21T06:02:18.505Z] 2:02:18 AM [tsx] change in ./server/sms.ts Restarting...
[2026-04-21T06:02:20.406Z] c[OAuth] Initialized with baseURL: https://api.manus.im
[2026-04-21T06:02:20.642Z] Server running on http://localhost:3000/
[2026-04-21T06:02:21.808Z] [baseline-browser-mapping] The data in this module is over two months old.  To ensure accurate Baseline data, please update: `npm i baseline-browser-mapping@latest -D`
[2026-04-21T06:03:05.232Z] 2:03:05 AM [tsx] change in ./shared/shelterData.ts Restarting...
[2026-04-21T06:03:06.914Z] c[OAuth] Initialized with baseURL: https://api.manus.im
[2026-04-21T06:03:07.143Z] Server running on http://localhost:3000/
[2026-04-21T06:03:09.268Z] [baseline-browser-mapping] The data in this module is over two months old.  To ensure accurate Baseline data, please update: `npm i baseline-browser-mapping@latest -D`
[2026-04-21T06:03:20.922Z] 2:03:20 AM [tsx] change in ./server/routers.ts Restarting...
[2026-04-21T06:03:22.427Z] c[OAuth] Initialized with baseURL: https://api.manus.im
[2026-04-21T06:03:22.652Z] Server running on http://localhost:3000/
[2026-04-21T06:03:25.111Z] [baseline-browser-mapping] The data in this module is over two months old.  To ensure accurate Baseline data, please update: `npm i baseline-browser-mapping@latest -D`
[2026-04-21T06:04:19.422Z] 2:04:19 AM [vite] (client) hmr update /src/App.tsx, /src/index.css
[2026-04-21T06:04:32.859Z] 2:04:32 AM [vite] (client) hmr update /src/pages/Settings.tsx, /src/index.css
[2026-04-21T06:07:19.828Z] Dev server process group stopped
[2026-04-21T06:07:19.872Z] Dev server exited with code -15
[2026-04-21T06:07:22.860Z] Starting dev server with command: NODE_ENV=development tsx watch server/_core/index.ts
[2026-04-21T06:07:24.641Z] [OAuth] Initialized with baseURL: https://api.manus.im
[2026-04-21T06:07:24.900Z] Server running on http://localhost:3000/
[2026-04-21T06:07:25.586Z] [baseline-browser-mapping] The data in this module is over two months old.  To ensure accurate Baseline data, please update: `npm i baseline-browser-mapping@latest -D`
[2026-04-21T06:07:51.814Z] 2:07:51 AM [vite] (client) hmr update /src/index.css
[2026-04-21T06:15:41.572Z] 2:15:41 AM [vite] (client) hmr update /src/pages/Onboarding.tsx, /src/index.css
[2026-04-21T06:18:38.218Z] 2:18:38 AM [vite] (client) hmr update /src/pages/Home.tsx, /src/index.css
[2026-04-21T06:19:45.965Z] 2:19:45 AM [vite] (client) hmr update /src/pages/Map.tsx, /src/index.css
[2026-04-21T06:20:06.208Z] 2:20:06 AM [tsx] change in ./shared/shelterData.ts Restarting...
[2026-04-21T06:20:07.958Z] c[OAuth] Initialized with baseURL: https://api.manus.im
[2026-04-21T06:20:08.229Z] Server running on http://localhost:3000/
[2026-04-21T06:20:35.834Z] 2:20:35 AM [tsx] change in ./shared/shelterData.ts Restarting...
[2026-04-21T06:20:36.352Z] c
[2026-04-21T06:20:36.353Z] node:internal/modules/run_main:122
[2026-04-21T06:20:36.353Z] triggerUncaughtException(
[2026-04-21T06:20:36.353Z] ^
[2026-04-21T06:20:36.354Z] Error [TransformError]: Transform failed with 1 error:
[2026-04-21T06:20:36.354Z] /home/ubuntu/crisispath/shared/shelterData.ts:164:40: ERROR: Expected "}" but found "amenities"
[2026-04-21T06:20:36.355Z] at failureErrorWithLog (/home/ubuntu/crisispath/node_modules/.pnpm/esbuild@0.25.10/node_modules/esbuild/lib/main.js:1467:15)
[2026-04-21T06:20:36.355Z] at /home/ubuntu/crisispath/node_modules/.pnpm/esbuild@0.25.10/node_modules/esbuild/lib/main.js:736:50
[2026-04-21T06:20:36.355Z] at responseCallbacks.<computed> (/home/ubuntu/crisispath/node_modules/.pnpm/esbuild@0.25.10/node_modules/esbuild/lib/main.js:603:9)
[2026-04-21T06:20:36.356Z] at handleIncomingPacket (/home/ubuntu/crisispath/node_modules/.pnpm/esbuild@0.25.10/node_modules/esbuild/lib/main.js:658:12)
[2026-04-21T06:20:36.356Z] at Socket.readFromStdout (/home/ubuntu/crisispath/node_modules/.pnpm/esbuild@0.25.10/node_modules/esbuild/lib/main.js:581:7)
[2026-04-21T06:20:36.356Z] at Socket.emit (node:events:524:28)
[2026-04-21T06:20:36.356Z] at addChunk (node:internal/streams/readable:561:12)
[2026-04-21T06:20:36.357Z] at readableAddChunkPushByteMode (node:internal/streams/readable:512:3)
[2026-04-21T06:20:36.357Z] at Readable.push (node:internal/streams/readable:392:5)
[2026-04-21T06:20:36.357Z] at Pipe.onStreamRead (node:internal/stream_base_commons:189:23)
[2026-04-21T06:20:36.358Z] 
[2026-04-21T06:20:36.358Z] Node.js v22.13.0
[2026-04-21T06:20:57.197Z] 2:20:57 AM [tsx] change in ./shared/shelterData.ts Rerunning...
[2026-04-21T06:20:58.783Z] c[OAuth] Initialized with baseURL: https://api.manus.im
[2026-04-21T06:20:59.012Z] Server running on http://localhost:3000/
[2026-04-21T06:21:11.392Z] 2:21:11 AM [tsx] change in ./shared/shelterData.ts Restarting...
[2026-04-21T06:21:13.034Z] c[OAuth] Initialized with baseURL: https://api.manus.im
[2026-04-21T06:21:13.302Z] Server running on http://localhost:3000/
[2026-04-21T06:21:19.262Z] Dev server process group stopped
[2026-04-21T06:21:19.337Z] Dev server exited with code -15
[2026-04-21T06:21:22.276Z] Starting dev server with command: NODE_ENV=development tsx watch server/_core/index.ts
[2026-04-21T06:21:24.022Z] [OAuth] Initialized with baseURL: https://api.manus.im
[2026-04-21T06:21:24.250Z] Server running on http://localhost:3000/
[2026-04-21T06:21:24.714Z] [baseline-browser-mapping] The data in this module is over two months old.  To ensure accurate Baseline data, please update: `npm i baseline-browser-mapping@latest -D`
[2026-04-21T06:21:55.280Z] 2:21:55 AM [vite] (client) hmr update /src/contexts/I18nContext.tsx, /src/pages/Onboarding.tsx, /src/pages/Home.tsx, /src/pages/Settings.tsx
[2026-04-21T06:22:18.842Z] 2:22:18 AM [vite] (client) hmr update /src/contexts/I18nContext.tsx, /src/pages/Onboarding.tsx, /src/pages/Home.tsx, /src/pages/Settings.tsx
[2026-04-21T06:22:39.400Z] 2:22:39 AM [vite] (client) hmr update /src/contexts/I18nContext.tsx, /src/pages/Onboarding.tsx, /src/pages/Home.tsx, /src/pages/Settings.tsx
[2026-04-21T06:23:17.994Z] 2:23:17 AM [vite] (client) hmr update /src/contexts/I18nContext.tsx, /src/pages/Onboarding.tsx, /src/pages/Home.tsx, /src/pages/Settings.tsx
[2026-04-21T06:23:38.938Z] 2:23:38 AM [vite] (client) hmr update /src/contexts/I18nContext.tsx, /src/pages/Onboarding.tsx, /src/pages/Home.tsx, /src/pages/Settings.tsx
[2026-04-21T06:24:02.590Z] 2:24:02 AM [vite] (client) hmr update /src/contexts/I18nContext.tsx, /src/pages/Onboarding.tsx, /src/pages/Home.tsx, /src/pages/Settings.tsx
[2026-04-21T06:24:26.360Z] 2:24:26 AM [vite] (client) hmr update /src/contexts/I18nContext.tsx, /src/pages/Onboarding.tsx, /src/pages/Home.tsx, /src/pages/Settings.tsx
[2026-04-21T06:24:34.296Z] Dev server process group stopped
[2026-04-21T06:24:34.336Z] Dev server exited with code -15
[2026-04-21T06:24:37.307Z] Starting dev server with command: NODE_ENV=development tsx watch server/_core/index.ts
[2026-04-21T06:24:39.022Z] [OAuth] Initialized with baseURL: https://api.manus.im
[2026-04-21T06:24:39.266Z] Server running on http://localhost:3000/
[2026-04-21T06:24:39.736Z] [baseline-browser-mapping] The data in this module is over two months old.  To ensure accurate Baseline data, please update: `npm i baseline-browser-mapping@latest -D`
[2026-04-21T06:26:50.608Z] 2:26:50 AM [tsx] change in ./shared/shelterData.ts Restarting...
[2026-04-21T06:26:52.340Z] c[OAuth] Initialized with baseURL: https://api.manus.im
[2026-04-21T06:26:52.561Z] Server running on http://localhost:3000/
[2026-04-21T06:27:13.494Z] Dev server process group stopped
[2026-04-21T06:27:13.561Z] Dev server exited with code -15
[2026-04-21T06:27:16.506Z] Starting dev server with command: NODE_ENV=development tsx watch server/_core/index.ts
[2026-04-21T06:27:18.211Z] [OAuth] Initialized with baseURL: https://api.manus.im
[2026-04-21T06:27:18.449Z] Server running on http://localhost:3000/
[2026-04-21T06:27:18.922Z] [baseline-browser-mapping] The data in this module is over two months old.  To ensure accurate Baseline data, please update: `npm i baseline-browser-mapping@latest -D`
[2026-04-21T06:28:26.125Z] 2:28:26 AM [vite] (client) hmr update /src/pages/FamilyTracker.tsx, /src/index.css
[2026-04-21T06:29:11.444Z] 2:29:11 AM [vite] (client) hmr update /src/pages/Settings.tsx, /src/index.css
[2026-04-21T06:29:40.978Z] Dev server process group stopped
[2026-04-21T06:29:41.012Z] Dev server exited with code -15
[2026-04-21T06:29:43.989Z] Starting dev server with command: NODE_ENV=development tsx watch server/_core/index.ts
[2026-04-21T06:29:45.556Z] [OAuth] Initialized with baseURL: https://api.manus.im
[2026-04-21T06:29:45.783Z] Server running on http://localhost:3000/
[2026-04-21T06:29:46.407Z] [baseline-browser-mapping] The data in this module is over two months old.  To ensure accurate Baseline data, please update: `npm i baseline-browser-mapping@latest -D`
[2026-04-21T06:34:15.609Z] 2:34:15 AM [vite] (client) hmr update /src/pages/FamilyTracker.tsx, /src/index.css
[2026-04-21T06:35:05.236Z] 2:35:05 AM [vite] (client) hmr update /src/pages/FamilyTracker.tsx, /src/index.css
[2026-04-21T06:35:21.960Z] Dev server process group stopped
[2026-04-21T06:35:21.996Z] Dev server exited with code -15
[2026-04-21T06:35:24.989Z] Starting dev server with command: NODE_ENV=development tsx watch server/_core/index.ts
[2026-04-21T06:35:26.648Z] [OAuth] Initialized with baseURL: https://api.manus.im
[2026-04-21T06:35:26.885Z] Server running on http://localhost:3000/
[2026-04-21T06:35:27.425Z] [baseline-browser-mapping] The data in this module is over two months old.  To ensure accurate Baseline data, please update: `npm i baseline-browser-mapping@latest -D`
[2026-04-21T06:36:09.364Z] 2:36:09 AM [tsx] change in ./server/routers.ts Restarting...
[2026-04-21T06:36:11.119Z] c[OAuth] Initialized with baseURL: https://api.manus.im
[2026-04-21T06:36:11.380Z] Server running on http://localhost:3000/
[2026-04-21T06:36:32.652Z] 2:36:32 AM [tsx] change in ./drizzle/schema.ts Restarting...
[2026-04-21T06:36:34.419Z] c[OAuth] Initialized with baseURL: https://api.manus.im
[2026-04-21T06:36:34.700Z] Server running on http://localhost:3000/
[2026-04-21T06:36:40.982Z] [baseline-browser-mapping] The data in this module is over two months old.  To ensure accurate Baseline data, please update: `npm i baseline-browser-mapping@latest -D`
[2026-04-21T06:36:48.501Z] 2:36:48 AM [tsx] change in ./server/routers.ts Restarting...
[2026-04-21T06:36:50.137Z] c[OAuth] Initialized with baseURL: https://api.manus.im
[2026-04-21T06:36:50.374Z] Server running on http://localhost:3000/
[2026-04-21T06:36:50.861Z] [baseline-browser-mapping] The data in this module is over two months old.  To ensure accurate Baseline data, please update: `npm i baseline-browser-mapping@latest -D`
[2026-04-21T06:37:20.071Z] Dev server process group stopped
[2026-04-21T06:37:20.110Z] Dev server exited with code -15
[2026-04-21T06:37:23.105Z] Starting dev server with command: NODE_ENV=development tsx watch server/_core/index.ts
[2026-04-21T06:37:24.892Z] [OAuth] Initialized with baseURL: https://api.manus.im
[2026-04-21T06:37:25.143Z] Server running on http://localhost:3000/
[2026-04-21T06:37:44.518Z] [baseline-browser-mapping] The data in this module is over two months old.  To ensure accurate Baseline data, please update: `npm i baseline-browser-mapping@latest -D`
[2026-04-21T06:39:00.776Z] Dev server process group stopped
[2026-04-21T06:39:00.826Z] Dev server exited with code -15
[2026-04-21T06:39:03.813Z] Starting dev server with command: NODE_ENV=development tsx watch server/_core/index.ts
[2026-04-21T06:39:05.576Z] [OAuth] Initialized with baseURL: https://api.manus.im
[2026-04-21T06:39:05.827Z] Server running on http://localhost:3000/
[2026-04-21T06:39:06.277Z] [baseline-browser-mapping] The data in this module is over two months old.  To ensure accurate Baseline data, please update: `npm i baseline-browser-mapping@latest -D`
[2026-04-21T06:39:53.132Z] 2:39:53 AM [vite] (client) hmr update /src/index.css
[2026-04-21T07:02:09.715Z] 3:02:09 AM [vite] (client) hmr update /src/pages/Home.tsx, /src/index.css
[2026-04-21T07:02:20.380Z] 3:02:20 AM [vite] (client) hmr update /src/pages/Home.tsx, /src/index.css
[2026-04-21T07:02:27.906Z] Dev server process group stopped
[2026-04-21T07:02:27.936Z] Dev server exited with code -15
[2026-04-21T07:02:30.941Z] Starting dev server with command: NODE_ENV=development tsx watch server/_core/index.ts
[2026-04-21T07:02:32.617Z] [OAuth] Initialized with baseURL: https://api.manus.im
[2026-04-21T07:02:32.864Z] Server running on http://localhost:3000/
[2026-04-21T07:02:33.358Z] [baseline-browser-mapping] The data in this module is over two months old.  To ensure accurate Baseline data, please update: `npm i baseline-browser-mapping@latest -D`
[2026-04-21T07:03:56.272Z] 3:03:56 AM [vite] (client) hmr update /src/index.css
[2026-04-21T07:14:16.482Z] 3:14:16 AM [vite] (client) hmr update /src/pages/Home.tsx, /src/index.css
[2026-04-21T07:15:14.227Z] 3:15:14 AM [vite] (client) hmr update /src/pages/ActionGuide.tsx, /src/index.css
[2026-04-21T07:15:38.027Z] 3:15:38 AM [vite] (client) hmr update /src/contexts/I18nContext.tsx, /src/pages/Settings.tsx, /src/pages/Onboarding.tsx, /src/pages/Home.tsx
[2026-04-21T07:15:38.317Z] 3:15:38 AM [vite] (client) hmr invalidate /src/contexts/I18nContext.tsx Could not Fast Refresh ("useI18n" export is incompatible). Learn more at https://github.com/vitejs/vite-plugin-react/tree/main/packages/plugin-react#consistent-components-exports
[2026-04-21T07:15:38.317Z] 3:15:38 AM [vite] (client) hmr update /src/App.tsx, /src/pages/EmergencyContacts.tsx, /src/pages/Dashboard.tsx, /src/pages/Privacy.tsx, /src/pages/ActionGuide.tsx, /src/pages/Terms.tsx, /src/pages/DisasterGuide.tsx, /src/pages/Settings.tsx, /src/pages/Map.tsx, /src/pages/FamilyTracker.tsx, /src/pages/Onboarding.tsx, /src/pages/ShelterDetail.tsx, /src/pages/SafeRoute.tsx, /src/pages/Home.tsx
[2026-04-21T07:15:58.332Z] 3:15:58 AM [vite] (client) hmr update /src/contexts/I18nContext.tsx, /src/pages/Settings.tsx, /src/pages/Onboarding.tsx, /src/pages/Home.tsx
[2026-04-21T07:15:58.712Z] 3:15:58 AM [vite] (client) hmr invalidate /src/contexts/I18nContext.tsx Could not Fast Refresh ("useI18n" export is incompatible). Learn more at https://github.com/vitejs/vite-plugin-react/tree/main/packages/plugin-react#consistent-components-exports
[2026-04-21T07:15:58.713Z] 3:15:58 AM [vite] (client) hmr update /src/App.tsx, /src/pages/EmergencyContacts.tsx, /src/pages/Dashboard.tsx, /src/pages/Privacy.tsx, /src/pages/ActionGuide.tsx, /src/pages/Terms.tsx, /src/pages/DisasterGuide.tsx, /src/pages/Settings.tsx, /src/pages/Map.tsx, /src/pages/FamilyTracker.tsx, /src/pages/Onboarding.tsx, /src/pages/ShelterDetail.tsx, /src/pages/SafeRoute.tsx, /src/pages/Home.tsx
[2026-04-21T07:16:11.381Z] 3:16:11 AM [vite] (client) hmr update /src/contexts/I18nContext.tsx, /src/pages/Settings.tsx, /src/pages/Onboarding.tsx, /src/pages/Home.tsx
[2026-04-21T07:16:11.763Z] 3:16:11 AM [vite] (client) hmr invalidate /src/contexts/I18nContext.tsx Could not Fast Refresh ("useI18n" export is incompatible). Learn more at https://github.com/vitejs/vite-plugin-react/tree/main/packages/plugin-react#consistent-components-exports
[2026-04-21T07:16:11.764Z] 3:16:11 AM [vite] (client) hmr update /src/App.tsx, /src/pages/EmergencyContacts.tsx, /src/pages/Dashboard.tsx, /src/pages/Privacy.tsx, /src/pages/ActionGuide.tsx, /src/pages/Terms.tsx, /src/pages/DisasterGuide.tsx, /src/pages/Settings.tsx, /src/pages/Map.tsx, /src/pages/FamilyTracker.tsx, /src/pages/Onboarding.tsx, /src/pages/ShelterDetail.tsx, /src/pages/SafeRoute.tsx, /src/pages/Home.tsx
[2026-04-21T07:16:32.967Z] 3:16:32 AM [vite] (client) hmr update /src/contexts/I18nContext.tsx, /src/pages/Settings.tsx, /src/pages/Onboarding.tsx, /src/pages/Home.tsx
[2026-04-21T07:16:33.432Z] 3:16:33 AM [vite] (client) hmr invalidate /src/contexts/I18nContext.tsx Could not Fast Refresh ("useI18n" export is incompatible). Learn more at https://github.com/vitejs/vite-plugin-react/tree/main/packages/plugin-react#consistent-components-exports
[2026-04-21T07:16:33.433Z] 3:16:33 AM [vite] (client) hmr update /src/App.tsx, /src/pages/EmergencyContacts.tsx, /src/pages/Dashboard.tsx, /src/pages/Privacy.tsx, /src/pages/ActionGuide.tsx, /src/pages/Terms.tsx, /src/pages/DisasterGuide.tsx, /src/pages/Settings.tsx, /src/pages/Map.tsx, /src/pages/FamilyTracker.tsx, /src/pages/Onboarding.tsx, /src/pages/ShelterDetail.tsx, /src/pages/SafeRoute.tsx, /src/pages/Home.tsx
[2026-04-21T07:16:46.704Z] 3:16:46 AM [vite] (client) hmr update /src/contexts/I18nContext.tsx, /src/pages/Settings.tsx, /src/pages/Onboarding.tsx, /src/pages/Home.tsx
[2026-04-21T07:16:47.032Z] 3:16:47 AM [vite] (client) hmr invalidate /src/contexts/I18nContext.tsx Could not Fast Refresh ("useI18n" export is incompatible). Learn more at https://github.com/vitejs/vite-plugin-react/tree/main/packages/plugin-react#consistent-components-exports
[2026-04-21T07:16:47.033Z] 3:16:47 AM [vite] (client) hmr update /src/App.tsx, /src/pages/EmergencyContacts.tsx, /src/pages/Dashboard.tsx, /src/pages/Privacy.tsx, /src/pages/ActionGuide.tsx, /src/pages/Terms.tsx, /src/pages/DisasterGuide.tsx, /src/pages/Settings.tsx, /src/pages/Map.tsx, /src/pages/FamilyTracker.tsx, /src/pages/Onboarding.tsx, /src/pages/ShelterDetail.tsx, /src/pages/SafeRoute.tsx, /src/pages/Home.tsx
[2026-04-21T07:16:58.547Z] 3:16:58 AM [vite] (client) hmr update /src/contexts/I18nContext.tsx, /src/pages/Settings.tsx, /src/pages/Onboarding.tsx, /src/pages/Home.tsx
[2026-04-21T07:16:59.018Z] 3:16:59 AM [vite] (client) hmr invalidate /src/contexts/I18nContext.tsx Could not Fast Refresh ("useI18n" export is incompatible). Learn more at https://github.com/vitejs/vite-plugin-react/tree/main/packages/plugin-react#consistent-components-exports
[2026-04-21T07:16:59.021Z] 3:16:59 AM [vite] (client) hmr update /src/App.tsx, /src/pages/EmergencyContacts.tsx, /src/pages/Dashboard.tsx, /src/pages/Privacy.tsx, /src/pages/ActionGuide.tsx, /src/pages/Terms.tsx, /src/pages/DisasterGuide.tsx, /src/pages/Settings.tsx, /src/pages/Map.tsx, /src/pages/FamilyTracker.tsx, /src/pages/Onboarding.tsx, /src/pages/ShelterDetail.tsx, /src/pages/SafeRoute.tsx, /src/pages/Home.tsx
[2026-04-21T07:17:11.829Z] 3:17:11 AM [vite] (client) hmr update /src/contexts/I18nContext.tsx, /src/pages/Settings.tsx, /src/pages/Onboarding.tsx, /src/pages/Home.tsx
[2026-04-21T07:17:12.206Z] 3:17:12 AM [vite] (client) hmr invalidate /src/contexts/I18nContext.tsx Could not Fast Refresh ("useI18n" export is incompatible). Learn more at https://github.com/vitejs/vite-plugin-react/tree/main/packages/plugin-react#consistent-components-exports
[2026-04-21T07:17:12.207Z] 3:17:12 AM [vite] (client) hmr update /src/App.tsx, /src/pages/EmergencyContacts.tsx, /src/pages/Dashboard.tsx, /src/pages/Privacy.tsx, /src/pages/ActionGuide.tsx, /src/pages/Terms.tsx, /src/pages/DisasterGuide.tsx, /src/pages/Settings.tsx, /src/pages/Map.tsx, /src/pages/FamilyTracker.tsx, /src/pages/Onboarding.tsx, /src/pages/ShelterDetail.tsx, /src/pages/SafeRoute.tsx, /src/pages/Home.tsx
[2026-04-21T07:19:09.021Z] Dev server process group stopped
[2026-04-21T07:19:09.065Z] Dev server exited with code -15
[2026-04-21T07:19:12.055Z] Starting dev server with command: NODE_ENV=development tsx watch server/_core/index.ts
[2026-04-21T07:19:13.834Z] [OAuth] Initialized with baseURL: https://api.manus.im
[2026-04-21T07:19:14.073Z] Server running on http://localhost:3000/
[2026-04-21T07:19:14.507Z] [baseline-browser-mapping] The data in this module is over two months old.  To ensure accurate Baseline data, please update: `npm i baseline-browser-mapping@latest -D`
[2026-04-21T07:28:11.957Z] 3:28:11 AM [vite] (client) hmr update /src/index.css
[2026-04-21T07:40:30.717Z] 3:40:30 AM [vite] (client) page reload src/main.tsx
[2026-04-21T07:40:55.388Z] 3:40:55 AM [vite] (client) page reload src/main.tsx
[2026-04-21T07:41:11.352Z] 3:41:11 AM [vite] (client) hmr update /src/pages/Home.tsx, /src/index.css
[2026-04-21T07:41:17.392Z] 3:41:17 AM [vite] (client) hmr update /src/pages/Home.tsx, /src/index.css
[2026-04-21T07:41:29.538Z] 3:41:29 AM [vite] (client) hmr update /src/pages/Home.tsx, /src/index.css
[2026-04-21T07:41:42.856Z] 3:41:42 AM [vite] (client) hmr update /src/pages/EmergencyContacts.tsx, /src/index.css
[2026-04-21T07:41:54.011Z] 3:41:54 AM [vite] (client) hmr update /src/pages/EmergencyContacts.tsx, /src/index.css
[2026-04-21T07:42:20.369Z] 3:42:20 AM [vite] (client) hmr update /src/contexts/I18nContext.tsx, /src/pages/Settings.tsx, /src/pages/Onboarding.tsx, /src/pages/Home.tsx
[2026-04-21T07:42:20.748Z] 3:42:20 AM [vite] (client) hmr invalidate /src/contexts/I18nContext.tsx Could not Fast Refresh ("useI18n" export is incompatible). Learn more at https://github.com/vitejs/vite-plugin-react/tree/main/packages/plugin-react#consistent-components-exports
[2026-04-21T07:42:20.749Z] 3:42:20 AM [vite] (client) hmr update /src/App.tsx, /src/pages/Dashboard.tsx, /src/pages/Settings.tsx, /src/pages/FamilyTracker.tsx, /src/pages/Terms.tsx, /src/pages/Onboarding.tsx, /src/pages/Map.tsx, /src/pages/Privacy.tsx, /src/pages/ActionGuide.tsx, /src/pages/DisasterGuide.tsx, /src/pages/EmergencyContacts.tsx, /src/pages/SafeRoute.tsx, /src/pages/ShelterDetail.tsx, /src/pages/Home.tsx
[2026-04-21T07:42:39.583Z] 3:42:39 AM [vite] (client) hmr update /src/contexts/I18nContext.tsx, /src/pages/Settings.tsx, /src/pages/Onboarding.tsx, /src/pages/Home.tsx
[2026-04-21T07:42:39.957Z] 3:42:39 AM [vite] (client) hmr invalidate /src/contexts/I18nContext.tsx Could not Fast Refresh ("useI18n" export is incompatible). Learn more at https://github.com/vitejs/vite-plugin-react/tree/main/packages/plugin-react#consistent-components-exports
[2026-04-21T07:42:39.958Z] 3:42:39 AM [vite] (client) hmr update /src/App.tsx, /src/pages/Dashboard.tsx, /src/pages/Settings.tsx, /src/pages/FamilyTracker.tsx, /src/pages/Terms.tsx, /src/pages/Onboarding.tsx, /src/pages/Map.tsx, /src/pages/Privacy.tsx, /src/pages/ActionGuide.tsx, /src/pages/DisasterGuide.tsx, /src/pages/EmergencyContacts.tsx, /src/pages/SafeRoute.tsx, /src/pages/ShelterDetail.tsx, /src/pages/Home.tsx
[2026-04-21T07:44:18.666Z] 3:44:18 AM [vite] (client) hmr update /src/pages/Settings.tsx, /src/index.css
[2026-04-21T07:44:27.270Z] 3:44:27 AM [vite] (client) hmr update /src/pages/Settings.tsx, /src/index.css
[2026-04-21T07:45:26.357Z] 3:45:26 AM [vite] (client) hmr update /src/index.css
[2026-04-21T08:14:36.821Z] 4:14:36 AM [vite] (client) hmr update /src/contexts/I18nContext.tsx, /src/pages/Settings.tsx, /src/pages/Onboarding.tsx, /src/pages/Home.tsx
[2026-04-21T08:15:00.422Z] 4:15:00 AM [vite] (client) hmr update /src/contexts/I18nContext.tsx, /src/pages/Settings.tsx, /src/pages/Onboarding.tsx, /src/pages/Home.tsx
[2026-04-21T08:16:20.379Z] 4:16:20 AM [vite] (client) hmr update /src/pages/FamilyTracker.tsx, /src/index.css
[2026-04-21T08:18:05.798Z] 4:18:05 AM [vite] (client) hmr update /src/pages/DisasterGuide.tsx, /src/index.css
[2026-04-22T05:13:51.960Z] 1:13:51 AM [vite] (client) hmr update /src/pages/FamilyTracker.tsx, /src/index.css
[2026-04-22T05:14:52.855Z] 1:14:52 AM [vite] (client) hmr update /src/pages/ActionGuide.tsx, /src/index.css
[2026-04-22T05:16:10.934Z] 1:16:10 AM [vite] (client) hmr update /src/index.css
[2026-04-22T05:21:18.790Z] 1:21:18 AM [vite] (client) hmr update /src/App.tsx, /src/index.css
[2026-04-22T05:25:33.055Z] 1:25:33 AM [vite] (client) hmr update /src/index.css
[2026-04-22T06:07:55.515Z] 2:07:55 AM [vite] (client) hmr update /src/pages/Map.tsx, /src/index.css
[2026-04-22T06:08:04.011Z] 2:08:04 AM [vite] (client) hmr update /src/pages/Map.tsx, /src/index.css
[2026-04-22T06:08:14.484Z] 2:08:14 AM [vite] (client) hmr update /src/pages/ActionGuide.tsx, /src/index.css
[2026-04-22T06:08:33.143Z] 2:08:33 AM [vite] (client) hmr update /src/pages/ShelterDetail.tsx, /src/index.css
[2026-04-22T06:08:55.667Z] 2:08:55 AM [vite] (client) hmr update /src/contexts/I18nContext.tsx, /src/pages/Settings.tsx, /src/pages/Onboarding.tsx, /src/pages/Home.tsx
[2026-04-22T06:09:15.917Z] 2:09:15 AM [vite] (client) hmr update /src/contexts/I18nContext.tsx, /src/pages/Settings.tsx, /src/pages/Onboarding.tsx, /src/pages/Home.tsx
[2026-04-22T06:10:11.806Z] 2:10:11 AM [vite] (client) hmr update /src/contexts/I18nContext.tsx, /src/pages/Settings.tsx, /src/pages/Onboarding.tsx, /src/pages/Home.tsx
[2026-04-22T06:11:11.162Z] 2:11:11 AM [vite] (client) hmr update /src/index.css
[2026-04-22T06:13:24.092Z] 2:13:24 AM [vite] (client) page reload index.html
[2026-04-22T06:18:56.924Z] 2:18:56 AM [tsx] change in ./server/_core/index.ts Restarting...
[2026-04-22T06:18:59.072Z] c[OAuth] Initialized with baseURL: https://api.manus.im
[2026-04-22T06:18:59.311Z] Server running on http://localhost:3000/
[2026-04-22T06:19:00.260Z] [baseline-browser-mapping] The data in this module is over two months old.  To ensure accurate Baseline data, please update: `npm i baseline-browser-mapping@latest -D`
[2026-04-22T06:19:51.790Z] 2:19:51 AM [tsx] change in ./server/_core/index.ts Restarting...
[2026-04-22T06:19:53.788Z] c[OAuth] Initialized with baseURL: https://api.manus.im
[2026-04-22T06:19:54.111Z] Server running on http://localhost:3000/
[2026-04-22T06:19:54.875Z] [baseline-browser-mapping] The data in this module is over two months old.  To ensure accurate Baseline data, please update: `npm i baseline-browser-mapping@latest -D`
[2026-04-22T06:19:59.583Z] 2:19:59 AM [vite] (client) page reload index.html
[2026-04-22T06:20:46.883Z] 2:20:46 AM [vite] (client) hmr update /src/index.css
[2026-04-22T06:26:09.960Z] 2:26:09 AM [vite] (client) hmr update /src/index.css
[2026-04-22T06:26:28.188Z] 2:26:28 AM [vite] (client) hmr update /src/index.css
[2026-04-22T06:32:53.856Z] 2:32:53 AM [tsx] change in ./drizzle/schema.ts Restarting...
[2026-04-22T06:32:55.754Z] c[OAuth] Initialized with baseURL: https://api.manus.im
[2026-04-22T06:32:55.989Z] Server running on http://localhost:3000/
[2026-04-22T06:32:57.101Z] [baseline-browser-mapping] The data in this module is over two months old.  To ensure accurate Baseline data, please update: `npm i baseline-browser-mapping@latest -D`
[2026-04-22T06:34:48.347Z] 2:34:48 AM [tsx] change in ./server/routers.ts Restarting...
[2026-04-22T06:34:49.923Z] c[OAuth] Initialized with baseURL: https://api.manus.im
[2026-04-22T06:34:50.150Z] Server running on http://localhost:3000/
[2026-04-22T06:34:51.562Z] [baseline-browser-mapping] The data in this module is over two months old.  To ensure accurate Baseline data, please update: `npm i baseline-browser-mapping@latest -D`
[2026-04-22T06:37:01.294Z] 2:37:01 AM [vite] (client) hmr update /src/App.tsx, /src/index.css
[2026-04-22T06:37:01.431Z] 2:37:01 AM [vite] Internal server error: Failed to resolve import "@/pages/LocationShareView" from "client/src/App.tsx". Does the file exist?
[2026-04-22T06:37:01.432Z] Plugin: vite:import-analysis
[2026-04-22T06:37:01.433Z] File: /home/ubuntu/crisispath/client/src/App.tsx:21:30
[2026-04-22T06:37:01.433Z] 21 |  import EmailAuth from "@/pages/EmailAuth";
[2026-04-22T06:37:01.433Z] 22 |  import JoinFamily from "@/pages/JoinFamily";
[2026-04-22T06:37:01.433Z] 23 |  import LocationShareView from "@/pages/LocationShareView";
[2026-04-22T06:37:01.434Z] |                                 ^
[2026-04-22T06:37:01.434Z] 24 |  import { Route, Switch } from "wouter";
[2026-04-22T06:37:01.434Z] 25 |  import ErrorBoundary from "./components/ErrorBoundary";
[2026-04-22T06:37:01.435Z] at TransformPluginContext._formatLog (/home/ubuntu/crisispath/node_modules/.pnpm/vite@7.1.9_@types+node@24.7.0_jiti@2.6.1_lightningcss@1.30.1_tsx@4.20.6/node_modules/vite/dist/node/chunks/dep-Chhhsdoe.js:31219:43)
[2026-04-22T06:37:01.435Z] at TransformPluginContext.error (/home/ubuntu/crisispath/node_modules/.pnpm/vite@7.1.9_@types+node@24.7.0_jiti@2.6.1_lightningcss@1.30.1_tsx@4.20.6/node_modules/vite/dist/node/chunks/dep-Chhhsdoe.js:31216:14)
[2026-04-22T06:37:01.435Z] at normalizeUrl (/home/ubuntu/crisispath/node_modules/.pnpm/vite@7.1.9_@types+node@24.7.0_jiti@2.6.1_lightningcss@1.30.1_tsx@4.20.6/node_modules/vite/dist/node/chunks/dep-Chhhsdoe.js:29699:18)
[2026-04-22T06:37:01.436Z] at process.processTicksAndRejections (node:internal/process/task_queues:105:5)
[2026-04-22T06:37:01.436Z] at async <anonymous> (/home/ubuntu/crisispath/node_modules/.pnpm/vite@7.1.9_@types+node@24.7.0_jiti@2.6.1_lightningcss@1.30.1_tsx@4.20.6/node_modules/vite/dist/node/chunks/dep-Chhhsdoe.js:29757:32)
[2026-04-22T06:37:01.436Z] at async Promise.all (index 21)
[2026-04-22T06:37:01.437Z] at async TransformPluginContext.transform (/home/ubuntu/crisispath/node_modules/.pnpm/vite@7.1.9_@types+node@24.7.0_jiti@2.6.1_lightningcss@1.30.1_tsx@4.20.6/node_modules/vite/dist/node/chunks/dep-Chhhsdoe.js:29725:4)
[2026-04-22T06:37:01.437Z] at async EnvironmentPluginContainer.transform (/home/ubuntu/crisispath/node_modules/.pnpm/vite@7.1.9_@types+node@24.7.0_jiti@2.6.1_lightningcss@1.30.1_tsx@4.20.6/node_modules/vite/dist/node/chunks/dep-Chhhsdoe.js:31018:14)
[2026-04-22T06:37:01.437Z] at async loadAndTransform (/home/ubuntu/crisispath/node_modules/.pnpm/vite@7.1.9_@types+node@24.7.0_jiti@2.6.1_lightningcss@1.30.1_tsx@4.20.6/node_modules/vite/dist/node/chunks/dep-Chhhsdoe.js:26143:26)
[2026-04-22T06:37:01.438Z] at async viteTransformMiddleware (/home/ubuntu/crisispath/node_modules/.pnpm/vite@7.1.9_@types+node@24.7.0_jiti@2.6.1_lightningcss@1.30.1_tsx@4.20.6/node_modules/vite/dist/node/chunks/dep-Chhhsdoe.js:27221:20)
[2026-04-22T06:37:01.713Z] 2:37:01 AM [vite] (client) Pre-transform error: Failed to resolve import "@/pages/LocationShareView" from "client/src/App.tsx". Does the file exist?
[2026-04-22T06:37:01.714Z] Plugin: vite:import-analysis
[2026-04-22T06:37:01.714Z] File: /home/ubuntu/crisispath/client/src/App.tsx:21:30
[2026-04-22T06:37:01.715Z] 21 |  import EmailAuth from "@/pages/EmailAuth";
[2026-04-22T06:37:01.715Z] 22 |  import JoinFamily from "@/pages/JoinFamily";
[2026-04-22T06:37:01.715Z] 23 |  import LocationShareView from "@/pages/LocationShareView";
[2026-04-22T06:37:01.716Z] |                                 ^
[2026-04-22T06:37:01.716Z] 24 |  import { Route, Switch } from "wouter";
[2026-04-22T06:37:01.716Z] 25 |  import ErrorBoundary from "./components/ErrorBoundary";
[2026-04-22T06:37:02.501Z] 2:37:02 AM [vite] (client) ✨ new dependencies optimized: @radix-ui/react-select
[2026-04-22T06:37:02.503Z] 2:37:02 AM [vite] (client) ✨ optimized dependencies changed. reloading
[2026-04-22T06:37:02.945Z] 2:37:02 AM [vite] (client) Pre-transform error: Failed to resolve import "@/pages/LocationShareView" from "client/src/App.tsx". Does the file exist?
[2026-04-22T06:37:02.946Z] Plugin: vite:import-analysis
[2026-04-22T06:37:02.946Z] File: /home/ubuntu/crisispath/client/src/App.tsx:21:30
[2026-04-22T06:37:02.946Z] 21 |  import EmailAuth from "@/pages/EmailAuth";
[2026-04-22T06:37:02.947Z] 22 |  import JoinFamily from "@/pages/JoinFamily";
[2026-04-22T06:37:02.947Z] 23 |  import LocationShareView from "@/pages/LocationShareView";
[2026-04-22T06:37:02.947Z] |                                 ^
[2026-04-22T06:37:02.948Z] 24 |  import { Route, Switch } from "wouter";
[2026-04-22T06:37:02.948Z] 25 |  import ErrorBoundary from "./components/ErrorBoundary";
[2026-04-22T06:37:03.849Z] 2:37:03 AM [vite] Internal server error: Failed to resolve import "@/pages/LocationShareView" from "client/src/App.tsx". Does the file exist?
[2026-04-22T06:37:03.850Z] Plugin: vite:import-analysis
[2026-04-22T06:37:03.850Z] File: /home/ubuntu/crisispath/client/src/App.tsx:21:30
[2026-04-22T06:37:03.851Z] 21 |  import EmailAuth from "@/pages/EmailAuth";
[2026-04-22T06:37:03.851Z] 22 |  import JoinFamily from "@/pages/JoinFamily";
[2026-04-22T06:37:03.851Z] 23 |  import LocationShareView from "@/pages/LocationShareView";
[2026-04-22T06:37:03.852Z] |                                 ^
[2026-04-22T06:37:03.852Z] 24 |  import { Route, Switch } from "wouter";
[2026-04-22T06:37:03.852Z] 25 |  import ErrorBoundary from "./components/ErrorBoundary";
[2026-04-22T06:37:03.853Z] at TransformPluginContext._formatLog (/home/ubuntu/crisispath/node_modules/.pnpm/vite@7.1.9_@types+node@24.7.0_jiti@2.6.1_lightningcss@1.30.1_tsx@4.20.6/node_modules/vite/dist/node/chunks/dep-Chhhsdoe.js:31219:43)
[2026-04-22T06:37:03.853Z] at TransformPluginContext.error (/home/ubuntu/crisispath/node_modules/.pnpm/vite@7.1.9_@types+node@24.7.0_jiti@2.6.1_lightningcss@1.30.1_tsx@4.20.6/node_modules/vite/dist/node/chunks/dep-Chhhsdoe.js:31216:14)
[2026-04-22T06:37:03.853Z] at normalizeUrl (/home/ubuntu/crisispath/node_modules/.pnpm/vite@7.1.9_@types+node@24.7.0_jiti@2.6.1_lightningcss@1.30.1_tsx@4.20.6/node_modules/vite/dist/node/chunks/dep-Chhhsdoe.js:29699:18)
[2026-04-22T06:37:03.854Z] at process.processTicksAndRejections (node:internal/process/task_queues:105:5)
[2026-04-22T06:37:03.854Z] at async <anonymous> (/home/ubuntu/crisispath/node_modules/.pnpm/vite@7.1.9_@types+node@24.7.0_jiti@2.6.1_lightningcss@1.30.1_tsx@4.20.6/node_modules/vite/dist/node/chunks/dep-Chhhsdoe.js:29757:32)
[2026-04-22T06:37:03.854Z] at async Promise.all (index 21)
[2026-04-22T06:37:03.854Z] at async TransformPluginContext.transform (/home/ubuntu/crisispath/node_modules/.pnpm/vite@7.1.9_@types+node@24.7.0_jiti@2.6.1_lightningcss@1.30.1_tsx@4.20.6/node_modules/vite/dist/node/chunks/dep-Chhhsdoe.js:29725:4)
[2026-04-22T06:37:03.855Z] at async EnvironmentPluginContainer.transform (/home/ubuntu/crisispath/node_modules/.pnpm/vite@7.1.9_@types+node@24.7.0_jiti@2.6.1_lightningcss@1.30.1_tsx@4.20.6/node_modules/vite/dist/node/chunks/dep-Chhhsdoe.js:31018:14)
[2026-04-22T06:37:03.855Z] at async loadAndTransform (/home/ubuntu/crisispath/node_modules/.pnpm/vite@7.1.9_@types+node@24.7.0_jiti@2.6.1_lightningcss@1.30.1_tsx@4.20.6/node_modules/vite/dist/node/chunks/dep-Chhhsdoe.js:26143:26)
[2026-04-22T06:37:03.855Z] at async viteTransformMiddleware (/home/ubuntu/crisispath/node_modules/.pnpm/vite@7.1.9_@types+node@24.7.0_jiti@2.6.1_lightningcss@1.30.1_tsx@4.20.6/node_modules/vite/dist/node/chunks/dep-Chhhsdoe.js:27221:20)
[2026-04-22T06:37:03.884Z] 2:37:03 AM [vite] (client) Pre-transform error: Failed to resolve import "@/pages/LocationShareView" from "client/src/App.tsx". Does the file exist?
[2026-04-22T06:37:03.885Z] Plugin: vite:import-analysis
[2026-04-22T06:37:03.886Z] File: /home/ubuntu/crisispath/client/src/App.tsx:21:30
[2026-04-22T06:37:03.886Z] 21 |  import EmailAuth from "@/pages/EmailAuth";
[2026-04-22T06:37:03.887Z] 22 |  import JoinFamily from "@/pages/JoinFamily";
[2026-04-22T06:37:03.887Z] 23 |  import LocationShareView from "@/pages/LocationShareView";
[2026-04-22T06:37:03.888Z] |                                 ^
[2026-04-22T06:37:03.888Z] 24 |  import { Route, Switch } from "wouter";
[2026-04-22T06:37:03.888Z] 25 |  import ErrorBoundary from "./components/ErrorBoundary";
[2026-04-22T06:37:04.356Z] 2:37:04 AM [vite] (client) Pre-transform error: Failed to resolve import "@/pages/LocationShareView" from "client/src/App.tsx". Does the file exist?
[2026-04-22T06:37:04.356Z] Plugin: vite:import-analysis
[2026-04-22T06:37:04.357Z] File: /home/ubuntu/crisispath/client/src/App.tsx:21:30
[2026-04-22T06:37:04.357Z] 21 |  import EmailAuth from "@/pages/EmailAuth";
[2026-04-22T06:37:04.357Z] 22 |  import JoinFamily from "@/pages/JoinFamily";
[2026-04-22T06:37:04.358Z] 23 |  import LocationShareView from "@/pages/LocationShareView";
[2026-04-22T06:37:04.358Z] |                                 ^
[2026-04-22T06:37:04.358Z] 24 |  import { Route, Switch } from "wouter";
[2026-04-22T06:37:04.359Z] 25 |  import ErrorBoundary from "./components/ErrorBoundary";
[2026-04-22T06:37:04.585Z] 2:37:04 AM [vite] Internal server error: Failed to resolve import "@/pages/LocationShareView" from "client/src/App.tsx". Does the file exist?
[2026-04-22T06:37:04.585Z] Plugin: vite:import-analysis
[2026-04-22T06:37:04.586Z] File: /home/ubuntu/crisispath/client/src/App.tsx:21:30
[2026-04-22T06:37:04.586Z] 21 |  import EmailAuth from "@/pages/EmailAuth";
[2026-04-22T06:37:04.586Z] 22 |  import JoinFamily from "@/pages/JoinFamily";
[2026-04-22T06:37:04.587Z] 23 |  import LocationShareView from "@/pages/LocationShareView";
[2026-04-22T06:37:04.587Z] |                                 ^
[2026-04-22T06:37:04.587Z] 24 |  import { Route, Switch } from "wouter";
[2026-04-22T06:37:04.588Z] 25 |  import ErrorBoundary from "./components/ErrorBoundary";
[2026-04-22T06:37:04.588Z] at TransformPluginContext._formatLog (/home/ubuntu/crisispath/node_modules/.pnpm/vite@7.1.9_@types+node@24.7.0_jiti@2.6.1_lightningcss@1.30.1_tsx@4.20.6/node_modules/vite/dist/node/chunks/dep-Chhhsdoe.js:31219:43)
[2026-04-22T06:37:04.588Z] at TransformPluginContext.error (/home/ubuntu/crisispath/node_modules/.pnpm/vite@7.1.9_@types+node@24.7.0_jiti@2.6.1_lightningcss@1.30.1_tsx@4.20.6/node_modules/vite/dist/node/chunks/dep-Chhhsdoe.js:31216:14)
[2026-04-22T06:37:04.588Z] at normalizeUrl (/home/ubuntu/crisispath/node_modules/.pnpm/vite@7.1.9_@types+node@24.7.0_jiti@2.6.1_lightningcss@1.30.1_tsx@4.20.6/node_modules/vite/dist/node/chunks/dep-Chhhsdoe.js:29699:18)
[2026-04-22T06:37:04.589Z] at process.processTicksAndRejections (node:internal/process/task_queues:105:5)
[2026-04-22T06:37:04.589Z] at async <anonymous> (/home/ubuntu/crisispath/node_modules/.pnpm/vite@7.1.9_@types+node@24.7.0_jiti@2.6.1_lightningcss@1.30.1_tsx@4.20.6/node_modules/vite/dist/node/chunks/dep-Chhhsdoe.js:29757:32)
[2026-04-22T06:37:04.589Z] at async Promise.all (index 21)
[2026-04-22T06:37:04.590Z] at async TransformPluginContext.transform (/home/ubuntu/crisispath/node_modules/.pnpm/vite@7.1.9_@types+node@24.7.0_jiti@2.6.1_lightningcss@1.30.1_tsx@4.20.6/node_modules/vite/dist/node/chunks/dep-Chhhsdoe.js:29725:4)
[2026-04-22T06:37:04.590Z] at async EnvironmentPluginContainer.transform (/home/ubuntu/crisispath/node_modules/.pnpm/vite@7.1.9_@types+node@24.7.0_jiti@2.6.1_lightningcss@1.30.1_tsx@4.20.6/node_modules/vite/dist/node/chunks/dep-Chhhsdoe.js:31018:14)
[2026-04-22T06:37:04.591Z] at async loadAndTransform (/home/ubuntu/crisispath/node_modules/.pnpm/vite@7.1.9_@types+node@24.7.0_jiti@2.6.1_lightningcss@1.30.1_tsx@4.20.6/node_modules/vite/dist/node/chunks/dep-Chhhsdoe.js:26143:26)
[2026-04-22T06:37:04.591Z] at async viteTransformMiddleware (/home/ubuntu/crisispath/node_modules/.pnpm/vite@7.1.9_@types+node@24.7.0_jiti@2.6.1_lightningcss@1.30.1_tsx@4.20.6/node_modules/vite/dist/node/chunks/dep-Chhhsdoe.js:27221:20)
[2026-04-22T06:37:04.615Z] 2:37:04 AM [vite] (client) Pre-transform error: Failed to resolve import "@/pages/LocationShareView" from "client/src/App.tsx". Does the file exist?
[2026-04-22T06:37:04.615Z] Plugin: vite:import-analysis
[2026-04-22T06:37:04.616Z] File: /home/ubuntu/crisispath/client/src/App.tsx:21:30
[2026-04-22T06:37:04.616Z] 21 |  import EmailAuth from "@/pages/EmailAuth";
[2026-04-22T06:37:04.617Z] 22 |  import JoinFamily from "@/pages/JoinFamily";
[2026-04-22T06:37:04.617Z] 23 |  import LocationShareView from "@/pages/LocationShareView";
[2026-04-22T06:37:04.618Z] |                                 ^
[2026-04-22T06:37:04.618Z] 24 |  import { Route, Switch } from "wouter";
[2026-04-22T06:37:04.618Z] 25 |  import ErrorBoundary from "./components/ErrorBoundary";
[2026-04-22T06:37:05.715Z] 2:37:05 AM [vite] (client) Pre-transform error: Failed to resolve import "@/pages/LocationShareView" from "client/src/App.tsx". Does the file exist?
[2026-04-22T06:37:05.715Z] Plugin: vite:import-analysis
[2026-04-22T06:37:05.716Z] File: /home/ubuntu/crisispath/client/src/App.tsx:21:30
[2026-04-22T06:37:05.716Z] 21 |  import EmailAuth from "@/pages/EmailAuth";
[2026-04-22T06:37:05.716Z] 22 |  import JoinFamily from "@/pages/JoinFamily";
[2026-04-22T06:37:05.717Z] 23 |  import LocationShareView from "@/pages/LocationShareView";
[2026-04-22T06:37:05.717Z] |                                 ^
[2026-04-22T06:37:05.717Z] 24 |  import { Route, Switch } from "wouter";
[2026-04-22T06:37:05.718Z] 25 |  import ErrorBoundary from "./components/ErrorBoundary";
[2026-04-22T06:37:06.451Z] 2:37:06 AM [vite] (client) Pre-transform error: Failed to resolve import "@/pages/LocationShareView" from "client/src/App.tsx". Does the file exist?
[2026-04-22T06:37:06.452Z] Plugin: vite:import-analysis
[2026-04-22T06:37:06.452Z] File: /home/ubuntu/crisispath/client/src/App.tsx:21:30
[2026-04-22T06:37:06.453Z] 21 |  import EmailAuth from "@/pages/EmailAuth";
[2026-04-22T06:37:06.453Z] 22 |  import JoinFamily from "@/pages/JoinFamily";
[2026-04-22T06:37:06.454Z] 23 |  import LocationShareView from "@/pages/LocationShareView";
[2026-04-22T06:37:06.454Z] |                                 ^
[2026-04-22T06:37:06.454Z] 24 |  import { Route, Switch } from "wouter";
[2026-04-22T06:37:06.455Z] 25 |  import ErrorBoundary from "./components/ErrorBoundary";
[2026-04-22T06:37:06.672Z] 2:37:06 AM [vite] Internal server error: Failed to resolve import "@/pages/LocationShareView" from "client/src/App.tsx". Does the file exist?
[2026-04-22T06:37:06.672Z] Plugin: vite:import-analysis
[2026-04-22T06:37:06.673Z] File: /home/ubuntu/crisispath/client/src/App.tsx:21:30
[2026-04-22T06:37:06.673Z] 21 |  import EmailAuth from "@/pages/EmailAuth";
[2026-04-22T06:37:06.674Z] 22 |  import JoinFamily from "@/pages/JoinFamily";
[2026-04-22T06:37:06.674Z] 23 |  import LocationShareView from "@/pages/LocationShareView";
[2026-04-22T06:37:06.674Z] |                                 ^
[2026-04-22T06:37:06.674Z] 24 |  import { Route, Switch } from "wouter";
[2026-04-22T06:37:06.675Z] 25 |  import ErrorBoundary from "./components/ErrorBoundary";
[2026-04-22T06:37:06.675Z] at TransformPluginContext._formatLog (/home/ubuntu/crisispath/node_modules/.pnpm/vite@7.1.9_@types+node@24.7.0_jiti@2.6.1_lightningcss@1.30.1_tsx@4.20.6/node_modules/vite/dist/node/chunks/dep-Chhhsdoe.js:31219:43)
[2026-04-22T06:37:06.675Z] at TransformPluginContext.error (/home/ubuntu/crisispath/node_modules/.pnpm/vite@7.1.9_@types+node@24.7.0_jiti@2.6.1_lightningcss@1.30.1_tsx@4.20.6/node_modules/vite/dist/node/chunks/dep-Chhhsdoe.js:31216:14)
[2026-04-22T06:37:06.676Z] at normalizeUrl (/home/ubuntu/crisispath/node_modules/.pnpm/vite@7.1.9_@types+node@24.7.0_jiti@2.6.1_lightningcss@1.30.1_tsx@4.20.6/node_modules/vite/dist/node/chunks/dep-Chhhsdoe.js:29699:18)
[2026-04-22T06:37:06.676Z] at process.processTicksAndRejections (node:internal/process/task_queues:105:5)
[2026-04-22T06:37:06.676Z] at async <anonymous> (/home/ubuntu/crisispath/node_modules/.pnpm/vite@7.1.9_@types+node@24.7.0_jiti@2.6.1_lightningcss@1.30.1_tsx@4.20.6/node_modules/vite/dist/node/chunks/dep-Chhhsdoe.js:29757:32)
[2026-04-22T06:37:06.677Z] at async Promise.all (index 21)
[2026-04-22T06:37:06.677Z] at async TransformPluginContext.transform (/home/ubuntu/crisispath/node_modules/.pnpm/vite@7.1.9_@types+node@24.7.0_jiti@2.6.1_lightningcss@1.30.1_tsx@4.20.6/node_modules/vite/dist/node/chunks/dep-Chhhsdoe.js:29725:4)
[2026-04-22T06:37:06.677Z] at async EnvironmentPluginContainer.transform (/home/ubuntu/crisispath/node_modules/.pnpm/vite@7.1.9_@types+node@24.7.0_jiti@2.6.1_lightningcss@1.30.1_tsx@4.20.6/node_modules/vite/dist/node/chunks/dep-Chhhsdoe.js:31018:14)
[2026-04-22T06:37:06.677Z] at async loadAndTransform (/home/ubuntu/crisispath/node_modules/.pnpm/vite@7.1.9_@types+node@24.7.0_jiti@2.6.1_lightningcss@1.30.1_tsx@4.20.6/node_modules/vite/dist/node/chunks/dep-Chhhsdoe.js:26143:26)
[2026-04-22T06:37:06.678Z] at async viteTransformMiddleware (/home/ubuntu/crisispath/node_modules/.pnpm/vite@7.1.9_@types+node@24.7.0_jiti@2.6.1_lightningcss@1.30.1_tsx@4.20.6/node_modules/vite/dist/node/chunks/dep-Chhhsdoe.js:27221:20)
[2026-04-22T06:37:06.707Z] 2:37:06 AM [vite] (client) Pre-transform error: Failed to resolve import "@/pages/LocationShareView" from "client/src/App.tsx". Does the file exist?
[2026-04-22T06:37:06.708Z] Plugin: vite:import-analysis
[2026-04-22T06:37:06.708Z] File: /home/ubuntu/crisispath/client/src/App.tsx:21:30
[2026-04-22T06:37:06.709Z] 21 |  import EmailAuth from "@/pages/EmailAuth";
[2026-04-22T06:37:06.709Z] 22 |  import JoinFamily from "@/pages/JoinFamily";
[2026-04-22T06:37:06.709Z] 23 |  import LocationShareView from "@/pages/LocationShareView";
[2026-04-22T06:37:06.709Z] |                                 ^
[2026-04-22T06:37:06.710Z] 24 |  import { Route, Switch } from "wouter";
[2026-04-22T06:37:06.710Z] 25 |  import ErrorBoundary from "./components/ErrorBoundary";
[2026-04-22T06:37:28.287Z] 2:37:28 AM [vite] (client) page reload src/pages/LocationShareView.tsx
[2026-04-22T06:37:53.216Z] 2:37:53 AM [vite] (client) hmr update /src/pages/LocationShareView.tsx
[2026-04-22T06:38:04.015Z] 2:38:04 AM [vite] (client) hmr update /src/App.tsx, /src/index.css
[2026-04-22T06:38:13.947Z] Dev server process group stopped
[2026-04-22T06:38:14.002Z] Dev server exited with code -15
[2026-04-22T06:38:16.998Z] Starting dev server with command: NODE_ENV=development tsx watch server/_core/index.ts
[2026-04-22T06:38:19.003Z] [OAuth] Initialized with baseURL: https://api.manus.im
[2026-04-22T06:38:19.265Z] Server running on http://localhost:3000/
[2026-04-22T06:38:19.837Z] [baseline-browser-mapping] The data in this module is over two months old.  To ensure accurate Baseline data, please update: `npm i baseline-browser-mapping@latest -D`
[2026-04-22T06:40:16.635Z] 2:40:16 AM [vite] (client) hmr update /src/pages/FamilyTracker.tsx, /src/index.css
[2026-04-22T06:40:44.595Z] 2:40:44 AM [vite] (client) hmr update /src/pages/FamilyTracker.tsx, /src/index.css
[2026-04-22T06:40:56.116Z] 2:40:56 AM [vite] (client) hmr update /src/pages/FamilyTracker.tsx, /src/index.css
[2026-04-22T06:41:03.646Z] Dev server process group stopped
[2026-04-22T06:41:03.673Z] Dev server exited with code -15
[2026-04-22T06:41:06.681Z] Starting dev server with command: NODE_ENV=development tsx watch server/_core/index.ts
[2026-04-22T06:41:08.653Z] [OAuth] Initialized with baseURL: https://api.manus.im
[2026-04-22T06:41:08.900Z] Server running on http://localhost:3000/
[2026-04-22T06:41:09.520Z] [baseline-browser-mapping] The data in this module is over two months old.  To ensure accurate Baseline data, please update: `npm i baseline-browser-mapping@latest -D`
[2026-04-22T06:41:32.390Z] 2:41:32 AM [vite] (client) hmr update /src/pages/FamilyTracker.tsx, /src/index.css
[2026-04-22T06:41:46.851Z] 2:41:46 AM [vite] (client) hmr update /src/pages/FamilyTracker.tsx, /src/index.css
[2026-04-22T06:42:04.322Z] 2:42:04 AM [vite] (client) hmr update /src/pages/FamilyTracker.tsx, /src/index.css
[2026-04-22T06:42:24.332Z] Dev server process group stopped
[2026-04-22T06:42:24.377Z] Dev server exited with code -15
[2026-04-22T06:42:27.370Z] Starting dev server with command: NODE_ENV=development tsx watch server/_core/index.ts
[2026-04-22T06:42:29.125Z] [OAuth] Initialized with baseURL: https://api.manus.im
[2026-04-22T06:42:29.380Z] Server running on http://localhost:3000/
[2026-04-22T06:42:29.923Z] [baseline-browser-mapping] The data in this module is over two months old.  To ensure accurate Baseline data, please update: `npm i baseline-browser-mapping@latest -D`
[2026-04-22T06:43:40.865Z] 2:43:40 AM [tsx] change in ./server/routers.ts Restarting...
[2026-04-22T06:43:42.684Z] c[OAuth] Initialized with baseURL: https://api.manus.im
[2026-04-22T06:43:42.953Z] Server running on http://localhost:3000/
[2026-04-22T06:43:44.187Z] [baseline-browser-mapping] The data in this module is over two months old.  To ensure accurate Baseline data, please update: `npm i baseline-browser-mapping@latest -D`
[2026-04-22T06:44:32.084Z] 2:44:32 AM [vite] (client) hmr update /src/pages/Map.tsx, /src/index.css
[2026-04-22T06:44:58.465Z] Dev server process group stopped
[2026-04-22T06:44:58.511Z] Dev server exited with code -15
[2026-04-22T06:45:01.505Z] Starting dev server with command: NODE_ENV=development tsx watch server/_core/index.ts
[2026-04-22T06:45:03.364Z] [OAuth] Initialized with baseURL: https://api.manus.im
[2026-04-22T06:45:03.607Z] Server running on http://localhost:3000/
[2026-04-22T06:45:04.225Z] [baseline-browser-mapping] The data in this module is over two months old.  To ensure accurate Baseline data, please update: `npm i baseline-browser-mapping@latest -D`
[2026-04-22T06:47:43.478Z] Dev server process group stopped
[2026-04-22T06:47:43.525Z] Dev server exited with code -15
[2026-04-22T06:47:46.526Z] Starting dev server with command: NODE_ENV=development tsx watch server/_core/index.ts
[2026-04-22T06:47:48.306Z] [OAuth] Initialized with baseURL: https://api.manus.im
[2026-04-22T06:47:48.565Z] Server running on http://localhost:3000/
[2026-04-22T06:47:49.526Z] [baseline-browser-mapping] The data in this module is over two months old.  To ensure accurate Baseline data, please update: `npm i baseline-browser-mapping@latest -D`
[2026-04-22T06:48:25.264Z] 2:48:25 AM [vite] (client) hmr update /src/index.css
[2026-04-22T06:54:56.068Z] 2:54:56 AM [vite] (client) hmr update /src/index.css
[2026-04-23T02:32:37.782Z] Dev server process group stopped
[2026-04-23T02:32:40.827Z] Starting dev server with command: NODE_ENV=development tsx watch server/_core/index.ts
[2026-04-23T02:32:45.295Z] [OAuth] Initialized with baseURL: https://api.manus.im
[2026-04-23T02:32:45.758Z] Server running on http://localhost:3000/
[2026-04-23T02:32:46.781Z] [baseline-browser-mapping] The data in this module is over two months old.  To ensure accurate Baseline data, please update: `npm i baseline-browser-mapping@latest -D`
[2026-04-26T04:30:48.481Z] 12:30:48 AM [vite] (client) hmr update /src/pages/EmailAuth.tsx, /src/index.css
[2026-04-26T04:30:48.670Z] 12:30:48 AM [vite] Internal server error: /home/ubuntu/crisispath/client/src/pages/EmailAuth.tsx: Identifier 'useState' has already been declared. (13:9)
[2026-04-26T04:30:48.671Z] 
[2026-04-26T04:30:48.671Z] 11 | import { ArrowLeft, Shield, Eye, EyeOff, Loader2 } from "lucide-react";
[2026-04-26T04:30:48.672Z] 12 | import { useEmailAuth } from "@/hooks/useEmailAuth";
[2026-04-26T04:30:48.672Z] > 13 | import { useState } from "react";
[2026-04-26T04:30:48.673Z] |          ^
[2026-04-26T04:30:48.673Z] 14 | import { getLoginUrl } from "@/const";
[2026-04-26T04:30:48.673Z] 15 |
[2026-04-26T04:30:48.674Z] 16 | export default function EmailAuth() {
[2026-04-26T04:30:48.674Z] Plugin: vite:react-babel
[2026-04-26T04:30:48.675Z] File: /home/ubuntu/crisispath/client/src/pages/EmailAuth.tsx:13:9
[2026-04-26T04:30:48.675Z] 11 |  import { ArrowLeft, Shield, Eye, EyeOff, Loader2 } from "lucide-react";
[2026-04-26T04:30:48.675Z] 12 |  import { useEmailAuth } from "@/hooks/useEmailAuth";
[2026-04-26T04:30:48.676Z] 13 |  import { useState } from "react";
[2026-04-26T04:30:48.676Z] |           ^
[2026-04-26T04:30:48.677Z] 14 |  import { getLoginUrl } from "@/const";
[2026-04-26T04:30:48.677Z] 15 |
[2026-04-26T04:30:48.677Z] at toParseError (/home/ubuntu/crisispath/node_modules/.pnpm/@babel+parser@7.28.4/node_modules/@babel/parser/src/parse-error.ts:95:45)
[2026-04-26T04:30:48.678Z] at raise (/home/ubuntu/crisispath/node_modules/.pnpm/@babel+parser@7.28.4/node_modules/@babel/parser/src/tokenizer/index.ts:1503:19)
[2026-04-26T04:30:48.678Z] at declareName (/home/ubuntu/crisispath/node_modules/.pnpm/@babel+parser@7.28.4/node_modules/@babel/parser/src/plugins/typescript/scope.ts:72:21)
[2026-04-26T04:30:48.678Z] at declareNameFromIdentifier (/home/ubuntu/crisispath/node_modules/.pnpm/@babel+parser@7.28.4/node_modules/@babel/parser/src/parser/lval.ts:818:16)
[2026-04-26T04:30:48.679Z] at checkIdentifier (/home/ubuntu/crisispath/node_modules/.pnpm/@babel+parser@7.28.4/node_modules/@babel/parser/src/parser/lval.ts:813:12)
[2026-04-26T04:30:48.680Z] at checkLVal (/home/ubuntu/crisispath/node_modules/.pnpm/@babel+parser@7.28.4/node_modules/@babel/parser/src/parser/lval.ts:713:12)
[2026-04-26T04:30:48.680Z] at finishImportSpecifier (/home/ubuntu/crisispath/node_modules/.pnpm/@babel+parser@7.28.4/node_modules/@babel/parser/src/parser/statement.ts:3223:10)
[2026-04-26T04:30:48.681Z] at parseImportSpecifier (/home/ubuntu/crisispath/node_modules/.pnpm/@babel+parser@7.28.4/node_modules/@babel/parser/src/parser/statement.ts:3480:17)
[2026-04-26T04:30:48.682Z] at parseImportSpecifier (/home/ubuntu/crisispath/node_modules/.pnpm/@babel+parser@7.28.4/node_modules/@babel/parser/src/plugins/typescript/index.ts:4359:20)
[2026-04-26T04:30:48.683Z] at parseNamedImportSpecifiers (/home/ubuntu/crisispath/node_modules/.pnpm/@babel+parser@7.28.4/node_modules/@babel/parser/src/parser/statement.ts:3441:36)
[2026-04-26T04:30:48.684Z] at parseImportSpecifiersAndAfter (/home/ubuntu/crisispath/node_modules/.pnpm/@babel+parser@7.28.4/node_modules/@babel/parser/src/parser/statement.ts:3173:37)
[2026-04-26T04:30:48.685Z] at parseImport (/home/ubuntu/crisispath/node_modules/.pnpm/@babel+parser@7.28.4/node_modules/@babel/parser/src/parser/statement.ts:3142:17)
[2026-04-26T04:30:48.685Z] at parseImport (/home/ubuntu/crisispath/node_modules/.pnpm/@babel+parser@7.28.4/node_modules/@babel/parser/src/plugins/typescript/index.ts:3011:28)
[2026-04-26T04:30:48.685Z] at parseStatementContent (/home/ubuntu/crisispath/node_modules/.pnpm/@babel+parser@7.28.4/node_modules/@babel/parser/src/parser/statement.ts:642:25)
[2026-04-26T04:30:48.686Z] at parseStatementContent (/home/ubuntu/crisispath/node_modules/.pnpm/@babel+parser@7.28.4/node_modules/@babel/parser/src/plugins/typescript/index.ts:3185:20)
[2026-04-26T04:30:48.686Z] at parseStatementLike (/home/ubuntu/crisispath/node_modules/.pnpm/@babel+parser@7.28.4/node_modules/@babel/parser/src/parser/statement.ts:477:17)
[2026-04-26T04:30:48.687Z] at parseModuleItem (/home/ubuntu/crisispath/node_modules/.pnpm/@babel+parser@7.28.4/node_modules/@babel/parser/src/parser/statement.ts:414:17)
[2026-04-26T04:30:48.687Z] at parseBlockOrModuleBlockBody (/home/ubuntu/crisispath/node_modules/.pnpm/@babel+parser@7.28.4/node_modules/@babel/parser/src/parser/statement.ts:1438:16)
[2026-04-26T04:30:48.688Z] at parseBlockBody (/home/ubuntu/crisispath/node_modules/.pnpm/@babel+parser@7.28.4/node_modules/@babel/parser/src/parser/statement.ts:1412:10)
[2026-04-26T04:30:48.688Z] at parseProgram (/home/ubuntu/crisispath/node_modules/.pnpm/@babel+parser@7.28.4/node_modules/@babel/parser/src/parser/statement.ts:229:10)
[2026-04-26T04:30:48.689Z] at parseTopLevel (/home/ubuntu/crisispath/node_modules/.pnpm/@babel+parser@7.28.4/node_modules/@babel/parser/src/parser/statement.ts:203:25)
[2026-04-26T04:30:48.689Z] at parse (/home/ubuntu/crisispath/node_modules/.pnpm/@babel+parser@7.28.4/node_modules/@babel/parser/src/parser/index.ts:93:10)
[2026-04-26T04:30:48.689Z] at parse (/home/ubuntu/crisispath/node_modules/.pnpm/@babel+parser@7.28.4/node_modules/@babel/parser/src/plugins/typescript/index.ts:4309:20)
[2026-04-26T04:30:48.690Z] at parse (/home/ubuntu/crisispath/node_modules/.pnpm/@babel+parser@7.28.4/node_modules/@babel/parser/src/index.ts:92:38)
[2026-04-26T04:30:48.690Z] at parser (/home/ubuntu/crisispath/node_modules/.pnpm/@babel+core@7.28.4/node_modules/@babel/core/src/parser/index.ts:28:19)
[2026-04-26T04:30:48.690Z] at parser.next (<anonymous>)
[2026-04-26T04:30:48.691Z] at normalizeFile (/home/ubuntu/crisispath/node_modules/.pnpm/@babel+core@7.28.4/node_modules/@babel/core/src/transformation/normalize-file.ts:49:24)
[2026-04-26T04:30:48.691Z] at normalizeFile.next (<anonymous>)
[2026-04-26T04:30:48.692Z] at run (/home/ubuntu/crisispath/node_modules/.pnpm/@babel+core@7.28.4/node_modules/@babel/core/src/transformation/index.ts:40:36)
[2026-04-26T04:30:48.692Z] at run.next (<anonymous>)
[2026-04-26T04:30:48.692Z] at transform (/home/ubuntu/crisispath/node_modules/.pnpm/@babel+core@7.28.4/node_modules/@babel/core/src/transform.ts:29:20)
[2026-04-26T04:30:48.693Z] at transform.next (<anonymous>)
[2026-04-26T04:30:48.693Z] at step (/home/ubuntu/crisispath/node_modules/.pnpm/gensync@1.0.0-beta.2/node_modules/gensync/index.js:261:32)
[2026-04-26T04:30:48.693Z] at /home/ubuntu/crisispath/node_modules/.pnpm/gensync@1.0.0-beta.2/node_modules/gensync/index.js:273:13
[2026-04-26T04:30:48.694Z] at async.call.result.err.err (/home/ubuntu/crisispath/node_modules/.pnpm/gensync@1.0.0-beta.2/node_modules/gensync/index.js:223:11)
[2026-04-26T04:30:48.694Z] at /home/ubuntu/crisispath/node_modules/.pnpm/gensync@1.0.0-beta.2/node_modules/gensync/index.js:189:28
[2026-04-26T04:30:48.695Z] at <anonymous> (/home/ubuntu/crisispath/node_modules/.pnpm/@babel+core@7.28.4/node_modules/@babel/core/src/gensync-utils/async.ts:90:7)
[2026-04-26T04:30:48.695Z] at /home/ubuntu/crisispath/node_modules/.pnpm/gensync@1.0.0-beta.2/node_modules/gensync/index.js:113:33
[2026-04-26T04:30:48.696Z] at step (/home/ubuntu/crisispath/node_modules/.pnpm/gensync@1.0.0-beta.2/node_modules/gensync/index.js:287:14)
[2026-04-26T04:30:48.696Z] at /home/ubuntu/crisispath/node_modules/.pnpm/gensync@1.0.0-beta.2/node_modules/gensync/index.js:273:13
[2026-04-26T04:30:48.697Z] at async.call.result.err.err (/home/ubuntu/crisispath/node_modules/.pnpm/gensync@1.0.0-beta.2/node_modules/gensync/index.js:223:11)
[2026-04-26T04:30:48.768Z] 12:30:48 AM [vite] (client) Pre-transform error: /home/ubuntu/crisispath/client/src/pages/EmailAuth.tsx: Identifier 'useState' has already been declared. (13:9)
[2026-04-26T04:30:48.769Z] 
[2026-04-26T04:30:48.770Z] 11 | import { ArrowLeft, Shield, Eye, EyeOff, Loader2 } from "lucide-react";
[2026-04-26T04:30:48.770Z] 12 | import { useEmailAuth } from "@/hooks/useEmailAuth";
[2026-04-26T04:30:48.770Z] > 13 | import { useState } from "react";
[2026-04-26T04:30:48.771Z] |          ^
[2026-04-26T04:30:48.771Z] 14 | import { getLoginUrl } from "@/const";
[2026-04-26T04:30:48.772Z] 15 |
[2026-04-26T04:30:48.772Z] 16 | export default function EmailAuth() {
[2026-04-26T04:30:48.773Z] Plugin: vite:react-babel
[2026-04-26T04:30:48.773Z] File: /home/ubuntu/crisispath/client/src/pages/EmailAuth.tsx:13:9
[2026-04-26T04:30:48.774Z] 11 |  import { ArrowLeft, Shield, Eye, EyeOff, Loader2 } from "lucide-react";
[2026-04-26T04:30:48.774Z] 12 |  import { useEmailAuth } from "@/hooks/useEmailAuth";
[2026-04-26T04:30:48.775Z] 13 |  import { useState } from "react";
[2026-04-26T04:30:48.775Z] |           ^
[2026-04-26T04:30:48.776Z] 14 |  import { getLoginUrl } from "@/const";
[2026-04-26T04:30:48.777Z] 15 |
[2026-04-26T04:30:52.786Z] 12:30:52 AM [vite] Internal server error: /home/ubuntu/crisispath/client/src/pages/EmailAuth.tsx: Identifier 'useState' has already been declared. (13:9)
[2026-04-26T04:30:52.787Z] 
[2026-04-26T04:30:52.787Z] 11 | import { ArrowLeft, Shield, Eye, EyeOff, Loader2 } from "lucide-react";
[2026-04-26T04:30:52.788Z] 12 | import { useEmailAuth } from "@/hooks/useEmailAuth";
[2026-04-26T04:30:52.788Z] > 13 | import { useState } from "react";
[2026-04-26T04:30:52.789Z] |          ^
[2026-04-26T04:30:52.789Z] 14 | import { getLoginUrl } from "@/const";
[2026-04-26T04:30:52.790Z] 15 |
[2026-04-26T04:30:52.790Z] 16 | export default function EmailAuth() {
[2026-04-26T04:30:52.790Z] Plugin: vite:react-babel
[2026-04-26T04:30:52.791Z] File: /home/ubuntu/crisispath/client/src/pages/EmailAuth.tsx:13:9
[2026-04-26T04:30:52.791Z] 11 |  import { ArrowLeft, Shield, Eye, EyeOff, Loader2 } from "lucide-react";
[2026-04-26T04:30:52.791Z] 12 |  import { useEmailAuth } from "@/hooks/useEmailAuth";
[2026-04-26T04:30:52.792Z] 13 |  import { useState } from "react";
[2026-04-26T04:30:52.792Z] |           ^
[2026-04-26T04:30:52.792Z] 14 |  import { getLoginUrl } from "@/const";
[2026-04-26T04:30:52.793Z] 15 |
[2026-04-26T04:30:52.793Z] at toParseError (/home/ubuntu/crisispath/node_modules/.pnpm/@babel+parser@7.28.4/node_modules/@babel/parser/src/parse-error.ts:95:45)
[2026-04-26T04:30:52.794Z] at raise (/home/ubuntu/crisispath/node_modules/.pnpm/@babel+parser@7.28.4/node_modules/@babel/parser/src/tokenizer/index.ts:1503:19)
[2026-04-26T04:30:52.794Z] at declareName (/home/ubuntu/crisispath/node_modules/.pnpm/@babel+parser@7.28.4/node_modules/@babel/parser/src/plugins/typescript/scope.ts:72:21)
[2026-04-26T04:30:52.794Z] at declareNameFromIdentifier (/home/ubuntu/crisispath/node_modules/.pnpm/@babel+parser@7.28.4/node_modules/@babel/parser/src/parser/lval.ts:818:16)
[2026-04-26T04:30:52.795Z] at checkIdentifier (/home/ubuntu/crisispath/node_modules/.pnpm/@babel+parser@7.28.4/node_modules/@babel/parser/src/parser/lval.ts:813:12)
[2026-04-26T04:30:52.795Z] at checkLVal (/home/ubuntu/crisispath/node_modules/.pnpm/@babel+parser@7.28.4/node_modules/@babel/parser/src/parser/lval.ts:713:12)
[2026-04-26T04:30:52.796Z] at finishImportSpecifier (/home/ubuntu/crisispath/node_modules/.pnpm/@babel+parser@7.28.4/node_modules/@babel/parser/src/parser/statement.ts:3223:10)
[2026-04-26T04:30:52.796Z] at parseImportSpecifier (/home/ubuntu/crisispath/node_modules/.pnpm/@babel+parser@7.28.4/node_modules/@babel/parser/src/parser/statement.ts:3480:17)
[2026-04-26T04:30:52.797Z] at parseImportSpecifier (/home/ubuntu/crisispath/node_modules/.pnpm/@babel+parser@7.28.4/node_modules/@babel/parser/src/plugins/typescript/index.ts:4359:20)
[2026-04-26T04:30:52.797Z] at parseNamedImportSpecifiers (/home/ubuntu/crisispath/node_modules/.pnpm/@babel+parser@7.28.4/node_modules/@babel/parser/src/parser/statement.ts:3441:36)
[2026-04-26T04:30:52.797Z] at parseImportSpecifiersAndAfter (/home/ubuntu/crisispath/node_modules/.pnpm/@babel+parser@7.28.4/node_modules/@babel/parser/src/parser/statement.ts:3173:37)
[2026-04-26T04:30:52.798Z] at parseImport (/home/ubuntu/crisispath/node_modules/.pnpm/@babel+parser@7.28.4/node_modules/@babel/parser/src/parser/statement.ts:3142:17)
[2026-04-26T04:30:52.798Z] at parseImport (/home/ubuntu/crisispath/node_modules/.pnpm/@babel+parser@7.28.4/node_modules/@babel/parser/src/plugins/typescript/index.ts:3011:28)
[2026-04-26T04:30:52.799Z] at parseStatementContent (/home/ubuntu/crisispath/node_modules/.pnpm/@babel+parser@7.28.4/node_modules/@babel/parser/src/parser/statement.ts:642:25)
[2026-04-26T04:30:52.799Z] at parseStatementContent (/home/ubuntu/crisispath/node_modules/.pnpm/@babel+parser@7.28.4/node_modules/@babel/parser/src/plugins/typescript/index.ts:3185:20)
[2026-04-26T04:30:52.799Z] at parseStatementLike (/home/ubuntu/crisispath/node_modules/.pnpm/@babel+parser@7.28.4/node_modules/@babel/parser/src/parser/statement.ts:477:17)
[2026-04-26T04:30:52.800Z] at parseModuleItem (/home/ubuntu/crisispath/node_modules/.pnpm/@babel+parser@7.28.4/node_modules/@babel/parser/src/parser/statement.ts:414:17)
[2026-04-26T04:30:52.800Z] at parseBlockOrModuleBlockBody (/home/ubuntu/crisispath/node_modules/.pnpm/@babel+parser@7.28.4/node_modules/@babel/parser/src/parser/statement.ts:1438:16)
[2026-04-26T04:30:52.801Z] at parseBlockBody (/home/ubuntu/crisispath/node_modules/.pnpm/@babel+parser@7.28.4/node_modules/@babel/parser/src/parser/statement.ts:1412:10)
[2026-04-26T04:30:52.801Z] at parseProgram (/home/ubuntu/crisispath/node_modules/.pnpm/@babel+parser@7.28.4/node_modules/@babel/parser/src/parser/statement.ts:229:10)
[2026-04-26T04:30:52.802Z] at parseTopLevel (/home/ubuntu/crisispath/node_modules/.pnpm/@babel+parser@7.28.4/node_modules/@babel/parser/src/parser/statement.ts:203:25)
[2026-04-26T04:30:52.802Z] at parse (/home/ubuntu/crisispath/node_modules/.pnpm/@babel+parser@7.28.4/node_modules/@babel/parser/src/parser/index.ts:93:10)
[2026-04-26T04:30:52.802Z] at parse (/home/ubuntu/crisispath/node_modules/.pnpm/@babel+parser@7.28.4/node_modules/@babel/parser/src/plugins/typescript/index.ts:4309:20)
[2026-04-26T04:30:52.803Z] at parse (/home/ubuntu/crisispath/node_modules/.pnpm/@babel+parser@7.28.4/node_modules/@babel/parser/src/index.ts:92:38)
[2026-04-26T04:30:52.803Z] at parser (/home/ubuntu/crisispath/node_modules/.pnpm/@babel+core@7.28.4/node_modules/@babel/core/src/parser/index.ts:28:19)
[2026-04-26T04:30:52.803Z] at parser.next (<anonymous>)
[2026-04-26T04:30:52.804Z] at normalizeFile (/home/ubuntu/crisispath/node_modules/.pnpm/@babel+core@7.28.4/node_modules/@babel/core/src/transformation/normalize-file.ts:49:24)
[2026-04-26T04:30:52.804Z] at normalizeFile.next (<anonymous>)
[2026-04-26T04:30:52.804Z] at run (/home/ubuntu/crisispath/node_modules/.pnpm/@babel+core@7.28.4/node_modules/@babel/core/src/transformation/index.ts:40:36)
[2026-04-26T04:30:52.805Z] at run.next (<anonymous>)
[2026-04-26T04:30:52.805Z] at transform (/home/ubuntu/crisispath/node_modules/.pnpm/@babel+core@7.28.4/node_modules/@babel/core/src/transform.ts:29:20)
[2026-04-26T04:30:52.806Z] at transform.next (<anonymous>)
[2026-04-26T04:30:52.806Z] at step (/home/ubuntu/crisispath/node_modules/.pnpm/gensync@1.0.0-beta.2/node_modules/gensync/index.js:261:32)
[2026-04-26T04:30:52.806Z] at /home/ubuntu/crisispath/node_modules/.pnpm/gensync@1.0.0-beta.2/node_modules/gensync/index.js:273:13
[2026-04-26T04:30:52.807Z] at async.call.result.err.err (/home/ubuntu/crisispath/node_modules/.pnpm/gensync@1.0.0-beta.2/node_modules/gensync/index.js:223:11)
[2026-04-26T04:30:52.807Z] at /home/ubuntu/crisispath/node_modules/.pnpm/gensync@1.0.0-beta.2/node_modules/gensync/index.js:189:28
[2026-04-26T04:30:52.808Z] at <anonymous> (/home/ubuntu/crisispath/node_modules/.pnpm/@babel+core@7.28.4/node_modules/@babel/core/src/gensync-utils/async.ts:90:7)
[2026-04-26T04:30:52.808Z] at /home/ubuntu/crisispath/node_modules/.pnpm/gensync@1.0.0-beta.2/node_modules/gensync/index.js:113:33
[2026-04-26T04:30:52.808Z] at step (/home/ubuntu/crisispath/node_modules/.pnpm/gensync@1.0.0-beta.2/node_modules/gensync/index.js:287:14)
[2026-04-26T04:30:52.809Z] at /home/ubuntu/crisispath/node_modules/.pnpm/gensync@1.0.0-beta.2/node_modules/gensync/index.js:273:13
[2026-04-26T04:30:52.809Z] at async.call.result.err.err (/home/ubuntu/crisispath/node_modules/.pnpm/gensync@1.0.0-beta.2/node_modules/gensync/index.js:223:11)
[2026-04-26T04:30:55.022Z] 12:30:55 AM [vite] Internal server error: /home/ubuntu/crisispath/client/src/pages/EmailAuth.tsx: Identifier 'useState' has already been declared. (13:9)
[2026-04-26T04:30:55.023Z] 
[2026-04-26T04:30:55.023Z] 11 | import { ArrowLeft, Shield, Eye, EyeOff, Loader2 } from "lucide-react";
[2026-04-26T04:30:55.024Z] 12 | import { useEmailAuth } from "@/hooks/useEmailAuth";
[2026-04-26T04:30:55.024Z] > 13 | import { useState } from "react";
[2026-04-26T04:30:55.025Z] |          ^
[2026-04-26T04:30:55.025Z] 14 | import { getLoginUrl } from "@/const";
[2026-04-26T04:30:55.026Z] 15 |
[2026-04-26T04:30:55.026Z] 16 | export default function EmailAuth() {
[2026-04-26T04:30:55.026Z] Plugin: vite:react-babel
[2026-04-26T04:30:55.027Z] File: /home/ubuntu/crisispath/client/src/pages/EmailAuth.tsx:13:9
[2026-04-26T04:30:55.027Z] 11 |  import { ArrowLeft, Shield, Eye, EyeOff, Loader2 } from "lucide-react";
[2026-04-26T04:30:55.027Z] 12 |  import { useEmailAuth } from "@/hooks/useEmailAuth";
[2026-04-26T04:30:55.028Z] 13 |  import { useState } from "react";
[2026-04-26T04:30:55.028Z] |           ^
[2026-04-26T04:30:55.028Z] 14 |  import { getLoginUrl } from "@/const";
[2026-04-26T04:30:55.029Z] 15 |
[2026-04-26T04:30:55.029Z] at toParseError (/home/ubuntu/crisispath/node_modules/.pnpm/@babel+parser@7.28.4/node_modules/@babel/parser/src/parse-error.ts:95:45)
[2026-04-26T04:30:55.030Z] at raise (/home/ubuntu/crisispath/node_modules/.pnpm/@babel+parser@7.28.4/node_modules/@babel/parser/src/tokenizer/index.ts:1503:19)
[2026-04-26T04:30:55.030Z] at declareName (/home/ubuntu/crisispath/node_modules/.pnpm/@babel+parser@7.28.4/node_modules/@babel/parser/src/plugins/typescript/scope.ts:72:21)
[2026-04-26T04:30:55.031Z] at declareNameFromIdentifier (/home/ubuntu/crisispath/node_modules/.pnpm/@babel+parser@7.28.4/node_modules/@babel/parser/src/parser/lval.ts:818:16)
[2026-04-26T04:30:55.031Z] at checkIdentifier (/home/ubuntu/crisispath/node_modules/.pnpm/@babel+parser@7.28.4/node_modules/@babel/parser/src/parser/lval.ts:813:12)
[2026-04-26T04:30:55.031Z] at checkLVal (/home/ubuntu/crisispath/node_modules/.pnpm/@babel+parser@7.28.4/node_modules/@babel/parser/src/parser/lval.ts:713:12)
[2026-04-26T04:30:55.033Z] at finishImportSpecifier (/home/ubuntu/crisispath/node_modules/.pnpm/@babel+parser@7.28.4/node_modules/@babel/parser/src/parser/statement.ts:3223:10)
[2026-04-26T04:30:55.033Z] at parseImportSpecifier (/home/ubuntu/crisispath/node_modules/.pnpm/@babel+parser@7.28.4/node_modules/@babel/parser/src/parser/statement.ts:3480:17)
[2026-04-26T04:30:55.033Z] at parseImportSpecifier (/home/ubuntu/crisispath/node_modules/.pnpm/@babel+parser@7.28.4/node_modules/@babel/parser/src/plugins/typescript/index.ts:4359:20)
[2026-04-26T04:30:55.034Z] at parseNamedImportSpecifiers (/home/ubuntu/crisispath/node_modules/.pnpm/@babel+parser@7.28.4/node_modules/@babel/parser/src/parser/statement.ts:3441:36)
[2026-04-26T04:30:55.034Z] at parseImportSpecifiersAndAfter (/home/ubuntu/crisispath/node_modules/.pnpm/@babel+parser@7.28.4/node_modules/@babel/parser/src/parser/statement.ts:3173:37)
[2026-04-26T04:30:55.035Z] at parseImport (/home/ubuntu/crisispath/node_modules/.pnpm/@babel+parser@7.28.4/node_modules/@babel/parser/src/parser/statement.ts:3142:17)
[2026-04-26T04:30:55.035Z] at parseImport (/home/ubuntu/crisispath/node_modules/.pnpm/@babel+parser@7.28.4/node_modules/@babel/parser/src/plugins/typescript/index.ts:3011:28)
[2026-04-26T04:30:55.035Z] at parseStatementContent (/home/ubuntu/crisispath/node_modules/.pnpm/@babel+parser@7.28.4/node_modules/@babel/parser/src/parser/statement.ts:642:25)
[2026-04-26T04:30:55.036Z] at parseStatementContent (/home/ubuntu/crisispath/node_modules/.pnpm/@babel+parser@7.28.4/node_modules/@babel/parser/src/plugins/typescript/index.ts:3185:20)
[2026-04-26T04:30:55.036Z] at parseStatementLike (/home/ubuntu/crisispath/node_modules/.pnpm/@babel+parser@7.28.4/node_modules/@babel/parser/src/parser/statement.ts:477:17)
[2026-04-26T04:30:55.036Z] at parseModuleItem (/home/ubuntu/crisispath/node_modules/.pnpm/@babel+parser@7.28.4/node_modules/@babel/parser/src/parser/statement.ts:414:17)
[2026-04-26T04:30:55.037Z] at parseBlockOrModuleBlockBody (/home/ubuntu/crisispath/node_modules/.pnpm/@babel+parser@7.28.4/node_modules/@babel/parser/src/parser/statement.ts:1438:16)
[2026-04-26T04:30:55.037Z] at parseBlockBody (/home/ubuntu/crisispath/node_modules/.pnpm/@babel+parser@7.28.4/node_modules/@babel/parser/src/parser/statement.ts:1412:10)
[2026-04-26T04:30:55.037Z] at parseProgram (/home/ubuntu/crisispath/node_modules/.pnpm/@babel+parser@7.28.4/node_modules/@babel/parser/src/parser/statement.ts:229:10)
[2026-04-26T04:30:55.038Z] at parseTopLevel (/home/ubuntu/crisispath/node_modules/.pnpm/@babel+parser@7.28.4/node_modules/@babel/parser/src/parser/statement.ts:203:25)
[2026-04-26T04:30:55.038Z] at parse (/home/ubuntu/crisispath/node_modules/.pnpm/@babel+parser@7.28.4/node_modules/@babel/parser/src/parser/index.ts:93:10)
[2026-04-26T04:30:55.039Z] at parse (/home/ubuntu/crisispath/node_modules/.pnpm/@babel+parser@7.28.4/node_modules/@babel/parser/src/plugins/typescript/index.ts:4309:20)
[2026-04-26T04:30:55.039Z] at parse (/home/ubuntu/crisispath/node_modules/.pnpm/@babel+parser@7.28.4/node_modules/@babel/parser/src/index.ts:92:38)
[2026-04-26T04:30:55.039Z] at parser (/home/ubuntu/crisispath/node_modules/.pnpm/@babel+core@7.28.4/node_modules/@babel/core/src/parser/index.ts:28:19)
[2026-04-26T04:30:55.040Z] at parser.next (<anonymous>)
[2026-04-26T04:30:55.040Z] at normalizeFile (/home/ubuntu/crisispath/node_modules/.pnpm/@babel+core@7.28.4/node_modules/@babel/core/src/transformation/normalize-file.ts:49:24)
[2026-04-26T04:30:55.040Z] at normalizeFile.next (<anonymous>)
[2026-04-26T04:30:55.041Z] at run (/home/ubuntu/crisispath/node_modules/.pnpm/@babel+core@7.28.4/node_modules/@babel/core/src/transformation/index.ts:40:36)
[2026-04-26T04:30:55.041Z] at run.next (<anonymous>)
[2026-04-26T04:30:55.042Z] at transform (/home/ubuntu/crisispath/node_modules/.pnpm/@babel+core@7.28.4/node_modules/@babel/core/src/transform.ts:29:20)
[2026-04-26T04:30:55.042Z] at transform.next (<anonymous>)
[2026-04-26T04:30:55.043Z] at step (/home/ubuntu/crisispath/node_modules/.pnpm/gensync@1.0.0-beta.2/node_modules/gensync/index.js:261:32)
[2026-04-26T04:30:55.043Z] at /home/ubuntu/crisispath/node_modules/.pnpm/gensync@1.0.0-beta.2/node_modules/gensync/index.js:273:13
[2026-04-26T04:30:55.043Z] at async.call.result.err.err (/home/ubuntu/crisispath/node_modules/.pnpm/gensync@1.0.0-beta.2/node_modules/gensync/index.js:223:11)
[2026-04-26T04:30:55.044Z] at /home/ubuntu/crisispath/node_modules/.pnpm/gensync@1.0.0-beta.2/node_modules/gensync/index.js:189:28
[2026-04-26T04:30:55.044Z] at <anonymous> (/home/ubuntu/crisispath/node_modules/.pnpm/@babel+core@7.28.4/node_modules/@babel/core/src/gensync-utils/async.ts:90:7)
[2026-04-26T04:30:55.044Z] at /home/ubuntu/crisispath/node_modules/.pnpm/gensync@1.0.0-beta.2/node_modules/gensync/index.js:113:33
[2026-04-26T04:30:55.045Z] at step (/home/ubuntu/crisispath/node_modules/.pnpm/gensync@1.0.0-beta.2/node_modules/gensync/index.js:287:14)
[2026-04-26T04:30:55.045Z] at /home/ubuntu/crisispath/node_modules/.pnpm/gensync@1.0.0-beta.2/node_modules/gensync/index.js:273:13
[2026-04-26T04:30:55.045Z] at async.call.result.err.err (/home/ubuntu/crisispath/node_modules/.pnpm/gensync@1.0.0-beta.2/node_modules/gensync/index.js:223:11)
[2026-04-26T04:30:58.064Z] 12:30:58 AM [vite] (client) hmr update /src/pages/EmailAuth.tsx, /src/index.css
[2026-04-26T04:34:44.384Z] 12:34:44 AM [tsx] change in ./shared/disasterData.ts Restarting...
[2026-04-26T04:34:46.566Z] c[OAuth] Initialized with baseURL: https://api.manus.im
[2026-04-26T04:34:47.058Z] Server running on http://localhost:3000/
[2026-04-26T04:34:47.673Z] [baseline-browser-mapping] The data in this module is over two months old.  To ensure accurate Baseline data, please update: `npm i baseline-browser-mapping@latest -D`
[2026-04-26T04:35:06.868Z] 12:35:06 AM [vite] (client) hmr update /src/pages/EmailAuth.tsx, /src/index.css
[2026-04-26T04:35:07.009Z] 12:35:07 AM [vite] Internal server error: /home/ubuntu/crisispath/client/src/pages/EmailAuth.tsx: Identifier 'useState' has already been declared. (2:9)
[2026-04-26T04:35:07.010Z] 
[2026-04-26T04:35:07.010Z] 1 | import { useState } from "react";
[2026-04-26T04:35:07.011Z] > 2 | import { useState } from "react";
[2026-04-26T04:35:07.011Z] |          ^
[2026-04-26T04:35:07.011Z] 3 | import { useLocation } from "wouter";
[2026-04-26T04:35:07.012Z] 4 | import { trpc } from "@/lib/trpc";
[2026-04-26T04:35:07.012Z] 5 | import { Button } from "@/components/ui/button";
[2026-04-26T04:35:07.012Z] Plugin: vite:react-babel
[2026-04-26T04:35:07.013Z] File: /home/ubuntu/crisispath/client/src/pages/EmailAuth.tsx:2:9
[2026-04-26T04:35:07.013Z] 1  |  import { useState } from "react";
[2026-04-26T04:35:07.013Z] 2  |  import { useState } from "react";
[2026-04-26T04:35:07.014Z] |           ^
[2026-04-26T04:35:07.014Z] 3  |  import { useLocation } from "wouter";
[2026-04-26T04:35:07.014Z] 4  |  import { trpc } from "@/lib/trpc";
[2026-04-26T04:35:07.015Z] at toParseError (/home/ubuntu/crisispath/node_modules/.pnpm/@babel+parser@7.28.4/node_modules/@babel/parser/src/parse-error.ts:95:45)
[2026-04-26T04:35:07.015Z] at raise (/home/ubuntu/crisispath/node_modules/.pnpm/@babel+parser@7.28.4/node_modules/@babel/parser/src/tokenizer/index.ts:1503:19)
[2026-04-26T04:35:07.015Z] at declareName (/home/ubuntu/crisispath/node_modules/.pnpm/@babel+parser@7.28.4/node_modules/@babel/parser/src/plugins/typescript/scope.ts:72:21)
[2026-04-26T04:35:07.016Z] at declareNameFromIdentifier (/home/ubuntu/crisispath/node_modules/.pnpm/@babel+parser@7.28.4/node_modules/@babel/parser/src/parser/lval.ts:818:16)
[2026-04-26T04:35:07.016Z] at checkIdentifier (/home/ubuntu/crisispath/node_modules/.pnpm/@babel+parser@7.28.4/node_modules/@babel/parser/src/parser/lval.ts:813:12)
[2026-04-26T04:35:07.016Z] at checkLVal (/home/ubuntu/crisispath/node_modules/.pnpm/@babel+parser@7.28.4/node_modules/@babel/parser/src/parser/lval.ts:713:12)
[2026-04-26T04:35:07.017Z] at finishImportSpecifier (/home/ubuntu/crisispath/node_modules/.pnpm/@babel+parser@7.28.4/node_modules/@babel/parser/src/parser/statement.ts:3223:10)
[2026-04-26T04:35:07.017Z] at parseImportSpecifier (/home/ubuntu/crisispath/node_modules/.pnpm/@babel+parser@7.28.4/node_modules/@babel/parser/src/parser/statement.ts:3480:17)
[2026-04-26T04:35:07.017Z] at parseImportSpecifier (/home/ubuntu/crisispath/node_modules/.pnpm/@babel+parser@7.28.4/node_modules/@babel/parser/src/plugins/typescript/index.ts:4359:20)
[2026-04-26T04:35:07.018Z] at parseNamedImportSpecifiers (/home/ubuntu/crisispath/node_modules/.pnpm/@babel+parser@7.28.4/node_modules/@babel/parser/src/parser/statement.ts:3441:36)
[2026-04-26T04:35:07.018Z] at parseImportSpecifiersAndAfter (/home/ubuntu/crisispath/node_modules/.pnpm/@babel+parser@7.28.4/node_modules/@babel/parser/src/parser/statement.ts:3173:37)
[2026-04-26T04:35:07.018Z] at parseImport (/home/ubuntu/crisispath/node_modules/.pnpm/@babel+parser@7.28.4/node_modules/@babel/parser/src/parser/statement.ts:3142:17)
[2026-04-26T04:35:07.019Z] at parseImport (/home/ubuntu/crisispath/node_modules/.pnpm/@babel+parser@7.28.4/node_modules/@babel/parser/src/plugins/typescript/index.ts:3011:28)
[2026-04-26T04:35:07.019Z] at parseStatementContent (/home/ubuntu/crisispath/node_modules/.pnpm/@babel+parser@7.28.4/node_modules/@babel/parser/src/parser/statement.ts:642:25)
[2026-04-26T04:35:07.019Z] at parseStatementContent (/home/ubuntu/crisispath/node_modules/.pnpm/@babel+parser@7.28.4/node_modules/@babel/parser/src/plugins/typescript/index.ts:3185:20)
[2026-04-26T04:35:07.020Z] at parseStatementLike (/home/ubuntu/crisispath/node_modules/.pnpm/@babel+parser@7.28.4/node_modules/@babel/parser/src/parser/statement.ts:477:17)
[2026-04-26T04:35:07.020Z] at parseModuleItem (/home/ubuntu/crisispath/node_modules/.pnpm/@babel+parser@7.28.4/node_modules/@babel/parser/src/parser/statement.ts:414:17)
[2026-04-26T04:35:07.021Z] at parseBlockOrModuleBlockBody (/home/ubuntu/crisispath/node_modules/.pnpm/@babel+parser@7.28.4/node_modules/@babel/parser/src/parser/statement.ts:1438:16)
[2026-04-26T04:35:07.021Z] at parseBlockBody (/home/ubuntu/crisispath/node_modules/.pnpm/@babel+parser@7.28.4/node_modules/@babel/parser/src/parser/statement.ts:1412:10)
[2026-04-26T04:35:07.021Z] at parseProgram (/home/ubuntu/crisispath/node_modules/.pnpm/@babel+parser@7.28.4/node_modules/@babel/parser/src/parser/statement.ts:229:10)
[2026-04-26T04:35:07.022Z] at parseTopLevel (/home/ubuntu/crisispath/node_modules/.pnpm/@babel+parser@7.28.4/node_modules/@babel/parser/src/parser/statement.ts:203:25)
[2026-04-26T04:35:07.022Z] at parse (/home/ubuntu/crisispath/node_modules/.pnpm/@babel+parser@7.28.4/node_modules/@babel/parser/src/parser/index.ts:93:10)
[2026-04-26T04:35:07.022Z] at parse (/home/ubuntu/crisispath/node_modules/.pnpm/@babel+parser@7.28.4/node_modules/@babel/parser/src/plugins/typescript/index.ts:4309:20)
[2026-04-26T04:35:07.023Z] at parse (/home/ubuntu/crisispath/node_modules/.pnpm/@babel+parser@7.28.4/node_modules/@babel/parser/src/index.ts:92:38)
[2026-04-26T04:35:07.023Z] at parser (/home/ubuntu/crisispath/node_modules/.pnpm/@babel+core@7.28.4/node_modules/@babel/core/src/parser/index.ts:28:19)
[2026-04-26T04:35:07.023Z] at parser.next (<anonymous>)
[2026-04-26T04:35:07.024Z] at normalizeFile (/home/ubuntu/crisispath/node_modules/.pnpm/@babel+core@7.28.4/node_modules/@babel/core/src/transformation/normalize-file.ts:49:24)
[2026-04-26T04:35:07.024Z] at normalizeFile.next (<anonymous>)
[2026-04-26T04:35:07.024Z] at run (/home/ubuntu/crisispath/node_modules/.pnpm/@babel+core@7.28.4/node_modules/@babel/core/src/transformation/index.ts:40:36)
[2026-04-26T04:35:07.025Z] at run.next (<anonymous>)
[2026-04-26T04:35:07.025Z] at transform (/home/ubuntu/crisispath/node_modules/.pnpm/@babel+core@7.28.4/node_modules/@babel/core/src/transform.ts:29:20)
[2026-04-26T04:35:07.026Z] at transform.next (<anonymous>)
[2026-04-26T04:35:07.026Z] at step (/home/ubuntu/crisispath/node_modules/.pnpm/gensync@1.0.0-beta.2/node_modules/gensync/index.js:261:32)
[2026-04-26T04:35:07.026Z] at /home/ubuntu/crisispath/node_modules/.pnpm/gensync@1.0.0-beta.2/node_modules/gensync/index.js:273:13
[2026-04-26T04:35:07.027Z] at async.call.result.err.err (/home/ubuntu/crisispath/node_modules/.pnpm/gensync@1.0.0-beta.2/node_modules/gensync/index.js:223:11)
[2026-04-26T04:35:07.027Z] at /home/ubuntu/crisispath/node_modules/.pnpm/gensync@1.0.0-beta.2/node_modules/gensync/index.js:189:28
[2026-04-26T04:35:07.027Z] at <anonymous> (/home/ubuntu/crisispath/node_modules/.pnpm/@babel+core@7.28.4/node_modules/@babel/core/src/gensync-utils/async.ts:90:7)
[2026-04-26T04:35:07.028Z] at /home/ubuntu/crisispath/node_modules/.pnpm/gensync@1.0.0-beta.2/node_modules/gensync/index.js:113:33
[2026-04-26T04:35:07.028Z] at step (/home/ubuntu/crisispath/node_modules/.pnpm/gensync@1.0.0-beta.2/node_modules/gensync/index.js:287:14)
[2026-04-26T04:35:07.028Z] at /home/ubuntu/crisispath/node_modules/.pnpm/gensync@1.0.0-beta.2/node_modules/gensync/index.js:273:13
[2026-04-26T04:35:07.029Z] at async.call.result.err.err (/home/ubuntu/crisispath/node_modules/.pnpm/gensync@1.0.0-beta.2/node_modules/gensync/index.js:223:11)
[2026-04-26T04:35:07.051Z] 12:35:07 AM [vite] (client) Pre-transform error: /home/ubuntu/crisispath/client/src/pages/EmailAuth.tsx: Identifier 'useState' has already been declared. (2:9)
[2026-04-26T04:35:07.052Z] 
[2026-04-26T04:35:07.053Z] 1 | import { useState } from "react";
[2026-04-26T04:35:07.053Z] > 2 | import { useState } from "react";
[2026-04-26T04:35:07.054Z] |          ^
[2026-04-26T04:35:07.054Z] 3 | import { useLocation } from "wouter";
[2026-04-26T04:35:07.055Z] 4 | import { trpc } from "@/lib/trpc";
[2026-04-26T04:35:07.055Z] 5 | import { Button } from "@/components/ui/button";
[2026-04-26T04:35:07.056Z] Plugin: vite:react-babel
[2026-04-26T04:35:07.056Z] File: /home/ubuntu/crisispath/client/src/pages/EmailAuth.tsx:2:9
[2026-04-26T04:35:07.057Z] 1  |  import { useState } from "react";
[2026-04-26T04:35:07.057Z] 2  |  import { useState } from "react";
[2026-04-26T04:35:07.058Z] |           ^
[2026-04-26T04:35:07.059Z] 3  |  import { useLocation } from "wouter";
[2026-04-26T04:35:07.059Z] 4  |  import { trpc } from "@/lib/trpc";
[2026-04-26T04:35:10.530Z] 12:35:10 AM [vite] Internal server error: /home/ubuntu/crisispath/client/src/pages/EmailAuth.tsx: Identifier 'useState' has already been declared. (2:9)
[2026-04-26T04:35:10.531Z] 
[2026-04-26T04:35:10.532Z] 1 | import { useState } from "react";
[2026-04-26T04:35:10.533Z] > 2 | import { useState } from "react";
[2026-04-26T04:35:10.533Z] |          ^
[2026-04-26T04:35:10.534Z] 3 | import { useLocation } from "wouter";
[2026-04-26T04:35:10.534Z] 4 | import { trpc } from "@/lib/trpc";
[2026-04-26T04:35:10.535Z] 5 | import { Button } from "@/components/ui/button";
[2026-04-26T04:35:10.535Z] Plugin: vite:react-babel
[2026-04-26T04:35:10.536Z] File: /home/ubuntu/crisispath/client/src/pages/EmailAuth.tsx:2:9
[2026-04-26T04:35:10.536Z] 1  |  import { useState } from "react";
[2026-04-26T04:35:10.537Z] 2  |  import { useState } from "react";
[2026-04-26T04:35:10.537Z] |           ^
[2026-04-26T04:35:10.537Z] 3  |  import { useLocation } from "wouter";
[2026-04-26T04:35:10.538Z] 4  |  import { trpc } from "@/lib/trpc";
[2026-04-26T04:35:10.538Z] at toParseError (/home/ubuntu/crisispath/node_modules/.pnpm/@babel+parser@7.28.4/node_modules/@babel/parser/src/parse-error.ts:95:45)
[2026-04-26T04:35:10.538Z] at raise (/home/ubuntu/crisispath/node_modules/.pnpm/@babel+parser@7.28.4/node_modules/@babel/parser/src/tokenizer/index.ts:1503:19)
[2026-04-26T04:35:10.539Z] at declareName (/home/ubuntu/crisispath/node_modules/.pnpm/@babel+parser@7.28.4/node_modules/@babel/parser/src/plugins/typescript/scope.ts:72:21)
[2026-04-26T04:35:10.539Z] at declareNameFromIdentifier (/home/ubuntu/crisispath/node_modules/.pnpm/@babel+parser@7.28.4/node_modules/@babel/parser/src/parser/lval.ts:818:16)
[2026-04-26T04:35:10.539Z] at checkIdentifier (/home/ubuntu/crisispath/node_modules/.pnpm/@babel+parser@7.28.4/node_modules/@babel/parser/src/parser/lval.ts:813:12)
[2026-04-26T04:35:10.540Z] at checkLVal (/home/ubuntu/crisispath/node_modules/.pnpm/@babel+parser@7.28.4/node_modules/@babel/parser/src/parser/lval.ts:713:12)
[2026-04-26T04:35:10.540Z] at finishImportSpecifier (/home/ubuntu/crisispath/node_modules/.pnpm/@babel+parser@7.28.4/node_modules/@babel/parser/src/parser/statement.ts:3223:10)
[2026-04-26T04:35:10.541Z] at parseImportSpecifier (/home/ubuntu/crisispath/node_modules/.pnpm/@babel+parser@7.28.4/node_modules/@babel/parser/src/parser/statement.ts:3480:17)
[2026-04-26T04:35:10.541Z] at parseImportSpecifier (/home/ubuntu/crisispath/node_modules/.pnpm/@babel+parser@7.28.4/node_modules/@babel/parser/src/plugins/typescript/index.ts:4359:20)
[2026-04-26T04:35:10.541Z] at parseNamedImportSpecifiers (/home/ubuntu/crisispath/node_modules/.pnpm/@babel+parser@7.28.4/node_modules/@babel/parser/src/parser/statement.ts:3441:36)
[2026-04-26T04:35:10.542Z] at parseImportSpecifiersAndAfter (/home/ubuntu/crisispath/node_modules/.pnpm/@babel+parser@7.28.4/node_modules/@babel/parser/src/parser/statement.ts:3173:37)
[2026-04-26T04:35:10.542Z] at parseImport (/home/ubuntu/crisispath/node_modules/.pnpm/@babel+parser@7.28.4/node_modules/@babel/parser/src/parser/statement.ts:3142:17)
[2026-04-26T04:35:10.542Z] at parseImport (/home/ubuntu/crisispath/node_modules/.pnpm/@babel+parser@7.28.4/node_modules/@babel/parser/src/plugins/typescript/index.ts:3011:28)
[2026-04-26T04:35:10.543Z] at parseStatementContent (/home/ubuntu/crisispath/node_modules/.pnpm/@babel+parser@7.28.4/node_modules/@babel/parser/src/parser/statement.ts:642:25)
[2026-04-26T04:35:10.543Z] at parseStatementContent (/home/ubuntu/crisispath/node_modules/.pnpm/@babel+parser@7.28.4/node_modules/@babel/parser/src/plugins/typescript/index.ts:3185:20)
[2026-04-26T04:35:10.544Z] at parseStatementLike (/home/ubuntu/crisispath/node_modules/.pnpm/@babel+parser@7.28.4/node_modules/@babel/parser/src/parser/statement.ts:477:17)
[2026-04-26T04:35:10.544Z] at parseModuleItem (/home/ubuntu/crisispath/node_modules/.pnpm/@babel+parser@7.28.4/node_modules/@babel/parser/src/parser/statement.ts:414:17)
[2026-04-26T04:35:10.545Z] at parseBlockOrModuleBlockBody (/home/ubuntu/crisispath/node_modules/.pnpm/@babel+parser@7.28.4/node_modules/@babel/parser/src/parser/statement.ts:1438:16)
[2026-04-26T04:35:10.545Z] at parseBlockBody (/home/ubuntu/crisispath/node_modules/.pnpm/@babel+parser@7.28.4/node_modules/@babel/parser/src/parser/statement.ts:1412:10)
[2026-04-26T04:35:10.545Z] at parseProgram (/home/ubuntu/crisispath/node_modules/.pnpm/@babel+parser@7.28.4/node_modules/@babel/parser/src/parser/statement.ts:229:10)
[2026-04-26T04:35:10.546Z] at parseTopLevel (/home/ubuntu/crisispath/node_modules/.pnpm/@babel+parser@7.28.4/node_modules/@babel/parser/src/parser/statement.ts:203:25)
[2026-04-26T04:35:10.546Z] at parse (/home/ubuntu/crisispath/node_modules/.pnpm/@babel+parser@7.28.4/node_modules/@babel/parser/src/parser/index.ts:93:10)
[2026-04-26T04:35:10.546Z] at parse (/home/ubuntu/crisispath/node_modules/.pnpm/@babel+parser@7.28.4/node_modules/@babel/parser/src/plugins/typescript/index.ts:4309:20)
[2026-04-26T04:35:10.547Z] at parse (/home/ubuntu/crisispath/node_modules/.pnpm/@babel+parser@7.28.4/node_modules/@babel/parser/src/index.ts:92:38)
[2026-04-26T04:35:10.547Z] at parser (/home/ubuntu/crisispath/node_modules/.pnpm/@babel+core@7.28.4/node_modules/@babel/core/src/parser/index.ts:28:19)
[2026-04-26T04:35:10.548Z] at parser.next (<anonymous>)
[2026-04-26T04:35:10.548Z] at normalizeFile (/home/ubuntu/crisispath/node_modules/.pnpm/@babel+core@7.28.4/node_modules/@babel/core/src/transformation/normalize-file.ts:49:24)
[2026-04-26T04:35:10.548Z] at normalizeFile.next (<anonymous>)
[2026-04-26T04:35:10.549Z] at run (/home/ubuntu/crisispath/node_modules/.pnpm/@babel+core@7.28.4/node_modules/@babel/core/src/transformation/index.ts:40:36)
[2026-04-26T04:35:10.549Z] at run.next (<anonymous>)
[2026-04-26T04:35:10.550Z] at transform (/home/ubuntu/crisispath/node_modules/.pnpm/@babel+core@7.28.4/node_modules/@babel/core/src/transform.ts:29:20)
[2026-04-26T04:35:10.550Z] at transform.next (<anonymous>)
[2026-04-26T04:35:10.551Z] at step (/home/ubuntu/crisispath/node_modules/.pnpm/gensync@1.0.0-beta.2/node_modules/gensync/index.js:261:32)
[2026-04-26T04:35:10.552Z] at /home/ubuntu/crisispath/node_modules/.pnpm/gensync@1.0.0-beta.2/node_modules/gensync/index.js:273:13
[2026-04-26T04:35:10.553Z] at async.call.result.err.err (/home/ubuntu/crisispath/node_modules/.pnpm/gensync@1.0.0-beta.2/node_modules/gensync/index.js:223:11)
[2026-04-26T04:35:10.553Z] at /home/ubuntu/crisispath/node_modules/.pnpm/gensync@1.0.0-beta.2/node_modules/gensync/index.js:189:28
[2026-04-26T04:35:10.553Z] at <anonymous> (/home/ubuntu/crisispath/node_modules/.pnpm/@babel+core@7.28.4/node_modules/@babel/core/src/gensync-utils/async.ts:90:7)
[2026-04-26T04:35:10.554Z] at /home/ubuntu/crisispath/node_modules/.pnpm/gensync@1.0.0-beta.2/node_modules/gensync/index.js:113:33
[2026-04-26T04:35:10.554Z] at step (/home/ubuntu/crisispath/node_modules/.pnpm/gensync@1.0.0-beta.2/node_modules/gensync/index.js:287:14)
[2026-04-26T04:35:10.554Z] at /home/ubuntu/crisispath/node_modules/.pnpm/gensync@1.0.0-beta.2/node_modules/gensync/index.js:273:13
[2026-04-26T04:35:10.555Z] at async.call.result.err.err (/home/ubuntu/crisispath/node_modules/.pnpm/gensync@1.0.0-beta.2/node_modules/gensync/index.js:223:11)
[2026-04-26T04:35:12.234Z] 12:35:12 AM [vite] (client) hmr update /src/pages/EmailAuth.tsx, /src/index.css
[2026-04-26T04:35:42.959Z] 12:35:42 AM [tsx] change in ./shared/disasterData.ts Restarting...
[2026-04-26T04:35:44.570Z] c[OAuth] Initialized with baseURL: https://api.manus.im
[2026-04-26T04:35:44.809Z] Server running on http://localhost:3000/
[2026-04-26T04:35:46.110Z] [baseline-browser-mapping] The data in this module is over two months old.  To ensure accurate Baseline data, please update: `npm i baseline-browser-mapping@latest -D`
[2026-04-26T04:36:08.064Z] 12:36:08 AM [vite] (client) hmr update /src/index.css
[2026-04-26T04:38:04.791Z] 12:38:04 AM [vite] (client) hmr update /src/pages/Home.tsx, /src/index.css
[2026-04-26T04:38:26.207Z] 12:38:26 AM [vite] (client) hmr update /src/pages/Home.tsx, /src/index.css
[2026-04-26T04:39:02.464Z] 12:39:02 AM [vite] (client) hmr update /src/pages/Home.tsx, /src/index.css
[2026-04-26T04:39:33.932Z] 12:39:33 AM [vite] (client) hmr update /src/pages/Home.tsx, /src/index.css
[2026-04-26T04:39:49.359Z] 12:39:49 AM [vite] (client) hmr update /src/App.tsx, /src/index.css
[2026-04-26T04:40:09.462Z] Dev server process group stopped
[2026-04-26T04:40:09.509Z] Dev server exited with code -15
[2026-04-26T04:40:12.515Z] Starting dev server with command: NODE_ENV=development tsx watch server/_core/index.ts
[2026-04-26T04:40:14.412Z] [OAuth] Initialized with baseURL: https://api.manus.im
[2026-04-26T04:40:14.674Z] Server running on http://localhost:3000/
[2026-04-26T04:40:15.203Z] [baseline-browser-mapping] The data in this module is over two months old.  To ensure accurate Baseline data, please update: `npm i baseline-browser-mapping@latest -D`
[2026-04-26T04:42:06.731Z] 12:42:06 AM [vite] (client) hmr update /src/index.css
[2026-04-26T09:49:43.110Z] 5:49:43 AM [tsx] change in ./shared/disasterData.ts Restarting...
[2026-04-26T09:49:44.754Z] c[OAuth] Initialized with baseURL: https://api.manus.im
[2026-04-26T09:49:45.026Z] 5:49:45 AM [vite] (client) Re-optimizing dependencies because lockfile has changed
[2026-04-26T09:49:45.055Z] Server running on http://localhost:3000/
[2026-04-26T09:50:27.220Z] 5:50:27 AM [tsx] change in ./shared/disasterData.ts Restarting...
[2026-04-26T09:50:28.916Z] c[OAuth] Initialized with baseURL: https://api.manus.im
[2026-04-26T09:50:29.165Z] Server running on http://localhost:3000/
[2026-04-26T09:50:47.037Z] 5:50:47 AM [tsx] change in ./shared/disasterData.ts Restarting...
[2026-04-26T09:50:48.674Z] c[OAuth] Initialized with baseURL: https://api.manus.im
[2026-04-26T09:50:48.934Z] Server running on http://localhost:3000/
[2026-04-26T09:50:56.725Z] 5:50:56 AM [tsx] change in ./shared/disasterData.ts Restarting...
[2026-04-26T09:50:58.465Z] c[OAuth] Initialized with baseURL: https://api.manus.im
[2026-04-26T09:50:58.748Z] Server running on http://localhost:3000/
[2026-04-26T09:51:31.543Z] Dev server process group stopped
[2026-04-26T09:51:31.602Z] Dev server exited with code -15
[2026-04-26T09:51:34.558Z] Starting dev server with command: NODE_ENV=development tsx watch server/_core/index.ts
[2026-04-26T09:51:36.598Z] [OAuth] Initialized with baseURL: https://api.manus.im
[2026-04-26T09:51:36.966Z] Server running on http://localhost:3000/
[2026-04-26T09:53:00.408Z] Dev server process group stopped
[2026-04-26T09:53:00.458Z] Dev server exited with code -15
[2026-04-26T09:53:03.421Z] Starting dev server with command: NODE_ENV=development tsx watch server/_core/index.ts
[2026-04-26T09:53:05.270Z] [OAuth] Initialized with baseURL: https://api.manus.im
[2026-04-26T09:53:05.528Z] Server running on http://localhost:3000/
[2026-04-26T09:56:12.063Z] [baseline-browser-mapping] The data in this module is over two months old.  To ensure accurate Baseline data, please update: `npm i baseline-browser-mapping@latest -D`
[2026-04-26T10:42:19.576Z] 6:42:19 AM [vite] (client) hmr update /src/pages/FamilyTracker.tsx, /src/index.css
[2026-04-26T10:42:56.463Z] 6:42:56 AM [vite] (client) hmr update /src/contexts/I18nContext.tsx, /src/pages/Onboarding.tsx, /src/pages/Settings.tsx, /src/pages/Home.tsx
[2026-04-26T10:42:56.734Z] 6:42:56 AM [vite] (client) hmr invalidate /src/contexts/I18nContext.tsx Could not Fast Refresh ("useI18n" export is incompatible). Learn more at https://github.com/vitejs/vite-plugin-react/tree/main/packages/plugin-react#consistent-components-exports
[2026-04-26T10:42:56.735Z] 6:42:56 AM [vite] (client) hmr update /src/App.tsx, /src/pages/Map.tsx, /src/pages/EmergencyContacts.tsx, /src/pages/Onboarding.tsx, /src/pages/ActionGuide.tsx, /src/pages/SafeRoute.tsx, /src/pages/DisasterGuide.tsx, /src/pages/Settings.tsx, /src/pages/ShelterDetail.tsx, /src/pages/PrivacyPolicy.tsx, /src/pages/Privacy.tsx, /src/pages/Terms.tsx, /src/pages/TermsOfService.tsx, /src/pages/Dashboard.tsx, /src/pages/FamilyTracker.tsx, /src/pages/Home.tsx
[2026-04-26T10:43:18.425Z] 6:43:18 AM [vite] (client) hmr update /src/contexts/I18nContext.tsx, /src/pages/Onboarding.tsx, /src/pages/Settings.tsx, /src/pages/Home.tsx
[2026-04-26T10:43:18.738Z] 6:43:18 AM [vite] (client) hmr invalidate /src/contexts/I18nContext.tsx Could not Fast Refresh ("useI18n" export is incompatible). Learn more at https://github.com/vitejs/vite-plugin-react/tree/main/packages/plugin-react#consistent-components-exports
[2026-04-26T10:43:18.739Z] 6:43:18 AM [vite] (client) hmr update /src/App.tsx, /src/pages/Map.tsx, /src/pages/EmergencyContacts.tsx, /src/pages/Onboarding.tsx, /src/pages/ActionGuide.tsx, /src/pages/SafeRoute.tsx, /src/pages/DisasterGuide.tsx, /src/pages/Settings.tsx, /src/pages/ShelterDetail.tsx, /src/pages/PrivacyPolicy.tsx, /src/pages/Privacy.tsx, /src/pages/Terms.tsx, /src/pages/TermsOfService.tsx, /src/pages/Dashboard.tsx, /src/pages/FamilyTracker.tsx, /src/pages/Home.tsx
[2026-04-26T10:44:24.723Z] 6:44:24 AM [vite] (client) hmr update /src/pages/Home.tsx, /src/index.css
[2026-04-26T10:47:09.533Z] 6:47:09 AM [vite] (client) hmr update /src/index.css
[2026-04-26T10:48:41.600Z] 6:48:41 AM [tsx] change in ./drizzle/schema.ts Restarting...
[2026-04-26T10:48:43.903Z] c[OAuth] Initialized with baseURL: https://api.manus.im
[2026-04-26T10:48:44.183Z] Server running on http://localhost:3000/
[2026-04-26T10:48:44.880Z] [baseline-browser-mapping] The data in this module is over two months old.  To ensure accurate Baseline data, please update: `npm i baseline-browser-mapping@latest -D`
[2026-04-26T10:48:59.194Z] 6:48:59 AM [tsx] change in ./drizzle/schema.ts Restarting...
[2026-04-26T10:49:01.039Z] c[OAuth] Initialized with baseURL: https://api.manus.im
[2026-04-26T10:49:01.302Z] Server running on http://localhost:3000/
[2026-04-26T10:49:02.402Z] [baseline-browser-mapping] The data in this module is over two months old.  To ensure accurate Baseline data, please update: `npm i baseline-browser-mapping@latest -D`
[2026-04-26T10:49:42.787Z] 6:49:42 AM [tsx] change in ./server/routers/emailAuth.ts Restarting...
[2026-04-26T10:49:44.804Z] c[OAuth] Initialized with baseURL: https://api.manus.im
[2026-04-26T10:49:45.073Z] Server running on http://localhost:3000/
[2026-04-26T10:49:46.047Z] [baseline-browser-mapping] The data in this module is over two months old.  To ensure accurate Baseline data, please update: `npm i baseline-browser-mapping@latest -D`
[2026-04-26T10:50:06.336Z] 6:50:06 AM [tsx] change in ./server/routers/emailAuth.ts Restarting...
[2026-04-26T10:50:08.443Z] c[OAuth] Initialized with baseURL: https://api.manus.im
[2026-04-26T10:50:08.704Z] Server running on http://localhost:3000/
[2026-04-26T10:50:09.583Z] [baseline-browser-mapping] The data in this module is over two months old.  To ensure accurate Baseline data, please update: `npm i baseline-browser-mapping@latest -D`
[2026-04-26T10:50:52.979Z] 6:50:52 AM [tsx] change in ./server/routers/disasterData.ts Restarting...
[2026-04-26T10:50:53.396Z] c
[2026-04-26T10:50:53.397Z] node:internal/modules/run_main:122
[2026-04-26T10:50:53.397Z] triggerUncaughtException(
[2026-04-26T10:50:53.397Z] ^
[2026-04-26T10:50:53.398Z] Error [TransformError]: Transform failed with 1 error:
[2026-04-26T10:50:53.398Z] /home/ubuntu/crisispath/server/routers/disasterData.ts:305:18: ERROR: Expected ";" but found ":"
[2026-04-26T10:50:53.398Z] at failureErrorWithLog (/home/ubuntu/crisispath/node_modules/.pnpm/esbuild@0.25.10/node_modules/esbuild/lib/main.js:1467:15)
[2026-04-26T10:50:53.399Z] at /home/ubuntu/crisispath/node_modules/.pnpm/esbuild@0.25.10/node_modules/esbuild/lib/main.js:736:50
[2026-04-26T10:50:53.399Z] at responseCallbacks.<computed> (/home/ubuntu/crisispath/node_modules/.pnpm/esbuild@0.25.10/node_modules/esbuild/lib/main.js:603:9)
[2026-04-26T10:50:53.399Z] at handleIncomingPacket (/home/ubuntu/crisispath/node_modules/.pnpm/esbuild@0.25.10/node_modules/esbuild/lib/main.js:658:12)
[2026-04-26T10:50:53.400Z] at Socket.readFromStdout (/home/ubuntu/crisispath/node_modules/.pnpm/esbuild@0.25.10/node_modules/esbuild/lib/main.js:581:7)
[2026-04-26T10:50:53.400Z] at Socket.emit (node:events:524:28)
[2026-04-26T10:50:53.400Z] at addChunk (node:internal/streams/readable:561:12)
[2026-04-26T10:50:53.401Z] at readableAddChunkPushByteMode (node:internal/streams/readable:512:3)
[2026-04-26T10:50:53.401Z] at Readable.push (node:internal/streams/readable:392:5)
[2026-04-26T10:50:53.401Z] at Pipe.onStreamRead (node:internal/stream_base_commons:189:23)
[2026-04-26T10:50:53.402Z] 
[2026-04-26T10:50:53.402Z] Node.js v22.13.0
[2026-04-26T10:51:32.224Z] 6:51:32 AM [tsx] change in ./server/routers/disasterData.ts Rerunning...
[2026-04-26T10:51:34.086Z] c[OAuth] Initialized with baseURL: https://api.manus.im
[2026-04-26T10:51:34.350Z] Server running on http://localhost:3000/
[2026-04-26T10:51:35.166Z] [baseline-browser-mapping] The data in this module is over two months old.  To ensure accurate Baseline data, please update: `npm i baseline-browser-mapping@latest -D`
[2026-04-26T10:52:36.346Z] 6:52:36 AM [vite] (client) hmr update /src/index.css
[2026-04-26T11:32:48.509Z] 7:32:48 AM [vite] (client) hmr update /src/App.tsx, /src/index.css
[2026-04-26T11:32:55.248Z] 7:32:55 AM [vite] (client) hmr update /src/App.tsx, /src/index.css
[2026-04-26T12:03:01.191Z] 8:03:01 AM [tsx] change in ./drizzle/schema.ts Restarting...
[2026-04-26T12:03:03.169Z] c[OAuth] Initialized with baseURL: https://api.manus.im
[2026-04-26T12:03:03.465Z] Server running on http://localhost:3000/
[2026-04-26T12:04:03.040Z] 8:04:03 AM [tsx] change in ./server/routers.ts Restarting...
[2026-04-26T12:04:04.699Z] c[OAuth] Initialized with baseURL: https://api.manus.im
[2026-04-26T12:04:04.943Z] Server running on http://localhost:3000/
[2026-04-26T12:06:16.441Z] [baseline-browser-mapping] The data in this module is over two months old.  To ensure accurate Baseline data, please update: `npm i baseline-browser-mapping@latest -D`
[2026-04-26T12:10:17.637Z] 8:10:17 AM [vite] (client) hmr update /src/pages/JoinFamily.tsx, /src/index.css
[2026-04-26T12:13:06.370Z] 8:13:06 AM [tsx] change in ./drizzle/schema.ts Restarting...
[2026-04-26T12:13:08.253Z] c[OAuth] Initialized with baseURL: https://api.manus.im
[2026-04-26T12:13:08.507Z] Server running on http://localhost:3000/
[2026-04-26T12:15:06.670Z] [baseline-browser-mapping] The data in this module is over two months old.  To ensure accurate Baseline data, please update: `npm i baseline-browser-mapping@latest -D`
[2026-04-26T12:17:01.889Z] 8:17:01 AM [vite] (client) hmr update /src/index.css
[2026-04-26T12:37:07.860Z] 8:37:07 AM [tsx] change in ./server/routers.ts Restarting...
[2026-04-26T12:37:09.778Z] c[OAuth] Initialized with baseURL: https://api.manus.im
[2026-04-26T12:37:09.806Z] /home/ubuntu/crisispath/server/routers.ts:22
[2026-04-26T12:37:09.807Z] shelters: sheltersRouter,
[2026-04-26T12:37:09.807Z] ^
[2026-04-26T12:37:09.807Z] 
[2026-04-26T12:37:09.808Z] 
[2026-04-26T12:37:09.808Z] ReferenceError: sheltersRouter is not defined
[2026-04-26T12:37:09.808Z] at <anonymous> (/home/ubuntu/crisispath/server/routers.ts:22:13)
[2026-04-26T12:37:09.809Z] at ModuleJob.run (node:internal/modules/esm/module_job:271:25)
[2026-04-26T12:37:09.809Z] at async onImport.tracePromise.__proto__ (node:internal/modules/esm/loader:547:26)
[2026-04-26T12:37:09.809Z] at async asyncRunEntryPointWithESMLoader (node:internal/modules/run_main:116:5)
[2026-04-26T12:37:09.810Z] 
[2026-04-26T12:37:09.810Z] Node.js v22.13.0
[2026-04-26T12:37:13.547Z] 8:37:13 AM [tsx] change in ./server/routers.ts Rerunning...
[2026-04-26T12:37:15.331Z] c[OAuth] Initialized with baseURL: https://api.manus.im
[2026-04-26T12:37:15.570Z] Server running on http://localhost:3000/
[2026-04-26T12:37:37.699Z] 8:37:37 AM [tsx] change in ./server/routers.ts Restarting...
[2026-04-26T12:37:39.563Z] c[OAuth] Initialized with baseURL: https://api.manus.im
[2026-04-26T12:37:39.833Z] Server running on http://localhost:3000/
[2026-04-26T12:39:15.268Z] Dev server process group stopped
[2026-04-26T12:39:15.310Z] Dev server exited with code -15
[2026-04-26T12:39:18.291Z] Starting dev server with command: NODE_ENV=development tsx watch server/_core/index.ts
[2026-04-26T12:39:20.100Z] [OAuth] Initialized with baseURL: https://api.manus.im
[2026-04-26T12:39:20.358Z] 8:39:20 AM [vite] (client) Re-optimizing dependencies because lockfile has changed
[2026-04-26T12:39:20.383Z] Server running on http://localhost:3000/
[2026-04-26T12:41:07.876Z] [baseline-browser-mapping] The data in this module is over two months old.  To ensure accurate Baseline data, please update: `npm i baseline-browser-mapping@latest -D`
[2026-04-26T12:50:36.853Z] 8:50:36 AM [vite] (client) hmr update /src/index.css
[2026-04-27T04:56:46.272Z] 12:56:46 AM [vite] (client) hmr update /src/pages/Home.tsx, /src/index.css
[2026-04-27T04:57:02.400Z] 12:57:02 AM [vite] (client) hmr update /src/pages/Home.tsx, /src/index.css
[2026-04-27T04:57:18.971Z] 12:57:18 AM [vite] (client) hmr update /src/App.tsx, /src/index.css
[2026-04-27T04:57:26.318Z] 12:57:26 AM [vite] (client) hmr update /src/App.tsx, /src/index.css
[2026-04-27T04:59:41.568Z] 12:59:41 AM [vite] (client) hmr update /src/index.css
[2026-04-27T05:06:21.448Z] 1:06:21 AM [vite] (client) hmr update /src/pages/Home.tsx, /src/index.css
[2026-04-27T05:06:36.432Z] 1:06:36 AM [vite] (client) hmr update /src/pages/Home.tsx, /src/index.css
[2026-04-27T05:07:01.868Z] 1:07:01 AM [vite] (client) hmr update /src/pages/Home.tsx, /src/index.css
[2026-04-27T05:07:21.201Z] 1:07:21 AM [vite] (client) hmr update /src/pages/Home.tsx, /src/index.css
[2026-04-27T05:07:58.171Z] 1:07:58 AM [vite] (client) hmr update /src/pages/Home.tsx, /src/index.css
[2026-04-27T05:10:02.238Z] 1:10:02 AM [vite] (client) hmr update /src/index.css
[2026-04-27T05:13:12.122Z] 1:13:12 AM [vite] (client) hmr update /src/pages/Home.tsx, /src/index.css
[2026-04-27T05:13:53.930Z] 1:13:53 AM [vite] (client) hmr update /src/index.css
[2026-04-27T05:16:11.701Z] 1:16:11 AM [vite] (client) hmr update /src/pages/Home.tsx, /src/index.css
[2026-04-27T05:16:11.859Z] 1:16:11 AM [vite] Internal server error: /home/ubuntu/crisispath/client/src/pages/Home.tsx: Unexpected token (64:52)
[2026-04-27T05:16:11.861Z] 
[2026-04-27T05:16:11.861Z] 62 |
[2026-04-27T05:16:11.861Z] 63 | // ─── Disaster type to guide route mapping ────────────────────────────────
[2026-04-27T05:16:11.862Z] > 64 | const DISASTER_GUIDE_MAP: Record<string, string> = {{
[2026-04-27T05:16:11.862Z] |                                                     ^
[2026-04-27T05:16:11.863Z] 65 |   wildfire: "wildfire",
[2026-04-27T05:16:11.863Z] 66 |   earthquake: "earthquake",
[2026-04-27T05:16:11.864Z] 67 |   tornado: "tornado",
[2026-04-27T05:16:11.864Z] Plugin: vite:react-babel
[2026-04-27T05:16:11.864Z] File: /home/ubuntu/crisispath/client/src/pages/Home.tsx:64:52
[2026-04-27T05:16:11.865Z] 62 |
[2026-04-27T05:16:11.865Z] 63 |  // ─── Disaster type to guide route mapping ────────────────────────────────
[2026-04-27T05:16:11.866Z] 64 |  const DISASTER_GUIDE_MAP: Record<string, string> = {{
[2026-04-27T05:16:11.866Z] |                                                      ^
[2026-04-27T05:16:11.866Z] 65 |    wildfire: "wildfire",
[2026-04-27T05:16:11.867Z] 66 |    earthquake: "earthquake",
[2026-04-27T05:16:11.867Z] at toParseError (/home/ubuntu/crisispath/node_modules/.pnpm/@babel+parser@7.28.4/node_modules/@babel/parser/src/parse-error.ts:95:45)
[2026-04-27T05:16:11.867Z] at raise (/home/ubuntu/crisispath/node_modules/.pnpm/@babel+parser@7.28.4/node_modules/@babel/parser/src/tokenizer/index.ts:1503:19)
[2026-04-27T05:16:11.868Z] at unexpected (/home/ubuntu/crisispath/node_modules/.pnpm/@babel+parser@7.28.4/node_modules/@babel/parser/src/tokenizer/index.ts:1543:16)
[2026-04-27T05:16:11.868Z] at parsePropertyName (/home/ubuntu/crisispath/node_modules/.pnpm/@babel+parser@7.28.4/node_modules/@babel/parser/src/parser/expression.ts:2441:18)
[2026-04-27T05:16:11.869Z] at parsePropertyDefinition (/home/ubuntu/crisispath/node_modules/.pnpm/@babel+parser@7.28.4/node_modules/@babel/parser/src/parser/expression.ts:2188:10)
[2026-04-27T05:16:11.869Z] at parseObjectLike (/home/ubuntu/crisispath/node_modules/.pnpm/@babel+parser@7.28.4/node_modules/@babel/parser/src/parser/expression.ts:2085:21)
[2026-04-27T05:16:11.869Z] at parseExprAtom (/home/ubuntu/crisispath/node_modules/.pnpm/@babel+parser@7.28.4/node_modules/@babel/parser/src/parser/expression.ts:1174:21)
[2026-04-27T05:16:11.870Z] at parseExprAtom (/home/ubuntu/crisispath/node_modules/.pnpm/@babel+parser@7.28.4/node_modules/@babel/parser/src/plugins/jsx/index.ts:583:22)
[2026-04-27T05:16:11.870Z] at parseExprSubscripts (/home/ubuntu/crisispath/node_modules/.pnpm/@babel+parser@7.28.4/node_modules/@babel/parser/src/parser/expression.ts:734:23)
[2026-04-27T05:16:11.871Z] at parseUpdate (/home/ubuntu/crisispath/node_modules/.pnpm/@babel+parser@7.28.4/node_modules/@babel/parser/src/parser/expression.ts:713:21)
[2026-04-27T05:16:11.871Z] at parseMaybeUnary (/home/ubuntu/crisispath/node_modules/.pnpm/@babel+parser@7.28.4/node_modules/@babel/parser/src/parser/expression.ts:675:23)
[2026-04-27T05:16:11.871Z] at parseMaybeUnary (/home/ubuntu/crisispath/node_modules/.pnpm/@babel+parser@7.28.4/node_modules/@babel/parser/src/plugins/typescript/index.ts:3855:20)
[2026-04-27T05:16:11.872Z] at parseMaybeUnaryOrPrivate (/home/ubuntu/crisispath/node_modules/.pnpm/@babel+parser@7.28.4/node_modules/@babel/parser/src/parser/expression.ts:409:14)
[2026-04-27T05:16:11.872Z] at parseExprOps (/home/ubuntu/crisispath/node_modules/.pnpm/@babel+parser@7.28.4/node_modules/@babel/parser/src/parser/expression.ts:421:23)
[2026-04-27T05:16:11.872Z] at parseMaybeConditional (/home/ubuntu/crisispath/node_modules/.pnpm/@babel+parser@7.28.4/node_modules/@babel/parser/src/parser/expression.ts:376:23)
[2026-04-27T05:16:11.873Z] at parseMaybeAssign (/home/ubuntu/crisispath/node_modules/.pnpm/@babel+parser@7.28.4/node_modules/@babel/parser/src/parser/expression.ts:301:21)
[2026-04-27T05:16:11.873Z] at parseMaybeAssign (/home/ubuntu/crisispath/node_modules/.pnpm/@babel+parser@7.28.4/node_modules/@babel/parser/src/plugins/typescript/index.ts:3727:22)
[2026-04-27T05:16:11.874Z] at callback (/home/ubuntu/crisispath/node_modules/.pnpm/@babel+parser@7.28.4/node_modules/@babel/parser/src/parser/expression.ts:257:12)
[2026-04-27T05:16:11.874Z] at allowInAnd (/home/ubuntu/crisispath/node_modules/.pnpm/@babel+parser@7.28.4/node_modules/@babel/parser/src/parser/expression.ts:3187:16)
[2026-04-27T05:16:11.875Z] at parseMaybeAssignAllowIn (/home/ubuntu/crisispath/node_modules/.pnpm/@babel+parser@7.28.4/node_modules/@babel/parser/src/parser/expression.ts:256:17)
[2026-04-27T05:16:11.875Z] at parseVar (/home/ubuntu/crisispath/node_modules/.pnpm/@babel+parser@7.28.4/node_modules/@babel/parser/src/parser/statement.ts:1582:18)
[2026-04-27T05:16:11.876Z] at parseVarStatement (/home/ubuntu/crisispath/node_modules/.pnpm/@babel+parser@7.28.4/node_modules/@babel/parser/src/parser/statement.ts:1246:10)
[2026-04-27T05:16:11.877Z] at parseVarStatement (/home/ubuntu/crisispath/node_modules/.pnpm/@babel+parser@7.28.4/node_modules/@babel/parser/src/plugins/typescript/index.ts:3126:33)
[2026-04-27T05:16:11.877Z] at parseStatementContent (/home/ubuntu/crisispath/node_modules/.pnpm/@babel+parser@7.28.4/node_modules/@babel/parser/src/parser/statement.ts:607:21)
[2026-04-27T05:16:11.878Z] at parseStatementContent (/home/ubuntu/crisispath/node_modules/.pnpm/@babel+parser@7.28.4/node_modules/@babel/parser/src/plugins/typescript/index.ts:3185:20)
[2026-04-27T05:16:11.878Z] at parseStatementLike (/home/ubuntu/crisispath/node_modules/.pnpm/@babel+parser@7.28.4/node_modules/@babel/parser/src/parser/statement.ts:477:17)
[2026-04-27T05:16:11.879Z] at parseModuleItem (/home/ubuntu/crisispath/node_modules/.pnpm/@babel+parser@7.28.4/node_modules/@babel/parser/src/parser/statement.ts:414:17)
[2026-04-27T05:16:11.879Z] at parseBlockOrModuleBlockBody (/home/ubuntu/crisispath/node_modules/.pnpm/@babel+parser@7.28.4/node_modules/@babel/parser/src/parser/statement.ts:1438:16)
[2026-04-27T05:16:11.880Z] at parseBlockBody (/home/ubuntu/crisispath/node_modules/.pnpm/@babel+parser@7.28.4/node_modules/@babel/parser/src/parser/statement.ts:1412:10)
[2026-04-27T05:16:11.881Z] at parseProgram (/home/ubuntu/crisispath/node_modules/.pnpm/@babel+parser@7.28.4/node_modules/@babel/parser/src/parser/statement.ts:229:10)
[2026-04-27T05:16:11.881Z] at parseTopLevel (/home/ubuntu/crisispath/node_modules/.pnpm/@babel+parser@7.28.4/node_modules/@babel/parser/src/parser/statement.ts:203:25)
[2026-04-27T05:16:11.882Z] at parse (/home/ubuntu/crisispath/node_modules/.pnpm/@babel+parser@7.28.4/node_modules/@babel/parser/src/parser/index.ts:93:10)
[2026-04-27T05:16:11.882Z] at parse (/home/ubuntu/crisispath/node_modules/.pnpm/@babel+parser@7.28.4/node_modules/@babel/parser/src/plugins/typescript/index.ts:4309:20)
[2026-04-27T05:16:11.883Z] at parse (/home/ubuntu/crisispath/node_modules/.pnpm/@babel+parser@7.28.4/node_modules/@babel/parser/src/index.ts:92:38)
[2026-04-27T05:16:11.883Z] at parser (/home/ubuntu/crisispath/node_modules/.pnpm/@babel+core@7.28.4/node_modules/@babel/core/src/parser/index.ts:28:19)
[2026-04-27T05:16:11.883Z] at parser.next (<anonymous>)
[2026-04-27T05:16:11.884Z] at normalizeFile (/home/ubuntu/crisispath/node_modules/.pnpm/@babel+core@7.28.4/node_modules/@babel/core/src/transformation/normalize-file.ts:49:24)
[2026-04-27T05:16:11.884Z] at normalizeFile.next (<anonymous>)
[2026-04-27T05:16:11.885Z] at run (/home/ubuntu/crisispath/node_modules/.pnpm/@babel+core@7.28.4/node_modules/@babel/core/src/transformation/index.ts:40:36)
[2026-04-27T05:16:11.885Z] at run.next (<anonymous>)
[2026-04-27T05:16:11.886Z] at transform (/home/ubuntu/crisispath/node_modules/.pnpm/@babel+core@7.28.4/node_modules/@babel/core/src/transform.ts:29:20)
[2026-04-27T05:16:11.886Z] at transform.next (<anonymous>)
[2026-04-27T05:16:11.887Z] at step (/home/ubuntu/crisispath/node_modules/.pnpm/gensync@1.0.0-beta.2/node_modules/gensync/index.js:261:32)
[2026-04-27T05:16:11.887Z] at /home/ubuntu/crisispath/node_modules/.pnpm/gensync@1.0.0-beta.2/node_modules/gensync/index.js:273:13
[2026-04-27T05:16:11.888Z] at async.call.result.err.err (/home/ubuntu/crisispath/node_modules/.pnpm/gensync@1.0.0-beta.2/node_modules/gensync/index.js:223:11)
[2026-04-27T05:16:11.888Z] at /home/ubuntu/crisispath/node_modules/.pnpm/gensync@1.0.0-beta.2/node_modules/gensync/index.js:189:28
[2026-04-27T05:16:11.888Z] at <anonymous> (/home/ubuntu/crisispath/node_modules/.pnpm/@babel+core@7.28.4/node_modules/@babel/core/src/gensync-utils/async.ts:90:7)
[2026-04-27T05:16:11.889Z] at /home/ubuntu/crisispath/node_modules/.pnpm/gensync@1.0.0-beta.2/node_modules/gensync/index.js:113:33
[2026-04-27T05:16:11.889Z] at step (/home/ubuntu/crisispath/node_modules/.pnpm/gensync@1.0.0-beta.2/node_modules/gensync/index.js:287:14)
[2026-04-27T05:16:11.889Z] at /home/ubuntu/crisispath/node_modules/.pnpm/gensync@1.0.0-beta.2/node_modules/gensync/index.js:273:13
[2026-04-27T05:16:11.997Z] 1:16:11 AM [vite] (client) Pre-transform error: /home/ubuntu/crisispath/client/src/pages/Home.tsx: Unexpected token (64:52)
[2026-04-27T05:16:11.998Z] 
[2026-04-27T05:16:11.998Z] 62 |
[2026-04-27T05:16:11.999Z] 63 | // ─── Disaster type to guide route mapping ────────────────────────────────
[2026-04-27T05:16:12.000Z] > 64 | const DISASTER_GUIDE_MAP: Record<string, string> = {{
[2026-04-27T05:16:12.000Z] |                                                     ^
[2026-04-27T05:16:12.001Z] 65 |   wildfire: "wildfire",
[2026-04-27T05:16:12.001Z] 66 |   earthquake: "earthquake",
[2026-04-27T05:16:12.002Z] 67 |   tornado: "tornado",
[2026-04-27T05:16:12.002Z] Plugin: vite:react-babel
[2026-04-27T05:16:12.003Z] File: /home/ubuntu/crisispath/client/src/pages/Home.tsx:64:52
[2026-04-27T05:16:12.003Z] 62 |
[2026-04-27T05:16:12.003Z] 63 |  // ─── Disaster type to guide route mapping ────────────────────────────────
[2026-04-27T05:16:12.004Z] 64 |  const DISASTER_GUIDE_MAP: Record<string, string> = {{
[2026-04-27T05:16:12.004Z] |                                                      ^
[2026-04-27T05:16:12.005Z] 65 |    wildfire: "wildfire",
[2026-04-27T05:16:12.005Z] 66 |    earthquake: "earthquake",
[2026-04-27T05:16:17.017Z] 1:16:17 AM [vite] Internal server error: /home/ubuntu/crisispath/client/src/pages/Home.tsx: Unexpected token (64:52)
[2026-04-27T05:16:17.019Z] 
[2026-04-27T05:16:17.019Z] 62 |
[2026-04-27T05:16:17.020Z] 63 | // ─── Disaster type to guide route mapping ────────────────────────────────
[2026-04-27T05:16:17.020Z] > 64 | const DISASTER_GUIDE_MAP: Record<string, string> = {{
[2026-04-27T05:16:17.021Z] |                                                     ^
[2026-04-27T05:16:17.021Z] 65 |   wildfire: "wildfire",
[2026-04-27T05:16:17.022Z] 66 |   earthquake: "earthquake",
[2026-04-27T05:16:17.022Z] 67 |   tornado: "tornado",
[2026-04-27T05:16:17.022Z] Plugin: vite:react-babel
[2026-04-27T05:16:17.023Z] File: /home/ubuntu/crisispath/client/src/pages/Home.tsx:64:52
[2026-04-27T05:16:17.023Z] 62 |
[2026-04-27T05:16:17.024Z] 63 |  // ─── Disaster type to guide route mapping ────────────────────────────────
[2026-04-27T05:16:17.024Z] 64 |  const DISASTER_GUIDE_MAP: Record<string, string> = {{
[2026-04-27T05:16:17.024Z] |                                                      ^
[2026-04-27T05:16:17.025Z] 65 |    wildfire: "wildfire",
[2026-04-27T05:16:17.025Z] 66 |    earthquake: "earthquake",
[2026-04-27T05:16:17.025Z] at toParseError (/home/ubuntu/crisispath/node_modules/.pnpm/@babel+parser@7.28.4/node_modules/@babel/parser/src/parse-error.ts:95:45)
[2026-04-27T05:16:17.026Z] at raise (/home/ubuntu/crisispath/node_modules/.pnpm/@babel+parser@7.28.4/node_modules/@babel/parser/src/tokenizer/index.ts:1503:19)
[2026-04-27T05:16:17.026Z] at unexpected (/home/ubuntu/crisispath/node_modules/.pnpm/@babel+parser@7.28.4/node_modules/@babel/parser/src/tokenizer/index.ts:1543:16)
[2026-04-27T05:16:17.027Z] at parsePropertyName (/home/ubuntu/crisispath/node_modules/.pnpm/@babel+parser@7.28.4/node_modules/@babel/parser/src/parser/expression.ts:2441:18)
[2026-04-27T05:16:17.027Z] at parsePropertyDefinition (/home/ubuntu/crisispath/node_modules/.pnpm/@babel+parser@7.28.4/node_modules/@babel/parser/src/parser/expression.ts:2188:10)
[2026-04-27T05:16:17.027Z] at parseObjectLike (/home/ubuntu/crisispath/node_modules/.pnpm/@babel+parser@7.28.4/node_modules/@babel/parser/src/parser/expression.ts:2085:21)
[2026-04-27T05:16:17.028Z] at parseExprAtom (/home/ubuntu/crisispath/node_modules/.pnpm/@babel+parser@7.28.4/node_modules/@babel/parser/src/parser/expression.ts:1174:21)
[2026-04-27T05:16:17.028Z] at parseExprAtom (/home/ubuntu/crisispath/node_modules/.pnpm/@babel+parser@7.28.4/node_modules/@babel/parser/src/plugins/jsx/index.ts:583:22)
[2026-04-27T05:16:17.028Z] at parseExprSubscripts (/home/ubuntu/crisispath/node_modules/.pnpm/@babel+parser@7.28.4/node_modules/@babel/parser/src/parser/expression.ts:734:23)
[2026-04-27T05:16:17.029Z] at parseUpdate (/home/ubuntu/crisispath/node_modules/.pnpm/@babel+parser@7.28.4/node_modules/@babel/parser/src/parser/expression.ts:713:21)
[2026-04-27T05:16:17.029Z] at parseMaybeUnary (/home/ubuntu/crisispath/node_modules/.pnpm/@babel+parser@7.28.4/node_modules/@babel/parser/src/parser/expression.ts:675:23)
[2026-04-27T05:16:17.030Z] at parseMaybeUnary (/home/ubuntu/crisispath/node_modules/.pnpm/@babel+parser@7.28.4/node_modules/@babel/parser/src/plugins/typescript/index.ts:3855:20)
[2026-04-27T05:16:17.030Z] at parseMaybeUnaryOrPrivate (/home/ubuntu/crisispath/node_modules/.pnpm/@babel+parser@7.28.4/node_modules/@babel/parser/src/parser/expression.ts:409:14)
[2026-04-27T05:16:17.030Z] at parseExprOps (/home/ubuntu/crisispath/node_modules/.pnpm/@babel+parser@7.28.4/node_modules/@babel/parser/src/parser/expression.ts:421:23)
[2026-04-27T05:16:17.031Z] at parseMaybeConditional (/home/ubuntu/crisispath/node_modules/.pnpm/@babel+parser@7.28.4/node_modules/@babel/parser/src/parser/expression.ts:376:23)
[2026-04-27T05:16:17.031Z] at parseMaybeAssign (/home/ubuntu/crisispath/node_modules/.pnpm/@babel+parser@7.28.4/node_modules/@babel/parser/src/parser/expression.ts:301:21)
[2026-04-27T05:16:17.031Z] at parseMaybeAssign (/home/ubuntu/crisispath/node_modules/.pnpm/@babel+parser@7.28.4/node_modules/@babel/parser/src/plugins/typescript/index.ts:3727:22)
[2026-04-27T05:16:17.032Z] at callback (/home/ubuntu/crisispath/node_modules/.pnpm/@babel+parser@7.28.4/node_modules/@babel/parser/src/parser/expression.ts:257:12)
[2026-04-27T05:16:17.032Z] at allowInAnd (/home/ubuntu/crisispath/node_modules/.pnpm/@babel+parser@7.28.4/node_modules/@babel/parser/src/parser/expression.ts:3187:16)
[2026-04-27T05:16:17.032Z] at parseMaybeAssignAllowIn (/home/ubuntu/crisispath/node_modules/.pnpm/@babel+parser@7.28.4/node_modules/@babel/parser/src/parser/expression.ts:256:17)
[2026-04-27T05:16:17.033Z] at parseVar (/home/ubuntu/crisispath/node_modules/.pnpm/@babel+parser@7.28.4/node_modules/@babel/parser/src/parser/statement.ts:1582:18)
[2026-04-27T05:16:17.033Z] at parseVarStatement (/home/ubuntu/crisispath/node_modules/.pnpm/@babel+parser@7.28.4/node_modules/@babel/parser/src/parser/statement.ts:1246:10)
[2026-04-27T05:16:17.033Z] at parseVarStatement (/home/ubuntu/crisispath/node_modules/.pnpm/@babel+parser@7.28.4/node_modules/@babel/parser/src/plugins/typescript/index.ts:3126:33)
[2026-04-27T05:16:17.034Z] at parseStatementContent (/home/ubuntu/crisispath/node_modules/.pnpm/@babel+parser@7.28.4/node_modules/@babel/parser/src/parser/statement.ts:607:21)
[2026-04-27T05:16:17.034Z] at parseStatementContent (/home/ubuntu/crisispath/node_modules/.pnpm/@babel+parser@7.28.4/node_modules/@babel/parser/src/plugins/typescript/index.ts:3185:20)
[2026-04-27T05:16:17.034Z] at parseStatementLike (/home/ubuntu/crisispath/node_modules/.pnpm/@babel+parser@7.28.4/node_modules/@babel/parser/src/parser/statement.ts:477:17)
[2026-04-27T05:16:17.035Z] at parseModuleItem (/home/ubuntu/crisispath/node_modules/.pnpm/@babel+parser@7.28.4/node_modules/@babel/parser/src/parser/statement.ts:414:17)
[2026-04-27T05:16:17.036Z] at parseBlockOrModuleBlockBody (/home/ubuntu/crisispath/node_modules/.pnpm/@babel+parser@7.28.4/node_modules/@babel/parser/src/parser/statement.ts:1438:16)
[2026-04-27T05:16:17.036Z] at parseBlockBody (/home/ubuntu/crisispath/node_modules/.pnpm/@babel+parser@7.28.4/node_modules/@babel/parser/src/parser/statement.ts:1412:10)
[2026-04-27T05:16:17.037Z] at parseProgram (/home/ubuntu/crisispath/node_modules/.pnpm/@babel+parser@7.28.4/node_modules/@babel/parser/src/parser/statement.ts:229:10)
[2026-04-27T05:16:17.037Z] at parseTopLevel (/home/ubuntu/crisispath/node_modules/.pnpm/@babel+parser@7.28.4/node_modules/@babel/parser/src/parser/statement.ts:203:25)
[2026-04-27T05:16:17.038Z] at parse (/home/ubuntu/crisispath/node_modules/.pnpm/@babel+parser@7.28.4/node_modules/@babel/parser/src/parser/index.ts:93:10)
[2026-04-27T05:16:17.038Z] at parse (/home/ubuntu/crisispath/node_modules/.pnpm/@babel+parser@7.28.4/node_modules/@babel/parser/src/plugins/typescript/index.ts:4309:20)
[2026-04-27T05:16:17.038Z] at parse (/home/ubuntu/crisispath/node_modules/.pnpm/@babel+parser@7.28.4/node_modules/@babel/parser/src/index.ts:92:38)
[2026-04-27T05:16:17.039Z] at parser (/home/ubuntu/crisispath/node_modules/.pnpm/@babel+core@7.28.4/node_modules/@babel/core/src/parser/index.ts:28:19)
[2026-04-27T05:16:17.039Z] at parser.next (<anonymous>)
[2026-04-27T05:16:17.040Z] at normalizeFile (/home/ubuntu/crisispath/node_modules/.pnpm/@babel+core@7.28.4/node_modules/@babel/core/src/transformation/normalize-file.ts:49:24)
[2026-04-27T05:16:17.040Z] at normalizeFile.next (<anonymous>)
[2026-04-27T05:16:17.040Z] at run (/home/ubuntu/crisispath/node_modules/.pnpm/@babel+core@7.28.4/node_modules/@babel/core/src/transformation/index.ts:40:36)
[2026-04-27T05:16:17.041Z] at run.next (<anonymous>)
[2026-04-27T05:16:17.041Z] at transform (/home/ubuntu/crisispath/node_modules/.pnpm/@babel+core@7.28.4/node_modules/@babel/core/src/transform.ts:29:20)
[2026-04-27T05:16:17.041Z] at transform.next (<anonymous>)
[2026-04-27T05:16:17.042Z] at step (/home/ubuntu/crisispath/node_modules/.pnpm/gensync@1.0.0-beta.2/node_modules/gensync/index.js:261:32)
[2026-04-27T05:16:17.042Z] at /home/ubuntu/crisispath/node_modules/.pnpm/gensync@1.0.0-beta.2/node_modules/gensync/index.js:273:13
[2026-04-27T05:16:17.042Z] at async.call.result.err.err (/home/ubuntu/crisispath/node_modules/.pnpm/gensync@1.0.0-beta.2/node_modules/gensync/index.js:223:11)
[2026-04-27T05:16:17.043Z] at /home/ubuntu/crisispath/node_modules/.pnpm/gensync@1.0.0-beta.2/node_modules/gensync/index.js:189:28
[2026-04-27T05:16:17.043Z] at <anonymous> (/home/ubuntu/crisispath/node_modules/.pnpm/@babel+core@7.28.4/node_modules/@babel/core/src/gensync-utils/async.ts:90:7)
[2026-04-27T05:16:17.044Z] at /home/ubuntu/crisispath/node_modules/.pnpm/gensync@1.0.0-beta.2/node_modules/gensync/index.js:113:33
[2026-04-27T05:16:17.044Z] at step (/home/ubuntu/crisispath/node_modules/.pnpm/gensync@1.0.0-beta.2/node_modules/gensync/index.js:287:14)
[2026-04-27T05:16:17.044Z] at /home/ubuntu/crisispath/node_modules/.pnpm/gensync@1.0.0-beta.2/node_modules/gensync/index.js:273:13
[2026-04-27T05:16:19.496Z] 1:16:19 AM [vite] Internal server error: /home/ubuntu/crisispath/client/src/pages/Home.tsx: Unexpected token (64:52)
[2026-04-27T05:16:19.497Z] 
[2026-04-27T05:16:19.498Z] 62 |
[2026-04-27T05:16:19.498Z] 63 | // ─── Disaster type to guide route mapping ────────────────────────────────
[2026-04-27T05:16:19.499Z] > 64 | const DISASTER_GUIDE_MAP: Record<string, string> = {{
[2026-04-27T05:16:19.499Z] |                                                     ^
[2026-04-27T05:16:19.499Z] 65 |   wildfire: "wildfire",
[2026-04-27T05:16:19.500Z] 66 |   earthquake: "earthquake",
[2026-04-27T05:16:19.500Z] 67 |   tornado: "tornado",
[2026-04-27T05:16:19.500Z] Plugin: vite:react-babel
[2026-04-27T05:16:19.501Z] File: /home/ubuntu/crisispath/client/src/pages/Home.tsx:64:52
[2026-04-27T05:16:19.501Z] 62 |
[2026-04-27T05:16:19.501Z] 63 |  // ─── Disaster type to guide route mapping ────────────────────────────────
[2026-04-27T05:16:19.502Z] 64 |  const DISASTER_GUIDE_MAP: Record<string, string> = {{
[2026-04-27T05:16:19.503Z] |                                                      ^
[2026-04-27T05:16:19.503Z] 65 |    wildfire: "wildfire",
[2026-04-27T05:16:19.503Z] 66 |    earthquake: "earthquake",
[2026-04-27T05:16:19.504Z] at toParseError (/home/ubuntu/crisispath/node_modules/.pnpm/@babel+parser@7.28.4/node_modules/@babel/parser/src/parse-error.ts:95:45)
[2026-04-27T05:16:19.504Z] at raise (/home/ubuntu/crisispath/node_modules/.pnpm/@babel+parser@7.28.4/node_modules/@babel/parser/src/tokenizer/index.ts:1503:19)
[2026-04-27T05:16:19.504Z] at unexpected (/home/ubuntu/crisispath/node_modules/.pnpm/@babel+parser@7.28.4/node_modules/@babel/parser/src/tokenizer/index.ts:1543:16)
[2026-04-27T05:16:19.505Z] at parsePropertyName (/home/ubuntu/crisispath/node_modules/.pnpm/@babel+parser@7.28.4/node_modules/@babel/parser/src/parser/expression.ts:2441:18)
[2026-04-27T05:16:19.505Z] at parsePropertyDefinition (/home/ubuntu/crisispath/node_modules/.pnpm/@babel+parser@7.28.4/node_modules/@babel/parser/src/parser/expression.ts:2188:10)
[2026-04-27T05:16:19.506Z] at parseObjectLike (/home/ubuntu/crisispath/node_modules/.pnpm/@babel+parser@7.28.4/node_modules/@babel/parser/src/parser/expression.ts:2085:21)
[2026-04-27T05:16:19.506Z] at parseExprAtom (/home/ubuntu/crisispath/node_modules/.pnpm/@babel+parser@7.28.4/node_modules/@babel/parser/src/parser/expression.ts:1174:21)
[2026-04-27T05:16:19.506Z] at parseExprAtom (/home/ubuntu/crisispath/node_modules/.pnpm/@babel+parser@7.28.4/node_modules/@babel/parser/src/plugins/jsx/index.ts:583:22)
[2026-04-27T05:16:19.507Z] at parseExprSubscripts (/home/ubuntu/crisispath/node_modules/.pnpm/@babel+parser@7.28.4/node_modules/@babel/parser/src/parser/expression.ts:734:23)
[2026-04-27T05:16:19.507Z] at parseUpdate (/home/ubuntu/crisispath/node_modules/.pnpm/@babel+parser@7.28.4/node_modules/@babel/parser/src/parser/expression.ts:713:21)
[2026-04-27T05:16:19.507Z] at parseMaybeUnary (/home/ubuntu/crisispath/node_modules/.pnpm/@babel+parser@7.28.4/node_modules/@babel/parser/src/parser/expression.ts:675:23)
[2026-04-27T05:16:19.508Z] at parseMaybeUnary (/home/ubuntu/crisispath/node_modules/.pnpm/@babel+parser@7.28.4/node_modules/@babel/parser/src/plugins/typescript/index.ts:3855:20)
[2026-04-27T05:16:19.508Z] at parseMaybeUnaryOrPrivate (/home/ubuntu/crisispath/node_modules/.pnpm/@babel+parser@7.28.4/node_modules/@babel/parser/src/parser/expression.ts:409:14)
[2026-04-27T05:16:19.509Z] at parseExprOps (/home/ubuntu/crisispath/node_modules/.pnpm/@babel+parser@7.28.4/node_modules/@babel/parser/src/parser/expression.ts:421:23)
[2026-04-27T05:16:19.509Z] at parseMaybeConditional (/home/ubuntu/crisispath/node_modules/.pnpm/@babel+parser@7.28.4/node_modules/@babel/parser/src/parser/expression.ts:376:23)
[2026-04-27T05:16:19.510Z] at parseMaybeAssign (/home/ubuntu/crisispath/node_modules/.pnpm/@babel+parser@7.28.4/node_modules/@babel/parser/src/parser/expression.ts:301:21)
[2026-04-27T05:16:19.510Z] at parseMaybeAssign (/home/ubuntu/crisispath/node_modules/.pnpm/@babel+parser@7.28.4/node_modules/@babel/parser/src/plugins/typescript/index.ts:3727:22)
[2026-04-27T05:16:19.511Z] at callback (/home/ubuntu/crisispath/node_modules/.pnpm/@babel+parser@7.28.4/node_modules/@babel/parser/src/parser/expression.ts:257:12)
[2026-04-27T05:16:19.511Z] at allowInAnd (/home/ubuntu/crisispath/node_modules/.pnpm/@babel+parser@7.28.4/node_modules/@babel/parser/src/parser/expression.ts:3187:16)
[2026-04-27T05:16:19.512Z] at parseMaybeAssignAllowIn (/home/ubuntu/crisispath/node_modules/.pnpm/@babel+parser@7.28.4/node_modules/@babel/parser/src/parser/expression.ts:256:17)
[2026-04-27T05:16:19.512Z] at parseVar (/home/ubuntu/crisispath/node_modules/.pnpm/@babel+parser@7.28.4/node_modules/@babel/parser/src/parser/statement.ts:1582:18)
[2026-04-27T05:16:19.513Z] at parseVarStatement (/home/ubuntu/crisispath/node_modules/.pnpm/@babel+parser@7.28.4/node_modules/@babel/parser/src/parser/statement.ts:1246:10)
[2026-04-27T05:16:19.513Z] at parseVarStatement (/home/ubuntu/crisispath/node_modules/.pnpm/@babel+parser@7.28.4/node_modules/@babel/parser/src/plugins/typescript/index.ts:3126:33)
[2026-04-27T05:16:19.514Z] at parseStatementContent (/home/ubuntu/crisispath/node_modules/.pnpm/@babel+parser@7.28.4/node_modules/@babel/parser/src/parser/statement.ts:607:21)
[2026-04-27T05:16:19.515Z] at parseStatementContent (/home/ubuntu/crisispath/node_modules/.pnpm/@babel+parser@7.28.4/node_modules/@babel/parser/src/plugins/typescript/index.ts:3185:20)
[2026-04-27T05:16:19.515Z] at parseStatementLike (/home/ubuntu/crisispath/node_modules/.pnpm/@babel+parser@7.28.4/node_modules/@babel/parser/src/parser/statement.ts:477:17)
[2026-04-27T05:16:19.515Z] at parseModuleItem (/home/ubuntu/crisispath/node_modules/.pnpm/@babel+parser@7.28.4/node_modules/@babel/parser/src/parser/statement.ts:414:17)
[2026-04-27T05:16:19.516Z] at parseBlockOrModuleBlockBody (/home/ubuntu/crisispath/node_modules/.pnpm/@babel+parser@7.28.4/node_modules/@babel/parser/src/parser/statement.ts:1438:16)
[2026-04-27T05:16:19.516Z] at parseBlockBody (/home/ubuntu/crisispath/node_modules/.pnpm/@babel+parser@7.28.4/node_modules/@babel/parser/src/parser/statement.ts:1412:10)
[2026-04-27T05:16:19.516Z] at parseProgram (/home/ubuntu/crisispath/node_modules/.pnpm/@babel+parser@7.28.4/node_modules/@babel/parser/src/parser/statement.ts:229:10)
[2026-04-27T05:16:19.517Z] at parseTopLevel (/home/ubuntu/crisispath/node_modules/.pnpm/@babel+parser@7.28.4/node_modules/@babel/parser/src/parser/statement.ts:203:25)
[2026-04-27T05:16:19.517Z] at parse (/home/ubuntu/crisispath/node_modules/.pnpm/@babel+parser@7.28.4/node_modules/@babel/parser/src/parser/index.ts:93:10)
[2026-04-27T05:16:19.517Z] at parse (/home/ubuntu/crisispath/node_modules/.pnpm/@babel+parser@7.28.4/node_modules/@babel/parser/src/plugins/typescript/index.ts:4309:20)
[2026-04-27T05:16:19.518Z] at parse (/home/ubuntu/crisispath/node_modules/.pnpm/@babel+parser@7.28.4/node_modules/@babel/parser/src/index.ts:92:38)
[2026-04-27T05:16:19.518Z] at parser (/home/ubuntu/crisispath/node_modules/.pnpm/@babel+core@7.28.4/node_modules/@babel/core/src/parser/index.ts:28:19)
[2026-04-27T05:16:19.518Z] at parser.next (<anonymous>)
[2026-04-27T05:16:19.519Z] at normalizeFile (/home/ubuntu/crisispath/node_modules/.pnpm/@babel+core@7.28.4/node_modules/@babel/core/src/transformation/normalize-file.ts:49:24)
[2026-04-27T05:16:19.519Z] at normalizeFile.next (<anonymous>)
[2026-04-27T05:16:19.519Z] at run (/home/ubuntu/crisispath/node_modules/.pnpm/@babel+core@7.28.4/node_modules/@babel/core/src/transformation/index.ts:40:36)
[2026-04-27T05:16:19.520Z] at run.next (<anonymous>)
[2026-04-27T05:16:19.520Z] at transform (/home/ubuntu/crisispath/node_modules/.pnpm/@babel+core@7.28.4/node_modules/@babel/core/src/transform.ts:29:20)
[2026-04-27T05:16:19.520Z] at transform.next (<anonymous>)
[2026-04-27T05:16:19.521Z] at step (/home/ubuntu/crisispath/node_modules/.pnpm/gensync@1.0.0-beta.2/node_modules/gensync/index.js:261:32)
[2026-04-27T05:16:19.521Z] at /home/ubuntu/crisispath/node_modules/.pnpm/gensync@1.0.0-beta.2/node_modules/gensync/index.js:273:13
[2026-04-27T05:16:19.521Z] at async.call.result.err.err (/home/ubuntu/crisispath/node_modules/.pnpm/gensync@1.0.0-beta.2/node_modules/gensync/index.js:223:11)
[2026-04-27T05:16:19.522Z] at /home/ubuntu/crisispath/node_modules/.pnpm/gensync@1.0.0-beta.2/node_modules/gensync/index.js:189:28
[2026-04-27T05:16:19.522Z] at <anonymous> (/home/ubuntu/crisispath/node_modules/.pnpm/@babel+core@7.28.4/node_modules/@babel/core/src/gensync-utils/async.ts:90:7)
[2026-04-27T05:16:19.522Z] at /home/ubuntu/crisispath/node_modules/.pnpm/gensync@1.0.0-beta.2/node_modules/gensync/index.js:113:33
[2026-04-27T05:16:19.523Z] at step (/home/ubuntu/crisispath/node_modules/.pnpm/gensync@1.0.0-beta.2/node_modules/gensync/index.js:287:14)
[2026-04-27T05:16:19.523Z] at /home/ubuntu/crisispath/node_modules/.pnpm/gensync@1.0.0-beta.2/node_modules/gensync/index.js:273:13
[2026-04-27T05:16:29.982Z] 1:16:29 AM [vite] (client) hmr update /src/pages/Home.tsx, /src/index.css
[2026-04-27T05:16:44.124Z] 1:16:44 AM [vite] (client) hmr update /src/pages/Home.tsx, /src/index.css
[2026-04-27T05:17:31.362Z] 1:17:31 AM [vite] (client) hmr update /src/index.css
[2026-04-27T07:11:40.726Z] 3:11:40 AM [vite] (client) hmr update /src/index.css
[2026-04-27T07:11:40.727Z] 3:11:40 AM [vite] (client) hmr update /src/pages/Home.tsx, /src/index.css
[2026-04-27T07:11:44.488Z] 3:11:44 AM [vite] (client) hmr update /src/index.css
[2026-04-27T07:19:27.274Z] 3:19:27 AM [vite] (client) hmr update /src/pages/EmailAuth.tsx, /src/index.css
[2026-04-27T07:19:39.292Z] 3:19:39 AM [vite] (client) hmr update /src/pages/JoinFamily.tsx, /src/index.css
[2026-04-27T07:22:00.075Z] 3:22:00 AM [vite] (client) hmr update /src/index.css
[2026-04-27T12:44:16.054Z] Dev server process group stopped
[2026-04-27T12:44:19.067Z] Starting dev server with command: NODE_ENV=development tsx watch server/_core/index.ts
[2026-04-27T12:44:20.905Z] [OAuth] Initialized with baseURL: https://api.manus.im
[2026-04-27T12:44:21.168Z] Server running on http://localhost:3000/
[2026-04-27T12:44:31.918Z] Starting dev server with command: NODE_ENV=development tsx watch server/_core/index.ts
[2026-04-27T12:44:33.897Z] [OAuth] Initialized with baseURL: https://api.manus.im
[2026-04-27T12:44:34.182Z] Server running on http://localhost:3000/
[2026-04-27T12:49:19.419Z] [baseline-browser-mapping] The data in this module is over two months old.  To ensure accurate Baseline data, please update: `npm i baseline-browser-mapping@latest -D`
[2026-04-27T14:37:05.670Z] Dev server process group stopped
[2026-04-27T14:37:08.684Z] Starting dev server with command: NODE_ENV=development tsx watch server/_core/index.ts
[2026-04-27T14:37:10.498Z] [OAuth] Initialized with baseURL: https://api.manus.im
[2026-04-27T14:37:10.751Z] Server running on http://localhost:3000/
[2026-04-27T14:39:03.216Z] 10:39:03 AM [tsx] change in ./drizzle/schema.ts Restarting...
[2026-04-27T14:39:05.097Z] c[OAuth] Initialized with baseURL: https://api.manus.im
[2026-04-27T14:39:05.416Z] Server running on http://localhost:3000/
[2026-04-27T15:19:48.221Z] [baseline-browser-mapping] The data in this module is over two months old.  To ensure accurate Baseline data, please update: `npm i baseline-browser-mapping@latest -D`
[2026-04-27T22:46:18.169Z] 6:46:18 PM [tsx] change in ./drizzle/schema.ts Restarting...
[2026-04-27T22:46:20.317Z] c[OAuth] Initialized with baseURL: https://api.manus.im
[2026-04-27T22:46:20.592Z] Server running on http://localhost:3000/
[2026-04-27T22:49:23.463Z] [baseline-browser-mapping] The data in this module is over two months old.  To ensure accurate Baseline data, please update: `npm i baseline-browser-mapping@latest -D`
[2026-04-27T23:03:02.573Z] 7:03:02 PM [vite] (client) hmr update /src/pages/Home.tsx, /src/pages/ShelterDetail.tsx
[2026-04-27T23:03:02.650Z] 7:03:02 PM [tsx] change in ./shared/shelterData.ts Restarting...
[2026-04-27T23:03:04.385Z] c[OAuth] Initialized with baseURL: https://api.manus.im
[2026-04-27T23:03:04.661Z] Server running on http://localhost:3000/
[2026-04-27T23:03:47.142Z] [baseline-browser-mapping] The data in this module is over two months old.  To ensure accurate Baseline data, please update: `npm i baseline-browser-mapping@latest -D`
[2026-04-27T23:06:10.006Z] 7:06:10 PM [vite] (client) hmr update /src/index.css
[2026-04-27T23:08:58.457Z] 7:08:58 PM [vite] (client) hmr update /src/pages/Home.tsx, /src/index.css
[2026-04-27T23:09:18.594Z] 7:09:18 PM [vite] (client) hmr update /src/pages/Home.tsx, /src/index.css
[2026-04-27T23:09:28.569Z] 7:09:28 PM [vite] (client) hmr update /src/pages/Home.tsx, /src/index.css
[2026-04-27T23:09:37.538Z] 7:09:37 PM [vite] (client) hmr update /src/pages/Home.tsx, /src/index.css
[2026-04-27T23:09:54.305Z] 7:09:54 PM [vite] (client) hmr update /src/pages/Home.tsx, /src/index.css
[2026-04-27T23:10:06.482Z] 7:10:06 PM [vite] (client) hmr update /src/pages/Home.tsx, /src/index.css
[2026-04-27T23:10:16.431Z] 7:10:16 PM [vite] (client) hmr update /src/pages/Home.tsx, /src/index.css
[2026-04-27T23:10:23.431Z] 7:10:23 PM [vite] (client) hmr update /src/pages/Home.tsx, /src/index.css
[2026-04-27T23:11:49.987Z] 7:11:49 PM [vite] (client) hmr update /src/index.css
[2026-04-27T23:15:44.603Z] 7:15:44 PM [vite] (client) hmr update /src/App.tsx, /src/index.css
[2026-04-27T23:16:37.878Z] 7:16:37 PM [tsx] change in ./server/routers/feedback.ts Restarting...
[2026-04-27T23:16:39.585Z] c[OAuth] Initialized with baseURL: https://api.manus.im
[2026-04-27T23:16:39.816Z] Server running on http://localhost:3000/
[2026-04-27T23:19:03.059Z] 7:19:03 PM [tsx] change in ./server/routers.ts Restarting...
[2026-04-27T23:19:04.715Z] c[OAuth] Initialized with baseURL: https://api.manus.im
[2026-04-27T23:19:04.959Z] Server running on http://localhost:3000/
[2026-04-27T23:21:01.346Z] [baseline-browser-mapping] The data in this module is over two months old.  To ensure accurate Baseline data, please update: `npm i baseline-browser-mapping@latest -D`
[2026-04-27T23:21:03.926Z] 7:21:03 PM [vite] (client) ✨ new dependencies optimized: date-fns
[2026-04-27T23:21:03.927Z] 7:21:03 PM [vite] (client) ✨ optimized dependencies changed. reloading
[2026-04-27T23:21:10.942Z] 7:21:10 PM [vite] (client) hmr update /src/index.css
[2026-04-27T23:22:42.256Z] 7:22:42 PM [vite] (client) hmr update /src/pages/Home.tsx, /src/index.css
[2026-04-27T23:22:49.855Z] 7:22:49 PM [vite] (client) hmr update /src/pages/Home.tsx, /src/index.css
[2026-04-27T23:23:19.764Z] 7:23:19 PM [vite] (client) hmr update /src/App.tsx, /src/index.css
[2026-04-27T23:24:34.619Z] 7:24:34 PM [vite] (client) hmr update /src/index.css
[2026-04-27T23:30:46.724Z] 7:30:46 PM [vite] (client) hmr update /src/pages/DisasterGuide.tsx, /src/index.css
[2026-04-27T23:30:54.715Z] 7:30:54 PM [vite] (client) hmr update /src/pages/DisasterGuide.tsx, /src/index.css
[2026-04-27T23:31:25.921Z] 7:31:25 PM [vite] (client) hmr update /src/pages/Home.tsx, /src/index.css
[2026-04-27T23:31:50.902Z] 7:31:50 PM [vite] (client) hmr update /src/pages/Home.tsx, /src/index.css
[2026-04-27T23:32:24.582Z] 7:32:24 PM [vite] (client) hmr update /src/index.css
[2026-04-27T23:34:42.901Z] 7:34:42 PM [vite] (client) hmr update /src/pages/EmergencyContacts.tsx, /src/index.css
[2026-04-27T23:37:04.619Z] 7:37:04 PM [vite] (client) hmr update /src/pages/ShelterDetail.tsx, /src/pages/Home.tsx
[2026-04-27T23:37:04.719Z] 7:37:04 PM [tsx] change in ./shared/shelterData.ts Restarting...
[2026-04-27T23:37:05.223Z] c
[2026-04-27T23:37:05.224Z] node:internal/modules/run_main:122
[2026-04-27T23:37:05.225Z] triggerUncaughtException(
[2026-04-27T23:37:05.225Z] ^
[2026-04-27T23:37:05.225Z] Error [TransformError]: Transform failed with 2 errors:
[2026-04-27T23:37:05.226Z] /home/ubuntu/crisispath/shared/shelterData.ts:471:13: ERROR: Multiple exports with the same name "KR_SHELTERS"
[2026-04-27T23:37:05.226Z] /home/ubuntu/crisispath/shared/shelterData.ts:471:13: ERROR: The symbol "KR_SHELTERS" has already been declared
[2026-04-27T23:37:05.227Z] at failureErrorWithLog (/home/ubuntu/crisispath/node_modules/.pnpm/esbuild@0.25.10/node_modules/esbuild/lib/main.js:1467:15)
[2026-04-27T23:37:05.227Z] at /home/ubuntu/crisispath/node_modules/.pnpm/esbuild@0.25.10/node_modules/esbuild/lib/main.js:736:50
[2026-04-27T23:37:05.228Z] at responseCallbacks.<computed> (/home/ubuntu/crisispath/node_modules/.pnpm/esbuild@0.25.10/node_modules/esbuild/lib/main.js:603:9)
[2026-04-27T23:37:05.229Z] at handleIncomingPacket (/home/ubuntu/crisispath/node_modules/.pnpm/esbuild@0.25.10/node_modules/esbuild/lib/main.js:658:12)
[2026-04-27T23:37:05.229Z] at Socket.readFromStdout (/home/ubuntu/crisispath/node_modules/.pnpm/esbuild@0.25.10/node_modules/esbuild/lib/main.js:581:7)
[2026-04-27T23:37:05.230Z] at Socket.emit (node:events:524:28)
[2026-04-27T23:37:05.230Z] at addChunk (node:internal/streams/readable:561:12)
[2026-04-27T23:37:05.230Z] at readableAddChunkPushByteMode (node:internal/streams/readable:512:3)
[2026-04-27T23:37:05.231Z] at Readable.push (node:internal/streams/readable:392:5)
[2026-04-27T23:37:05.231Z] at Pipe.onStreamRead (node:internal/stream_base_commons:189:23)
[2026-04-27T23:37:05.231Z] 
[2026-04-27T23:37:05.232Z] Node.js v22.13.0
[2026-04-27T23:37:52.213Z] 7:37:52 PM [tsx] change in ./shared/shelterData.ts Rerunning...
[2026-04-27T23:37:54.045Z] c[OAuth] Initialized with baseURL: https://api.manus.im
[2026-04-27T23:37:54.297Z] Server running on http://localhost:3000/
[2026-04-27T23:37:57.079Z] [baseline-browser-mapping] The data in this module is over two months old.  To ensure accurate Baseline data, please update: `npm i baseline-browser-mapping@latest -D`
[2026-04-27T23:39:43.408Z] 7:39:43 PM [vite] (client) hmr update /src/index.css
[2026-04-28T01:13:02.790Z] 9:13:02 PM [vite] (client) hmr update /src/index.css
[2026-04-28T01:13:39.265Z] 9:13:39 PM [vite] (client) hmr update /src/App.tsx, /src/index.css
[2026-04-28T01:13:39.416Z] 9:13:39 PM [vite] Internal server error: /home/ubuntu/crisispath/client/src/App.tsx: Unexpected token (66:17)
[2026-04-28T01:13:39.417Z] 
[2026-04-28T01:13:39.417Z] 64 |     <>
[2026-04-28T01:13:39.417Z] 65 |       <Router />
[2026-04-28T01:13:39.418Z] > 66 |       <Bott      <FeedbackModal
[2026-04-28T01:13:39.418Z] |                  ^
[2026-04-28T01:13:39.419Z] 67 |         isOpen={showFeedback}
[2026-04-28T01:13:39.419Z] 68 |         onClose={() => setShowFeedback(false)}
[2026-04-28T01:13:39.419Z] 69 |       />
[2026-04-28T01:13:39.420Z] Plugin: vite:react-babel
[2026-04-28T01:13:39.420Z] File: /home/ubuntu/crisispath/client/src/App.tsx:66:17
[2026-04-28T01:13:39.420Z] 64 |      <>
[2026-04-28T01:13:39.421Z] 65 |        <Router />
[2026-04-28T01:13:39.421Z] 66 |        <Bott      <FeedbackModal
[2026-04-28T01:13:39.421Z] |                   ^
[2026-04-28T01:13:39.422Z] 67 |          isOpen={showFeedback}
[2026-04-28T01:13:39.422Z] 68 |          onClose={() => setShowFeedback(false)}
[2026-04-28T01:13:39.423Z] at toParseError (/home/ubuntu/crisispath/node_modules/.pnpm/@babel+parser@7.28.4/node_modules/@babel/parser/src/parse-error.ts:95:45)
[2026-04-28T01:13:39.423Z] at raise (/home/ubuntu/crisispath/node_modules/.pnpm/@babel+parser@7.28.4/node_modules/@babel/parser/src/tokenizer/index.ts:1503:19)
[2026-04-28T01:13:39.423Z] at unexpected (/home/ubuntu/crisispath/node_modules/.pnpm/@babel+parser@7.28.4/node_modules/@babel/parser/src/tokenizer/index.ts:1543:16)
[2026-04-28T01:13:39.424Z] at jsxParseIdentifier (/home/ubuntu/crisispath/node_modules/.pnpm/@babel+parser@7.28.4/node_modules/@babel/parser/src/plugins/jsx/index.ts:278:14)
[2026-04-28T01:13:39.424Z] at jsxParseNamespacedName (/home/ubuntu/crisispath/node_modules/.pnpm/@babel+parser@7.28.4/node_modules/@babel/parser/src/plugins/jsx/index.ts:288:25)
[2026-04-28T01:13:39.424Z] at jsxParseAttribute (/home/ubuntu/crisispath/node_modules/.pnpm/@babel+parser@7.28.4/node_modules/@babel/parser/src/plugins/jsx/index.ts:413:24)
[2026-04-28T01:13:39.425Z] at jsxParseOpeningElementAfterName (/home/ubuntu/crisispath/node_modules/.pnpm/@babel+parser@7.28.4/node_modules/@babel/parser/src/plugins/jsx/index.ts:440:30)
[2026-04-28T01:13:39.425Z] at jsxParseOpeningElementAfterName (/home/ubuntu/crisispath/node_modules/.pnpm/@babel+parser@7.28.4/node_modules/@babel/parser/src/plugins/typescript/index.ts:4171:20)
[2026-04-28T01:13:39.426Z] at jsxParseOpeningElementAt (/home/ubuntu/crisispath/node_modules/.pnpm/@babel+parser@7.28.4/node_modules/@babel/parser/src/plugins/jsx/index.ts:430:19)
[2026-04-28T01:13:39.426Z] at jsxParseElementAt (/home/ubuntu/crisispath/node_modules/.pnpm/@babel+parser@7.28.4/node_modules/@babel/parser/src/plugins/jsx/index.ts:470:35)
[2026-04-28T01:13:39.426Z] at jsxParseElementAt (/home/ubuntu/crisispath/node_modules/.pnpm/@babel+parser@7.28.4/node_modules/@babel/parser/src/plugins/jsx/index.ts:483:34)
[2026-04-28T01:13:39.427Z] at jsxParseElement (/home/ubuntu/crisispath/node_modules/.pnpm/@babel+parser@7.28.4/node_modules/@babel/parser/src/plugins/jsx/index.ts:559:19)
[2026-04-28T01:13:39.427Z] at parseExprAtom (/home/ubuntu/crisispath/node_modules/.pnpm/@babel+parser@7.28.4/node_modules/@babel/parser/src/plugins/jsx/index.ts:573:21)
[2026-04-28T01:13:39.428Z] at parseExprSubscripts (/home/ubuntu/crisispath/node_modules/.pnpm/@babel+parser@7.28.4/node_modules/@babel/parser/src/parser/expression.ts:734:23)
[2026-04-28T01:13:39.428Z] at parseUpdate (/home/ubuntu/crisispath/node_modules/.pnpm/@babel+parser@7.28.4/node_modules/@babel/parser/src/parser/expression.ts:713:21)
[2026-04-28T01:13:39.428Z] at parseMaybeUnary (/home/ubuntu/crisispath/node_modules/.pnpm/@babel+parser@7.28.4/node_modules/@babel/parser/src/parser/expression.ts:675:23)
[2026-04-28T01:13:39.429Z] at parseMaybeUnary (/home/ubuntu/crisispath/node_modules/.pnpm/@babel+parser@7.28.4/node_modules/@babel/parser/src/plugins/typescript/index.ts:3855:20)
[2026-04-28T01:13:39.429Z] at parseMaybeUnaryOrPrivate (/home/ubuntu/crisispath/node_modules/.pnpm/@babel+parser@7.28.4/node_modules/@babel/parser/src/parser/expression.ts:409:14)
[2026-04-28T01:13:39.430Z] at parseExprOps (/home/ubuntu/crisispath/node_modules/.pnpm/@babel+parser@7.28.4/node_modules/@babel/parser/src/parser/expression.ts:421:23)
[2026-04-28T01:13:39.430Z] at parseMaybeConditional (/home/ubuntu/crisispath/node_modules/.pnpm/@babel+parser@7.28.4/node_modules/@babel/parser/src/parser/expression.ts:376:23)
[2026-04-28T01:13:39.430Z] at parseMaybeAssign (/home/ubuntu/crisispath/node_modules/.pnpm/@babel+parser@7.28.4/node_modules/@babel/parser/src/parser/expression.ts:301:21)
[2026-04-28T01:13:39.431Z] at fn (/home/ubuntu/crisispath/node_modules/.pnpm/@babel+parser@7.28.4/node_modules/@babel/parser/src/plugins/typescript/index.ts:3708:23)
[2026-04-28T01:13:39.431Z] at tryParse (/home/ubuntu/crisispath/node_modules/.pnpm/@babel+parser@7.28.4/node_modules/@babel/parser/src/parser/util.ts:174:20)
[2026-04-28T01:13:39.432Z] at parseMaybeAssign (/home/ubuntu/crisispath/node_modules/.pnpm/@babel+parser@7.28.4/node_modules/@babel/parser/src/plugins/typescript/index.ts:3707:20)
[2026-04-28T01:13:39.432Z] at callback (/home/ubuntu/crisispath/node_modules/.pnpm/@babel+parser@7.28.4/node_modules/@babel/parser/src/parser/expression.ts:257:12)
[2026-04-28T01:13:39.432Z] at allowInAnd (/home/ubuntu/crisispath/node_modules/.pnpm/@babel+parser@7.28.4/node_modules/@babel/parser/src/parser/expression.ts:3192:12)
[2026-04-28T01:13:39.433Z] at parseMaybeAssignAllowIn (/home/ubuntu/crisispath/node_modules/.pnpm/@babel+parser@7.28.4/node_modules/@babel/parser/src/parser/expression.ts:256:17)
[2026-04-28T01:13:39.434Z] at parseMaybeAssignAllowInOrVoidPattern (/home/ubuntu/crisispath/node_modules/.pnpm/@babel+parser@7.28.4/node_modules/@babel/parser/src/parser/expression.ts:3306:17)
[2026-04-28T01:13:39.434Z] at parseParenAndDistinguishExpression (/home/ubuntu/crisispath/node_modules/.pnpm/@babel+parser@7.28.4/node_modules/@babel/parser/src/parser/expression.ts:1813:16)
[2026-04-28T01:13:39.434Z] at parseExprAtom (/home/ubuntu/crisispath/node_modules/.pnpm/@babel+parser@7.28.4/node_modules/@babel/parser/src/parser/expression.ts:1162:21)
[2026-04-28T01:13:39.435Z] at parseExprAtom (/home/ubuntu/crisispath/node_modules/.pnpm/@babel+parser@7.28.4/node_modules/@babel/parser/src/plugins/jsx/index.ts:583:22)
[2026-04-28T01:13:39.435Z] at parseExprSubscripts (/home/ubuntu/crisispath/node_modules/.pnpm/@babel+parser@7.28.4/node_modules/@babel/parser/src/parser/expression.ts:734:23)
[2026-04-28T01:13:39.436Z] at parseUpdate (/home/ubuntu/crisispath/node_modules/.pnpm/@babel+parser@7.28.4/node_modules/@babel/parser/src/parser/expression.ts:713:21)
[2026-04-28T01:13:39.436Z] at parseMaybeUnary (/home/ubuntu/crisispath/node_modules/.pnpm/@babel+parser@7.28.4/node_modules/@babel/parser/src/parser/expression.ts:675:23)
[2026-04-28T01:13:39.436Z] at parseMaybeUnary (/home/ubuntu/crisispath/node_modules/.pnpm/@babel+parser@7.28.4/node_modules/@babel/parser/src/plugins/typescript/index.ts:3855:20)
[2026-04-28T01:13:39.437Z] at parseMaybeUnaryOrPrivate (/home/ubuntu/crisispath/node_modules/.pnpm/@babel+parser@7.28.4/node_modules/@babel/parser/src/parser/expression.ts:409:14)
[2026-04-28T01:13:39.437Z] at parseExprOps (/home/ubuntu/crisispath/node_modules/.pnpm/@babel+parser@7.28.4/node_modules/@babel/parser/src/parser/expression.ts:421:23)
[2026-04-28T01:13:39.438Z] at parseMaybeConditional (/home/ubuntu/crisispath/node_modules/.pnpm/@babel+parser@7.28.4/node_modules/@babel/parser/src/parser/expression.ts:376:23)
[2026-04-28T01:13:39.438Z] at parseMaybeAssign (/home/ubuntu/crisispath/node_modules/.pnpm/@babel+parser@7.28.4/node_modules/@babel/parser/src/parser/expression.ts:301:21)
[2026-04-28T01:13:39.438Z] at parseMaybeAssign (/home/ubuntu/crisispath/node_modules/.pnpm/@babel+parser@7.28.4/node_modules/@babel/parser/src/plugins/typescript/index.ts:3727:22)
[2026-04-28T01:13:39.439Z] at parseExpressionBase (/home/ubuntu/crisispath/node_modules/.pnpm/@babel+parser@7.28.4/node_modules/@babel/parser/src/parser/expression.ts:226:23)
[2026-04-28T01:13:39.439Z] at callback (/home/ubuntu/crisispath/node_modules/.pnpm/@babel+parser@7.28.4/node_modules/@babel/parser/src/parser/expression.ts:217:39)
[2026-04-28T01:13:39.439Z] at allowInAnd (/home/ubuntu/crisispath/node_modules/.pnpm/@babel+parser@7.28.4/node_modules/@babel/parser/src/parser/expression.ts:3187:16)
[2026-04-28T01:13:39.440Z] at parseExpression (/home/ubuntu/crisispath/node_modules/.pnpm/@babel+parser@7.28.4/node_modules/@babel/parser/src/parser/expression.ts:217:17)
[2026-04-28T01:13:39.440Z] at parseReturnStatement (/home/ubuntu/crisispath/node_modules/.pnpm/@babel+parser@7.28.4/node_modules/@babel/parser/src/parser/statement.ts:1110:28)
[2026-04-28T01:13:39.441Z] at parseStatementContent (/home/ubuntu/crisispath/node_modules/.pnpm/@babel+parser@7.28.4/node_modules/@babel/parser/src/parser/statement.ts:538:21)
[2026-04-28T01:13:39.441Z] at parseStatementContent (/home/ubuntu/crisispath/node_modules/.pnpm/@babel+parser@7.28.4/node_modules/@babel/parser/src/plugins/typescript/index.ts:3185:20)
[2026-04-28T01:13:39.441Z] at parseStatementLike (/home/ubuntu/crisispath/node_modules/.pnpm/@babel+parser@7.28.4/node_modules/@babel/parser/src/parser/statement.ts:477:17)
[2026-04-28T01:13:39.442Z] at parseStatementListItem (/home/ubuntu/crisispath/node_modules/.pnpm/@babel+parser@7.28.4/node_modules/@babel/parser/src/parser/statement.ts:426:17)
[2026-04-28T01:13:39.442Z] at parseBlockOrModuleBlockBody (/home/ubuntu/crisispath/node_modules/.pnpm/@babel+parser@7.28.4/node_modules/@babel/parser/src/parser/statement.ts:1439:16)
[2026-04-28T01:13:39.514Z] 9:13:39 PM [vite] (client) Pre-transform error: /home/ubuntu/crisispath/client/src/App.tsx: Unexpected token (66:17)
[2026-04-28T01:13:39.515Z] 
[2026-04-28T01:13:39.515Z] 64 |     <>
[2026-04-28T01:13:39.516Z] 65 |       <Router />
[2026-04-28T01:13:39.516Z] > 66 |       <Bott      <FeedbackModal
[2026-04-28T01:13:39.516Z] |                  ^
[2026-04-28T01:13:39.517Z] 67 |         isOpen={showFeedback}
[2026-04-28T01:13:39.517Z] 68 |         onClose={() => setShowFeedback(false)}
[2026-04-28T01:13:39.518Z] 69 |       />
[2026-04-28T01:13:39.518Z] Plugin: vite:react-babel
[2026-04-28T01:13:39.518Z] File: /home/ubuntu/crisispath/client/src/App.tsx:66:17
[2026-04-28T01:13:39.519Z] 64 |      <>
[2026-04-28T01:13:39.519Z] 65 |        <Router />
[2026-04-28T01:13:39.519Z] 66 |        <Bott      <FeedbackModal
[2026-04-28T01:13:39.520Z] |                   ^
[2026-04-28T01:13:39.520Z] 67 |          isOpen={showFeedback}
[2026-04-28T01:13:39.520Z] 68 |          onClose={() => setShowFeedback(false)}
[2026-04-28T01:13:43.378Z] 9:13:43 PM [vite] (client) Pre-transform error: /home/ubuntu/crisispath/client/src/App.tsx: Unexpected token (66:17)
[2026-04-28T01:13:43.380Z] 
[2026-04-28T01:13:43.380Z] 64 |     <>
[2026-04-28T01:13:43.381Z] 65 |       <Router />
[2026-04-28T01:13:43.381Z] > 66 |       <Bott      <FeedbackModal
[2026-04-28T01:13:43.382Z] |                  ^
[2026-04-28T01:13:43.382Z] 67 |         isOpen={showFeedback}
[2026-04-28T01:13:43.383Z] 68 |         onClose={() => setShowFeedback(false)}
[2026-04-28T01:13:43.383Z] 69 |       />
[2026-04-28T01:13:43.383Z] Plugin: vite:react-babel
[2026-04-28T01:13:43.384Z] File: /home/ubuntu/crisispath/client/src/App.tsx:66:17
[2026-04-28T01:13:43.384Z] 64 |      <>
[2026-04-28T01:13:43.385Z] 65 |        <Router />
[2026-04-28T01:13:43.385Z] 66 |        <Bott      <FeedbackModal
[2026-04-28T01:13:43.385Z] |                   ^
[2026-04-28T01:13:43.386Z] 67 |          isOpen={showFeedback}
[2026-04-28T01:13:43.386Z] 68 |          onClose={() => setShowFeedback(false)}
[2026-04-28T01:13:43.595Z] 9:13:43 PM [vite] Internal server error: /home/ubuntu/crisispath/client/src/App.tsx: Unexpected token (66:17)
[2026-04-28T01:13:43.596Z] 
[2026-04-28T01:13:43.597Z] 64 |     <>
[2026-04-28T01:13:43.597Z] 65 |       <Router />
[2026-04-28T01:13:43.597Z] > 66 |       <Bott      <FeedbackModal
[2026-04-28T01:13:43.598Z] |                  ^
[2026-04-28T01:13:43.598Z] 67 |         isOpen={showFeedback}
[2026-04-28T01:13:43.599Z] 68 |         onClose={() => setShowFeedback(false)}
[2026-04-28T01:13:43.599Z] 69 |       />
[2026-04-28T01:13:43.600Z] Plugin: vite:react-babel
[2026-04-28T01:13:43.600Z] File: /home/ubuntu/crisispath/client/src/App.tsx:66:17
[2026-04-28T01:13:43.601Z] 64 |      <>
[2026-04-28T01:13:43.602Z] 65 |        <Router />
[2026-04-28T01:13:43.602Z] 66 |        <Bott      <FeedbackModal
[2026-04-28T01:13:43.603Z] |                   ^
[2026-04-28T01:13:43.604Z] 67 |          isOpen={showFeedback}
[2026-04-28T01:13:43.605Z] 68 |          onClose={() => setShowFeedback(false)}
[2026-04-28T01:13:43.606Z] at toParseError (/home/ubuntu/crisispath/node_modules/.pnpm/@babel+parser@7.28.4/node_modules/@babel/parser/src/parse-error.ts:95:45)
[2026-04-28T01:13:43.606Z] at raise (/home/ubuntu/crisispath/node_modules/.pnpm/@babel+parser@7.28.4/node_modules/@babel/parser/src/tokenizer/index.ts:1503:19)
[2026-04-28T01:13:43.606Z] at unexpected (/home/ubuntu/crisispath/node_modules/.pnpm/@babel+parser@7.28.4/node_modules/@babel/parser/src/tokenizer/index.ts:1543:16)
[2026-04-28T01:13:43.607Z] at jsxParseIdentifier (/home/ubuntu/crisispath/node_modules/.pnpm/@babel+parser@7.28.4/node_modules/@babel/parser/src/plugins/jsx/index.ts:278:14)
[2026-04-28T01:13:43.607Z] at jsxParseNamespacedName (/home/ubuntu/crisispath/node_modules/.pnpm/@babel+parser@7.28.4/node_modules/@babel/parser/src/plugins/jsx/index.ts:288:25)
[2026-04-28T01:13:43.608Z] at jsxParseAttribute (/home/ubuntu/crisispath/node_modules/.pnpm/@babel+parser@7.28.4/node_modules/@babel/parser/src/plugins/jsx/index.ts:413:24)
[2026-04-28T01:13:43.608Z] at jsxParseOpeningElementAfterName (/home/ubuntu/crisispath/node_modules/.pnpm/@babel+parser@7.28.4/node_modules/@babel/parser/src/plugins/jsx/index.ts:440:30)
[2026-04-28T01:13:43.609Z] at jsxParseOpeningElementAfterName (/home/ubuntu/crisispath/node_modules/.pnpm/@babel+parser@7.28.4/node_modules/@babel/parser/src/plugins/typescript/index.ts:4171:20)
[2026-04-28T01:13:43.609Z] at jsxParseOpeningElementAt (/home/ubuntu/crisispath/node_modules/.pnpm/@babel+parser@7.28.4/node_modules/@babel/parser/src/plugins/jsx/index.ts:430:19)
[2026-04-28T01:13:43.610Z] at jsxParseElementAt (/home/ubuntu/crisispath/node_modules/.pnpm/@babel+parser@7.28.4/node_modules/@babel/parser/src/plugins/jsx/index.ts:470:35)
[2026-04-28T01:13:43.610Z] at jsxParseElementAt (/home/ubuntu/crisispath/node_modules/.pnpm/@babel+parser@7.28.4/node_modules/@babel/parser/src/plugins/jsx/index.ts:483:34)
[2026-04-28T01:13:43.610Z] at jsxParseElement (/home/ubuntu/crisispath/node_modules/.pnpm/@babel+parser@7.28.4/node_modules/@babel/parser/src/plugins/jsx/index.ts:559:19)
[2026-04-28T01:13:43.611Z] at parseExprAtom (/home/ubuntu/crisispath/node_modules/.pnpm/@babel+parser@7.28.4/node_modules/@babel/parser/src/plugins/jsx/index.ts:573:21)
[2026-04-28T01:13:43.611Z] at parseExprSubscripts (/home/ubuntu/crisispath/node_modules/.pnpm/@babel+parser@7.28.4/node_modules/@babel/parser/src/parser/expression.ts:734:23)
[2026-04-28T01:13:43.612Z] at parseUpdate (/home/ubuntu/crisispath/node_modules/.pnpm/@babel+parser@7.28.4/node_modules/@babel/parser/src/parser/expression.ts:713:21)
[2026-04-28T01:13:43.612Z] at parseMaybeUnary (/home/ubuntu/crisispath/node_modules/.pnpm/@babel+parser@7.28.4/node_modules/@babel/parser/src/parser/expression.ts:675:23)
[2026-04-28T01:13:43.612Z] at parseMaybeUnary (/home/ubuntu/crisispath/node_modules/.pnpm/@babel+parser@7.28.4/node_modules/@babel/parser/src/plugins/typescript/index.ts:3855:20)
[2026-04-28T01:13:43.613Z] at parseMaybeUnaryOrPrivate (/home/ubuntu/crisispath/node_modules/.pnpm/@babel+parser@7.28.4/node_modules/@babel/parser/src/parser/expression.ts:409:14)
[2026-04-28T01:13:43.613Z] at parseExprOps (/home/ubuntu/crisispath/node_modules/.pnpm/@babel+parser@7.28.4/node_modules/@babel/parser/src/parser/expression.ts:421:23)
[2026-04-28T01:13:43.613Z] at parseMaybeConditional (/home/ubuntu/crisispath/node_modules/.pnpm/@babel+parser@7.28.4/node_modules/@babel/parser/src/parser/expression.ts:376:23)
[2026-04-28T01:13:43.614Z] at parseMaybeAssign (/home/ubuntu/crisispath/node_modules/.pnpm/@babel+parser@7.28.4/node_modules/@babel/parser/src/parser/expression.ts:301:21)
[2026-04-28T01:13:43.614Z] at fn (/home/ubuntu/crisispath/node_modules/.pnpm/@babel+parser@7.28.4/node_modules/@babel/parser/src/plugins/typescript/index.ts:3708:23)
[2026-04-28T01:13:43.615Z] at tryParse (/home/ubuntu/crisispath/node_modules/.pnpm/@babel+parser@7.28.4/node_modules/@babel/parser/src/parser/util.ts:174:20)
[2026-04-28T01:13:43.615Z] at parseMaybeAssign (/home/ubuntu/crisispath/node_modules/.pnpm/@babel+parser@7.28.4/node_modules/@babel/parser/src/plugins/typescript/index.ts:3707:20)
[2026-04-28T01:13:43.616Z] at callback (/home/ubuntu/crisispath/node_modules/.pnpm/@babel+parser@7.28.4/node_modules/@babel/parser/src/parser/expression.ts:257:12)
[2026-04-28T01:13:43.617Z] at allowInAnd (/home/ubuntu/crisispath/node_modules/.pnpm/@babel+parser@7.28.4/node_modules/@babel/parser/src/parser/expression.ts:3192:12)
[2026-04-28T01:13:43.618Z] at parseMaybeAssignAllowIn (/home/ubuntu/crisispath/node_modules/.pnpm/@babel+parser@7.28.4/node_modules/@babel/parser/src/parser/expression.ts:256:17)
[2026-04-28T01:13:43.619Z] at parseMaybeAssignAllowInOrVoidPattern (/home/ubuntu/crisispath/node_modules/.pnpm/@babel+parser@7.28.4/node_modules/@babel/parser/src/parser/expression.ts:3306:17)
[2026-04-28T01:13:43.620Z] at parseParenAndDistinguishExpression (/home/ubuntu/crisispath/node_modules/.pnpm/@babel+parser@7.28.4/node_modules/@babel/parser/src/parser/expression.ts:1813:16)
[2026-04-28T01:13:43.621Z] at parseExprAtom (/home/ubuntu/crisispath/node_modules/.pnpm/@babel+parser@7.28.4/node_modules/@babel/parser/src/parser/expression.ts:1162:21)
[2026-04-28T01:13:43.621Z] at parseExprAtom (/home/ubuntu/crisispath/node_modules/.pnpm/@babel+parser@7.28.4/node_modules/@babel/parser/src/plugins/jsx/index.ts:583:22)
[2026-04-28T01:13:43.622Z] at parseExprSubscripts (/home/ubuntu/crisispath/node_modules/.pnpm/@babel+parser@7.28.4/node_modules/@babel/parser/src/parser/expression.ts:734:23)
[2026-04-28T01:13:43.622Z] at parseUpdate (/home/ubuntu/crisispath/node_modules/.pnpm/@babel+parser@7.28.4/node_modules/@babel/parser/src/parser/expression.ts:713:21)
[2026-04-28T01:13:43.623Z] at parseMaybeUnary (/home/ubuntu/crisispath/node_modules/.pnpm/@babel+parser@7.28.4/node_modules/@babel/parser/src/parser/expression.ts:675:23)
[2026-04-28T01:13:43.623Z] at parseMaybeUnary (/home/ubuntu/crisispath/node_modules/.pnpm/@babel+parser@7.28.4/node_modules/@babel/parser/src/plugins/typescript/index.ts:3855:20)
[2026-04-28T01:13:43.624Z] at parseMaybeUnaryOrPrivate (/home/ubuntu/crisispath/node_modules/.pnpm/@babel+parser@7.28.4/node_modules/@babel/parser/src/parser/expression.ts:409:14)
[2026-04-28T01:13:43.624Z] at parseExprOps (/home/ubuntu/crisispath/node_modules/.pnpm/@babel+parser@7.28.4/node_modules/@babel/parser/src/parser/expression.ts:421:23)
[2026-04-28T01:13:43.625Z] at parseMaybeConditional (/home/ubuntu/crisispath/node_modules/.pnpm/@babel+parser@7.28.4/node_modules/@babel/parser/src/parser/expression.ts:376:23)
[2026-04-28T01:13:43.625Z] at parseMaybeAssign (/home/ubuntu/crisispath/node_modules/.pnpm/@babel+parser@7.28.4/node_modules/@babel/parser/src/parser/expression.ts:301:21)
[2026-04-28T01:13:43.625Z] at parseMaybeAssign (/home/ubuntu/crisispath/node_modules/.pnpm/@babel+parser@7.28.4/node_modules/@babel/parser/src/plugins/typescript/index.ts:3727:22)
[2026-04-28T01:13:43.626Z] at parseExpressionBase (/home/ubuntu/crisispath/node_modules/.pnpm/@babel+parser@7.28.4/node_modules/@babel/parser/src/parser/expression.ts:226:23)
[2026-04-28T01:13:43.626Z] at callback (/home/ubuntu/crisispath/node_modules/.pnpm/@babel+parser@7.28.4/node_modules/@babel/parser/src/parser/expression.ts:217:39)
[2026-04-28T01:13:43.626Z] at allowInAnd (/home/ubuntu/crisispath/node_modules/.pnpm/@babel+parser@7.28.4/node_modules/@babel/parser/src/parser/expression.ts:3187:16)
[2026-04-28T01:13:43.627Z] at parseExpression (/home/ubuntu/crisispath/node_modules/.pnpm/@babel+parser@7.28.4/node_modules/@babel/parser/src/parser/expression.ts:217:17)
[2026-04-28T01:13:43.627Z] at parseReturnStatement (/home/ubuntu/crisispath/node_modules/.pnpm/@babel+parser@7.28.4/node_modules/@babel/parser/src/parser/statement.ts:1110:28)
[2026-04-28T01:13:43.627Z] at parseStatementContent (/home/ubuntu/crisispath/node_modules/.pnpm/@babel+parser@7.28.4/node_modules/@babel/parser/src/parser/statement.ts:538:21)
[2026-04-28T01:13:43.628Z] at parseStatementContent (/home/ubuntu/crisispath/node_modules/.pnpm/@babel+parser@7.28.4/node_modules/@babel/parser/src/plugins/typescript/index.ts:3185:20)
[2026-04-28T01:13:43.628Z] at parseStatementLike (/home/ubuntu/crisispath/node_modules/.pnpm/@babel+parser@7.28.4/node_modules/@babel/parser/src/parser/statement.ts:477:17)
[2026-04-28T01:13:43.629Z] at parseStatementListItem (/home/ubuntu/crisispath/node_modules/.pnpm/@babel+parser@7.28.4/node_modules/@babel/parser/src/parser/statement.ts:426:17)
[2026-04-28T01:13:43.629Z] at parseBlockOrModuleBlockBody (/home/ubuntu/crisispath/node_modules/.pnpm/@babel+parser@7.28.4/node_modules/@babel/parser/src/parser/statement.ts:1439:16)
[2026-04-28T01:13:43.629Z] 9:13:43 PM [vite] (client) Pre-transform error: /home/ubuntu/crisispath/client/src/App.tsx: Unexpected token (66:17)
[2026-04-28T01:13:43.630Z] 
[2026-04-28T01:13:43.630Z] 64 |     <>
[2026-04-28T01:13:43.630Z] 65 |       <Router />
[2026-04-28T01:13:43.631Z] > 66 |       <Bott      <FeedbackModal
[2026-04-28T01:13:43.632Z] |                  ^
[2026-04-28T01:13:43.633Z] 67 |         isOpen={showFeedback}
[2026-04-28T01:13:43.633Z] 68 |         onClose={() => setShowFeedback(false)}
[2026-04-28T01:13:43.634Z] 69 |       />
[2026-04-28T01:13:43.635Z] Plugin: vite:react-babel
[2026-04-28T01:13:43.636Z] File: /home/ubuntu/crisispath/client/src/App.tsx:66:17
[2026-04-28T01:13:43.636Z] 64 |      <>
[2026-04-28T01:13:43.638Z] 65 |        <Router />
[2026-04-28T01:13:43.638Z] 66 |        <Bott      <FeedbackModal
[2026-04-28T01:13:43.639Z] |                   ^
[2026-04-28T01:13:43.639Z] 67 |          isOpen={showFeedback}
[2026-04-28T01:13:43.640Z] 68 |          onClose={() => setShowFeedback(false)}
[2026-04-28T01:13:44.308Z] 9:13:44 PM [vite] (client) Pre-transform error: /home/ubuntu/crisispath/client/src/App.tsx: Unexpected token (66:17)
[2026-04-28T01:13:44.309Z] 
[2026-04-28T01:13:44.309Z] 64 |     <>
[2026-04-28T01:13:44.309Z] 65 |       <Router />
[2026-04-28T01:13:44.310Z] > 66 |       <Bott      <FeedbackModal
[2026-04-28T01:13:44.310Z] |                  ^
[2026-04-28T01:13:44.310Z] 67 |         isOpen={showFeedback}
[2026-04-28T01:13:44.311Z] 68 |         onClose={() => setShowFeedback(false)}
[2026-04-28T01:13:44.311Z] 69 |       />
[2026-04-28T01:13:44.311Z] Plugin: vite:react-babel
[2026-04-28T01:13:44.312Z] File: /home/ubuntu/crisispath/client/src/App.tsx:66:17
[2026-04-28T01:13:44.312Z] 64 |      <>
[2026-04-28T01:13:44.312Z] 65 |        <Router />
[2026-04-28T01:13:44.313Z] 66 |        <Bott      <FeedbackModal
[2026-04-28T01:13:44.313Z] |                   ^
[2026-04-28T01:13:44.313Z] 67 |          isOpen={showFeedback}
[2026-04-28T01:13:44.314Z] 68 |          onClose={() => setShowFeedback(false)}
[2026-04-28T01:13:44.908Z] 9:13:44 PM [vite] (client) Pre-transform error: /home/ubuntu/crisispath/client/src/App.tsx: Unexpected token (66:17)
[2026-04-28T01:13:44.909Z] 
[2026-04-28T01:13:44.909Z] 64 |     <>
[2026-04-28T01:13:44.910Z] 65 |       <Router />
[2026-04-28T01:13:44.910Z] > 66 |       <Bott      <FeedbackModal
[2026-04-28T01:13:44.910Z] |                  ^
[2026-04-28T01:13:44.911Z] 67 |         isOpen={showFeedback}
[2026-04-28T01:13:44.911Z] 68 |         onClose={() => setShowFeedback(false)}
[2026-04-28T01:13:44.911Z] 69 |       />
[2026-04-28T01:13:44.912Z] Plugin: vite:react-babel
[2026-04-28T01:13:44.912Z] File: /home/ubuntu/crisispath/client/src/App.tsx:66:17
[2026-04-28T01:13:44.912Z] 64 |      <>
[2026-04-28T01:13:44.913Z] 65 |        <Router />
[2026-04-28T01:13:44.913Z] 66 |        <Bott      <FeedbackModal
[2026-04-28T01:13:44.913Z] |                   ^
[2026-04-28T01:13:44.914Z] 67 |          isOpen={showFeedback}
[2026-04-28T01:13:44.914Z] 68 |          onClose={() => setShowFeedback(false)}
[2026-04-28T01:13:45.119Z] 9:13:45 PM [vite] Internal server error: /home/ubuntu/crisispath/client/src/App.tsx: Unexpected token (66:17)
[2026-04-28T01:13:45.121Z] 
[2026-04-28T01:13:45.121Z] 64 |     <>
[2026-04-28T01:13:45.121Z] 65 |       <Router />
[2026-04-28T01:13:45.122Z] > 66 |       <Bott      <FeedbackModal
[2026-04-28T01:13:45.122Z] |                  ^
[2026-04-28T01:13:45.123Z] 67 |         isOpen={showFeedback}
[2026-04-28T01:13:45.123Z] 68 |         onClose={() => setShowFeedback(false)}
[2026-04-28T01:13:45.123Z] 69 |       />
[2026-04-28T01:13:45.124Z] Plugin: vite:react-babel
[2026-04-28T01:13:45.124Z] File: /home/ubuntu/crisispath/client/src/App.tsx:66:17
[2026-04-28T01:13:45.125Z] 64 |      <>
[2026-04-28T01:13:45.125Z] 65 |        <Router />
[2026-04-28T01:13:45.125Z] 66 |        <Bott      <FeedbackModal
[2026-04-28T01:13:45.126Z] |                   ^
[2026-04-28T01:13:45.126Z] 67 |          isOpen={showFeedback}
[2026-04-28T01:13:45.126Z] 68 |          onClose={() => setShowFeedback(false)}
[2026-04-28T01:13:45.127Z] at toParseError (/home/ubuntu/crisispath/node_modules/.pnpm/@babel+parser@7.28.4/node_modules/@babel/parser/src/parse-error.ts:95:45)
[2026-04-28T01:13:45.127Z] at raise (/home/ubuntu/crisispath/node_modules/.pnpm/@babel+parser@7.28.4/node_modules/@babel/parser/src/tokenizer/index.ts:1503:19)
[2026-04-28T01:13:45.128Z] at unexpected (/home/ubuntu/crisispath/node_modules/.pnpm/@babel+parser@7.28.4/node_modules/@babel/parser/src/tokenizer/index.ts:1543:16)
[2026-04-28T01:13:45.128Z] at jsxParseIdentifier (/home/ubuntu/crisispath/node_modules/.pnpm/@babel+parser@7.28.4/node_modules/@babel/parser/src/plugins/jsx/index.ts:278:14)
[2026-04-28T01:13:45.129Z] at jsxParseNamespacedName (/home/ubuntu/crisispath/node_modules/.pnpm/@babel+parser@7.28.4/node_modules/@babel/parser/src/plugins/jsx/index.ts:288:25)
[2026-04-28T01:13:45.129Z] at jsxParseAttribute (/home/ubuntu/crisispath/node_modules/.pnpm/@babel+parser@7.28.4/node_modules/@babel/parser/src/plugins/jsx/index.ts:413:24)
[2026-04-28T01:13:45.129Z] at jsxParseOpeningElementAfterName (/home/ubuntu/crisispath/node_modules/.pnpm/@babel+parser@7.28.4/node_modules/@babel/parser/src/plugins/jsx/index.ts:440:30)
[2026-04-28T01:13:45.130Z] at jsxParseOpeningElementAfterName (/home/ubuntu/crisispath/node_modules/.pnpm/@babel+parser@7.28.4/node_modules/@babel/parser/src/plugins/typescript/index.ts:4171:20)
[2026-04-28T01:13:45.130Z] at jsxParseOpeningElementAt (/home/ubuntu/crisispath/node_modules/.pnpm/@babel+parser@7.28.4/node_modules/@babel/parser/src/plugins/jsx/index.ts:430:19)
[2026-04-28T01:13:45.130Z] at jsxParseElementAt (/home/ubuntu/crisispath/node_modules/.pnpm/@babel+parser@7.28.4/node_modules/@babel/parser/src/plugins/jsx/index.ts:470:35)
[2026-04-28T01:13:45.131Z] at jsxParseElementAt (/home/ubuntu/crisispath/node_modules/.pnpm/@babel+parser@7.28.4/node_modules/@babel/parser/src/plugins/jsx/index.ts:483:34)
[2026-04-28T01:13:45.131Z] at jsxParseElement (/home/ubuntu/crisispath/node_modules/.pnpm/@babel+parser@7.28.4/node_modules/@babel/parser/src/plugins/jsx/index.ts:559:19)
[2026-04-28T01:13:45.131Z] at parseExprAtom (/home/ubuntu/crisispath/node_modules/.pnpm/@babel+parser@7.28.4/node_modules/@babel/parser/src/plugins/jsx/index.ts:573:21)
[2026-04-28T01:13:45.132Z] at parseExprSubscripts (/home/ubuntu/crisispath/node_modules/.pnpm/@babel+parser@7.28.4/node_modules/@babel/parser/src/parser/expression.ts:734:23)
[2026-04-28T01:13:45.132Z] at parseUpdate (/home/ubuntu/crisispath/node_modules/.pnpm/@babel+parser@7.28.4/node_modules/@babel/parser/src/parser/expression.ts:713:21)
[2026-04-28T01:13:45.133Z] at parseMaybeUnary (/home/ubuntu/crisispath/node_modules/.pnpm/@babel+parser@7.28.4/node_modules/@babel/parser/src/parser/expression.ts:675:23)
[2026-04-28T01:13:45.133Z] at parseMaybeUnary (/home/ubuntu/crisispath/node_modules/.pnpm/@babel+parser@7.28.4/node_modules/@babel/parser/src/plugins/typescript/index.ts:3855:20)
[2026-04-28T01:13:45.133Z] at parseMaybeUnaryOrPrivate (/home/ubuntu/crisispath/node_modules/.pnpm/@babel+parser@7.28.4/node_modules/@babel/parser/src/parser/expression.ts:409:14)
[2026-04-28T01:13:45.134Z] at parseExprOps (/home/ubuntu/crisispath/node_modules/.pnpm/@babel+parser@7.28.4/node_modules/@babel/parser/src/parser/expression.ts:421:23)
[2026-04-28T01:13:45.134Z] at parseMaybeConditional (/home/ubuntu/crisispath/node_modules/.pnpm/@babel+parser@7.28.4/node_modules/@babel/parser/src/parser/expression.ts:376:23)
[2026-04-28T01:13:45.134Z] at parseMaybeAssign (/home/ubuntu/crisispath/node_modules/.pnpm/@babel+parser@7.28.4/node_modules/@babel/parser/src/parser/expression.ts:301:21)
[2026-04-28T01:13:45.135Z] at fn (/home/ubuntu/crisispath/node_modules/.pnpm/@babel+parser@7.28.4/node_modules/@babel/parser/src/plugins/typescript/index.ts:3708:23)
[2026-04-28T01:13:45.135Z] at tryParse (/home/ubuntu/crisispath/node_modules/.pnpm/@babel+parser@7.28.4/node_modules/@babel/parser/src/parser/util.ts:174:20)
[2026-04-28T01:13:45.136Z] at parseMaybeAssign (/home/ubuntu/crisispath/node_modules/.pnpm/@babel+parser@7.28.4/node_modules/@babel/parser/src/plugins/typescript/index.ts:3707:20)
[2026-04-28T01:13:45.136Z] at callback (/home/ubuntu/crisispath/node_modules/.pnpm/@babel+parser@7.28.4/node_modules/@babel/parser/src/parser/expression.ts:257:12)
[2026-04-28T01:13:45.136Z] at allowInAnd (/home/ubuntu/crisispath/node_modules/.pnpm/@babel+parser@7.28.4/node_modules/@babel/parser/src/parser/expression.ts:3192:12)
[2026-04-28T01:13:45.137Z] at parseMaybeAssignAllowIn (/home/ubuntu/crisispath/node_modules/.pnpm/@babel+parser@7.28.4/node_modules/@babel/parser/src/parser/expression.ts:256:17)
[2026-04-28T01:13:45.137Z] at parseMaybeAssignAllowInOrVoidPattern (/home/ubuntu/crisispath/node_modules/.pnpm/@babel+parser@7.28.4/node_modules/@babel/parser/src/parser/expression.ts:3306:17)
[2026-04-28T01:13:45.138Z] at parseParenAndDistinguishExpression (/home/ubuntu/crisispath/node_modules/.pnpm/@babel+parser@7.28.4/node_modules/@babel/parser/src/parser/expression.ts:1813:16)
[2026-04-28T01:13:45.138Z] at parseExprAtom (/home/ubuntu/crisispath/node_modules/.pnpm/@babel+parser@7.28.4/node_modules/@babel/parser/src/parser/expression.ts:1162:21)
[2026-04-28T01:13:45.139Z] at parseExprAtom (/home/ubuntu/crisispath/node_modules/.pnpm/@babel+parser@7.28.4/node_modules/@babel/parser/src/plugins/jsx/index.ts:583:22)
[2026-04-28T01:13:45.139Z] at parseExprSubscripts (/home/ubuntu/crisispath/node_modules/.pnpm/@babel+parser@7.28.4/node_modules/@babel/parser/src/parser/expression.ts:734:23)
[2026-04-28T01:13:45.139Z] at parseUpdate (/home/ubuntu/crisispath/node_modules/.pnpm/@babel+parser@7.28.4/node_modules/@babel/parser/src/parser/expression.ts:713:21)
[2026-04-28T01:13:45.140Z] at parseMaybeUnary (/home/ubuntu/crisispath/node_modules/.pnpm/@babel+parser@7.28.4/node_modules/@babel/parser/src/parser/expression.ts:675:23)
[2026-04-28T01:13:45.140Z] at parseMaybeUnary (/home/ubuntu/crisispath/node_modules/.pnpm/@babel+parser@7.28.4/node_modules/@babel/parser/src/plugins/typescript/index.ts:3855:20)
[2026-04-28T01:13:45.140Z] at parseMaybeUnaryOrPrivate (/home/ubuntu/crisispath/node_modules/.pnpm/@babel+parser@7.28.4/node_modules/@babel/parser/src/parser/expression.ts:409:14)
[2026-04-28T01:13:45.141Z] at parseExprOps (/home/ubuntu/crisispath/node_modules/.pnpm/@babel+parser@7.28.4/node_modules/@babel/parser/src/parser/expression.ts:421:23)
[2026-04-28T01:13:45.141Z] at parseMaybeConditional (/home/ubuntu/crisispath/node_modules/.pnpm/@babel+parser@7.28.4/node_modules/@babel/parser/src/parser/expression.ts:376:23)
[2026-04-28T01:13:45.141Z] at parseMaybeAssign (/home/ubuntu/crisispath/node_modules/.pnpm/@babel+parser@7.28.4/node_modules/@babel/parser/src/parser/expression.ts:301:21)
[2026-04-28T01:13:45.142Z] at parseMaybeAssign (/home/ubuntu/crisispath/node_modules/.pnpm/@babel+parser@7.28.4/node_modules/@babel/parser/src/plugins/typescript/index.ts:3727:22)
[2026-04-28T01:13:45.142Z] at parseExpressionBase (/home/ubuntu/crisispath/node_modules/.pnpm/@babel+parser@7.28.4/node_modules/@babel/parser/src/parser/expression.ts:226:23)
[2026-04-28T01:13:45.142Z] at callback (/home/ubuntu/crisispath/node_modules/.pnpm/@babel+parser@7.28.4/node_modules/@babel/parser/src/parser/expression.ts:217:39)
[2026-04-28T01:13:45.143Z] at allowInAnd (/home/ubuntu/crisispath/node_modules/.pnpm/@babel+parser@7.28.4/node_modules/@babel/parser/src/parser/expression.ts:3187:16)
[2026-04-28T01:13:45.143Z] at parseExpression (/home/ubuntu/crisispath/node_modules/.pnpm/@babel+parser@7.28.4/node_modules/@babel/parser/src/parser/expression.ts:217:17)
[2026-04-28T01:13:45.144Z] at parseReturnStatement (/home/ubuntu/crisispath/node_modules/.pnpm/@babel+parser@7.28.4/node_modules/@babel/parser/src/parser/statement.ts:1110:28)
[2026-04-28T01:13:45.144Z] at parseStatementContent (/home/ubuntu/crisispath/node_modules/.pnpm/@babel+parser@7.28.4/node_modules/@babel/parser/src/parser/statement.ts:538:21)
[2026-04-28T01:13:45.144Z] at parseStatementContent (/home/ubuntu/crisispath/node_modules/.pnpm/@babel+parser@7.28.4/node_modules/@babel/parser/src/plugins/typescript/index.ts:3185:20)
[2026-04-28T01:13:45.145Z] at parseStatementLike (/home/ubuntu/crisispath/node_modules/.pnpm/@babel+parser@7.28.4/node_modules/@babel/parser/src/parser/statement.ts:477:17)
[2026-04-28T01:13:45.145Z] at parseStatementListItem (/home/ubuntu/crisispath/node_modules/.pnpm/@babel+parser@7.28.4/node_modules/@babel/parser/src/parser/statement.ts:426:17)
[2026-04-28T01:13:45.146Z] at parseBlockOrModuleBlockBody (/home/ubuntu/crisispath/node_modules/.pnpm/@babel+parser@7.28.4/node_modules/@babel/parser/src/parser/statement.ts:1439:16)
[2026-04-28T01:13:45.146Z] 9:13:45 PM [vite] (client) Pre-transform error: /home/ubuntu/crisispath/client/src/App.tsx: Unexpected token (66:17)
[2026-04-28T01:13:45.146Z] 
[2026-04-28T01:13:45.147Z] 64 |     <>
[2026-04-28T01:13:45.147Z] 65 |       <Router />
[2026-04-28T01:13:45.147Z] > 66 |       <Bott      <FeedbackModal
[2026-04-28T01:13:45.148Z] |                  ^
[2026-04-28T01:13:45.148Z] 67 |         isOpen={showFeedback}
[2026-04-28T01:13:45.148Z] 68 |         onClose={() => setShowFeedback(false)}
[2026-04-28T01:13:45.149Z] 69 |       />
[2026-04-28T01:13:45.149Z] Plugin: vite:react-babel
[2026-04-28T01:13:45.149Z] File: /home/ubuntu/crisispath/client/src/App.tsx:66:17
[2026-04-28T01:13:45.150Z] 64 |      <>
[2026-04-28T01:13:45.150Z] 65 |        <Router />
[2026-04-28T01:13:45.150Z] 66 |        <Bott      <FeedbackModal
[2026-04-28T01:13:45.151Z] |                   ^
[2026-04-28T01:13:45.151Z] 67 |          isOpen={showFeedback}
[2026-04-28T01:13:45.151Z] 68 |          onClose={() => setShowFeedback(false)}
[2026-04-28T01:13:57.930Z] 9:13:57 PM [vite] (client) hmr update /src/App.tsx, /src/index.css
[2026-04-28T01:14:25.596Z] 9:14:25 PM [vite] (client) hmr update /src/index.css
[2026-04-28T01:15:16.987Z] 9:15:16 PM [tsx] change in ./vite.config.ts Restarting...
[2026-04-28T01:15:19.380Z] c[OAuth] Initialized with baseURL: https://api.manus.im
[2026-04-28T01:15:19.705Z] Server running on http://localhost:3000/
[2026-04-28T01:15:20.198Z] [baseline-browser-mapping] The data in this module is over two months old.  To ensure accurate Baseline data, please update: `npm i baseline-browser-mapping@latest -D`
[2026-04-28T01:15:45.535Z] 9:15:45 PM [vite] (client) hmr update /src/index.css
[2026-04-28T01:17:26.311Z] 9:17:26 PM [tsx] change in ./vite.config.ts Restarting...
[2026-04-28T01:17:28.581Z] c[OAuth] Initialized with baseURL: https://api.manus.im
[2026-04-28T01:17:28.830Z] Server running on http://localhost:3000/
[2026-04-28T01:17:29.558Z] [baseline-browser-mapping] The data in this module is over two months old.  To ensure accurate Baseline data, please update: `npm i baseline-browser-mapping@latest -D`
[2026-04-28T01:17:51.204Z] 9:17:51 PM [vite] (client) hmr update /src/index.css
[2026-04-28T01:19:09.340Z] 9:19:09 PM [vite] (client) hmr update /src/pages/Home.tsx, /src/index.css
[2026-04-28T01:19:30.093Z] 9:19:30 PM [vite] (client) hmr update /src/pages/Home.tsx, /src/index.css
[2026-04-28T01:19:47.697Z] 9:19:47 PM [vite] (client) hmr update /src/pages/Home.tsx, /src/index.css
[2026-04-28T01:20:12.150Z] 9:20:12 PM [vite] (client) hmr update /src/index.css
[2026-04-28T01:28:53.771Z] 9:28:53 PM [vite] (client) hmr update /src/index.css
[2026-04-28T01:30:18.536Z] 9:30:18 PM [vite] (client) hmr update /src/index.css
[2026-05-01T11:00:08.935Z] 7:00:08 AM [tsx] change in ./server/routers/news.ts Restarting...
[2026-05-01T11:00:11.706Z] c[OAuth] Initialized with baseURL: https://api.manus.im
[2026-05-01T11:00:12.126Z] Server running on http://localhost:3000/
[2026-05-01T11:01:10.130Z] Dev server process group stopped
[2026-05-01T11:01:10.185Z] Dev server exited with code -15
[2026-05-01T11:01:13.178Z] Starting dev server with command: NODE_ENV=development tsx watch server/_core/index.ts
[2026-05-01T11:01:15.042Z] [OAuth] Initialized with baseURL: https://api.manus.im
[2026-05-01T11:01:15.284Z] Server running on http://localhost:3000/
[2026-05-01T11:02:02.901Z] [baseline-browser-mapping] The data in this module is over two months old.  To ensure accurate Baseline data, please update: `npm i baseline-browser-mapping@latest -D`
[2026-05-01T11:02:29.436Z] Dev server process group stopped
[2026-05-01T11:02:29.481Z] Dev server exited with code -15
[2026-05-01T11:02:32.449Z] Starting dev server with command: NODE_ENV=development tsx watch server/_core/index.ts
[2026-05-01T11:02:34.195Z] [OAuth] Initialized with baseURL: https://api.manus.im
[2026-05-01T11:02:34.451Z] Server running on http://localhost:3000/
[2026-05-01T11:02:35.284Z] [baseline-browser-mapping] The data in this module is over two months old.  To ensure accurate Baseline data, please update: `npm i baseline-browser-mapping@latest -D`
[2026-05-01T11:08:45.384Z] 7:08:45 AM [vite] (client) hmr update /src/index.css
[2026-05-01T21:33:32.615Z] Dev server process group stopped
[2026-05-01T21:33:32.665Z] Dev server exited with code -15
[2026-05-01T21:33:35.634Z] Starting dev server with command: NODE_ENV=development tsx watch server/_core/index.ts
[2026-05-01T21:33:37.340Z] [OAuth] Initialized with baseURL: https://api.manus.im
[2026-05-01T21:33:37.581Z] Server running on http://localhost:3000/
[2026-05-01T21:33:38.113Z] [baseline-browser-mapping] The data in this module is over two months old.  To ensure accurate Baseline data, please update: `npm i baseline-browser-mapping@latest -D`
[2026-05-01T21:35:39.725Z] 5:35:39 PM [tsx] change in ./server/routers/news.ts Restarting...
[2026-05-01T21:35:41.561Z] c[OAuth] Initialized with baseURL: https://api.manus.im
[2026-05-01T21:35:41.801Z] Server running on http://localhost:3000/
[2026-05-01T21:36:11.066Z] Dev server process group stopped
[2026-05-01T21:36:11.129Z] Dev server exited with code -15
[2026-05-01T21:36:14.080Z] Starting dev server with command: NODE_ENV=development tsx watch server/_core/index.ts
[2026-05-01T21:36:16.275Z] [OAuth] Initialized with baseURL: https://api.manus.im
[2026-05-01T21:36:16.546Z] Server running on http://localhost:3000/
[2026-05-01T21:36:55.240Z] Dev server process group stopped
[2026-05-01T21:36:55.297Z] Dev server exited with code -15
[2026-05-01T21:36:58.254Z] Starting dev server with command: NODE_ENV=development tsx watch server/_core/index.ts
[2026-05-01T21:36:59.966Z] [OAuth] Initialized with baseURL: https://api.manus.im
[2026-05-01T21:37:00.209Z] Server running on http://localhost:3000/
[2026-05-01T21:37:00.699Z] [baseline-browser-mapping] The data in this module is over two months old.  To ensure accurate Baseline data, please update: `npm i baseline-browser-mapping@latest -D`
[2026-05-01T21:37:40.089Z] 5:37:40 PM [vite] (client) hmr update /src/index.css
[2026-05-05T12:45:52.565Z] Dev server process group stopped
[2026-05-05T12:45:55.577Z] Starting dev server with command: NODE_ENV=development tsx watch server/_core/index.ts
[2026-05-05T12:45:57.281Z] [OAuth] Initialized with baseURL: https://api.manus.im
[2026-05-05T12:45:57.508Z] Server running on http://localhost:3000/
[2026-05-05T22:46:30.149Z] Dev server process group stopped
[2026-05-05T22:46:30.185Z] Dev server exited with code -15
[2026-05-05T22:46:33.160Z] Starting dev server with command: NODE_ENV=development tsx watch server/_core/index.ts
[2026-05-05T22:46:34.780Z] [OAuth] Initialized with baseURL: https://api.manus.im
[2026-05-05T22:46:35.006Z] Server running on http://localhost:3000/
[2026-05-05T22:46:51.875Z] Dev server process group stopped
[2026-05-05T22:46:51.936Z] Dev server exited with code -15
[2026-05-05T22:46:54.886Z] Starting dev server with command: NODE_ENV=development tsx watch server/_core/index.ts
[2026-05-05T22:46:56.539Z] [OAuth] Initialized with baseURL: https://api.manus.im
[2026-05-05T22:46:56.757Z] Server running on http://localhost:3000/
[2026-05-05T22:46:57.300Z] [baseline-browser-mapping] The data in this module is over two months old.  To ensure accurate Baseline data, please update: `npm i baseline-browser-mapping@latest -D`
[2026-05-05T22:50:24.303Z] Dev server process group stopped
[2026-05-05T22:50:24.340Z] Dev server exited with code -15
[2026-05-05T22:50:27.324Z] Starting dev server with command: NODE_ENV=development tsx watch server/_core/index.ts
[2026-05-05T22:50:29.093Z] [OAuth] Initialized with baseURL: https://api.manus.im
[2026-05-05T22:50:29.373Z] Server running on http://localhost:3000/
[2026-05-05T22:51:40.931Z] 6:51:40 PM [tsx] change in ./server/routers/news.ts Restarting...
[2026-05-05T22:51:42.736Z] c[OAuth] Initialized with baseURL: https://api.manus.im
[2026-05-05T22:51:42.759Z] [NewsAPI] Using API key: PRODUCTION (Real API)
[2026-05-05T22:51:43.008Z] Server running on http://localhost:3000/
[2026-05-05T22:52:21.589Z] [baseline-browser-mapping] The data in this module is over two months old.  To ensure accurate Baseline data, please update: `npm i baseline-browser-mapping@latest -D`
[2026-05-05T22:52:41.387Z] 6:52:41 PM [vite] (client) hmr update /src/App.tsx, /src/index.css
[2026-05-05T22:52:54.057Z] 6:52:54 PM [vite] (client) hmr update /src/App.tsx, /src/index.css
[2026-05-05T22:53:07.759Z] 6:53:07 PM [vite] (client) hmr update /src/App.tsx, /src/index.css
[2026-05-05T22:53:15.225Z] 6:53:15 PM [vite] (client) hmr update /src/App.tsx, /src/index.css
[2026-05-05T22:53:25.871Z] 6:53:25 PM [vite] (client) hmr update /src/App.tsx, /src/index.css
[2026-05-05T22:53:36.717Z] 6:53:36 PM [vite] (client) hmr update /src/App.tsx, /src/index.css
[2026-05-05T22:53:43.727Z] 6:53:43 PM [vite] (client) hmr update /src/App.tsx, /src/index.css
[2026-05-05T22:53:54.248Z] 6:53:54 PM [vite] (client) hmr update /src/App.tsx, /src/index.css
[2026-05-05T22:54:08.124Z] 6:54:08 PM [vite] (client) hmr update /src/App.tsx, /src/index.css
[2026-05-05T22:54:19.421Z] 6:54:19 PM [vite] (client) hmr update /src/App.tsx, /src/index.css
[2026-05-05T22:54:28.011Z] 6:54:28 PM [vite] (client) hmr update /src/App.tsx, /src/index.css
[2026-05-05T22:54:36.400Z] 6:54:36 PM [vite] (client) hmr update /src/App.tsx, /src/index.css
[2026-05-05T22:54:44.357Z] 6:54:44 PM [vite] (client) hmr update /src/App.tsx, /src/index.css
[2026-05-05T22:54:53.406Z] 6:54:53 PM [vite] (client) hmr update /src/App.tsx, /src/index.css
[2026-05-05T22:55:06.466Z] 6:55:06 PM [vite] (client) hmr update /src/App.tsx, /src/index.css
[2026-05-05T22:55:14.855Z] 6:55:14 PM [vite] (client) hmr update /src/App.tsx, /src/index.css
[2026-05-05T22:55:23.592Z] 6:55:23 PM [vite] (client) hmr update /src/App.tsx, /src/index.css
[2026-05-05T22:55:40.333Z] 6:55:40 PM [vite] (client) hmr update /src/App.tsx, /src/index.css
[2026-05-05T22:55:51.512Z] 6:55:51 PM [vite] (client) hmr update /src/pages/JoinFamily.tsx, /src/index.css
[2026-05-05T22:55:59.278Z] 6:55:59 PM [vite] (client) hmr update /src/pages/JoinFamily.tsx, /src/index.css
[2026-05-05T22:56:11.250Z] 6:56:11 PM [vite] (client) hmr update /src/pages/JoinFamily.tsx, /src/index.css
[2026-05-05T22:56:19.209Z] 6:56:19 PM [vite] (client) hmr update /src/pages/JoinFamily.tsx, /src/index.css
[2026-05-05T22:56:28.266Z] 6:56:28 PM [vite] (client) hmr update /src/pages/JoinFamily.tsx, /src/index.css
[2026-05-05T22:56:54.355Z] 6:56:54 PM [vite] (client) hmr update /src/index.css
[2026-05-07T05:03:28.176Z] 1:03:28 AM [vite] (client) hmr update /src/index.css, /src/components/FeedbackForm.tsx
[2026-05-07T05:03:48.006Z] 1:03:48 AM [vite] (client) hmr update /src/index.css
[2026-05-07T05:04:39.962Z] 1:04:39 AM [vite] (client) hmr update /src/index.css
[2026-05-07T05:13:32.371Z] 1:13:32 AM [vite] (client) hmr update /src/pages/ActionGuide.tsx, /src/index.css
[2026-05-07T05:13:32.526Z] 1:13:32 AM [vite] Internal server error: /home/ubuntu/crisispath/client/src/pages/ActionGuide.tsx: Identifier 'useState' has already been declared. (8:9)
[2026-05-07T05:13:32.527Z] 
[2026-05-07T05:13:32.528Z] 6 | import { useLocation, useSearch } from 'wouter';
[2026-05-07T05:13:32.528Z] 7 | import { QuickSafetyShare } from '@/components/QuickSafetyShare';
[2026-05-07T05:13:32.528Z] >  8 | import { useState, useEffect, useMemo } from 'react';
[2026-05-07T05:13:32.529Z] |          ^
[2026-05-07T05:13:32.529Z] 9 |
[2026-05-07T05:13:32.529Z] 10 | interface ActionStep {
[2026-05-07T05:13:32.530Z] 11 |   id: number;
[2026-05-07T05:13:32.530Z] Plugin: vite:react-babel
[2026-05-07T05:13:32.531Z] File: /home/ubuntu/crisispath/client/src/pages/ActionGuide.tsx:8:9
[2026-05-07T05:13:32.531Z] 6  |  import { useLocation, useSearch } from 'wouter';
[2026-05-07T05:13:32.532Z] 7  |  import { QuickSafetyShare } from '@/components/QuickSafetyShare';
[2026-05-07T05:13:32.532Z] 8  |  import { useState, useEffect, useMemo } from 'react';
[2026-05-07T05:13:32.533Z] |           ^
[2026-05-07T05:13:32.533Z] 9  |
[2026-05-07T05:13:32.534Z] 10 |  interface ActionStep {
[2026-05-07T05:13:32.534Z] at toParseError (/home/ubuntu/crisispath/node_modules/.pnpm/@babel+parser@7.28.4/node_modules/@babel/parser/src/parse-error.ts:95:45)
[2026-05-07T05:13:32.535Z] at raise (/home/ubuntu/crisispath/node_modules/.pnpm/@babel+parser@7.28.4/node_modules/@babel/parser/src/tokenizer/index.ts:1503:19)
[2026-05-07T05:13:32.535Z] at declareName (/home/ubuntu/crisispath/node_modules/.pnpm/@babel+parser@7.28.4/node_modules/@babel/parser/src/plugins/typescript/scope.ts:72:21)
[2026-05-07T05:13:32.536Z] at declareNameFromIdentifier (/home/ubuntu/crisispath/node_modules/.pnpm/@babel+parser@7.28.4/node_modules/@babel/parser/src/parser/lval.ts:818:16)
[2026-05-07T05:13:32.536Z] at checkIdentifier (/home/ubuntu/crisispath/node_modules/.pnpm/@babel+parser@7.28.4/node_modules/@babel/parser/src/parser/lval.ts:813:12)
[2026-05-07T05:13:32.537Z] at checkLVal (/home/ubuntu/crisispath/node_modules/.pnpm/@babel+parser@7.28.4/node_modules/@babel/parser/src/parser/lval.ts:713:12)
[2026-05-07T05:13:32.537Z] at finishImportSpecifier (/home/ubuntu/crisispath/node_modules/.pnpm/@babel+parser@7.28.4/node_modules/@babel/parser/src/parser/statement.ts:3223:10)
[2026-05-07T05:13:32.538Z] at parseImportSpecifier (/home/ubuntu/crisispath/node_modules/.pnpm/@babel+parser@7.28.4/node_modules/@babel/parser/src/parser/statement.ts:3480:17)
[2026-05-07T05:13:32.538Z] at parseImportSpecifier (/home/ubuntu/crisispath/node_modules/.pnpm/@babel+parser@7.28.4/node_modules/@babel/parser/src/plugins/typescript/index.ts:4359:20)
[2026-05-07T05:13:32.539Z] at parseNamedImportSpecifiers (/home/ubuntu/crisispath/node_modules/.pnpm/@babel+parser@7.28.4/node_modules/@babel/parser/src/parser/statement.ts:3441:36)
[2026-05-07T05:13:32.539Z] at parseImportSpecifiersAndAfter (/home/ubuntu/crisispath/node_modules/.pnpm/@babel+parser@7.28.4/node_modules/@babel/parser/src/parser/statement.ts:3173:37)
[2026-05-07T05:13:32.540Z] at parseImport (/home/ubuntu/crisispath/node_modules/.pnpm/@babel+parser@7.28.4/node_modules/@babel/parser/src/parser/statement.ts:3142:17)
[2026-05-07T05:13:32.540Z] at parseImport (/home/ubuntu/crisispath/node_modules/.pnpm/@babel+parser@7.28.4/node_modules/@babel/parser/src/plugins/typescript/index.ts:3011:28)
[2026-05-07T05:13:32.541Z] at parseStatementContent (/home/ubuntu/crisispath/node_modules/.pnpm/@babel+parser@7.28.4/node_modules/@babel/parser/src/parser/statement.ts:642:25)
[2026-05-07T05:13:32.541Z] at parseStatementContent (/home/ubuntu/crisispath/node_modules/.pnpm/@babel+parser@7.28.4/node_modules/@babel/parser/src/plugins/typescript/index.ts:3185:20)
[2026-05-07T05:13:32.542Z] at parseStatementLike (/home/ubuntu/crisispath/node_modules/.pnpm/@babel+parser@7.28.4/node_modules/@babel/parser/src/parser/statement.ts:477:17)
[2026-05-07T05:13:32.542Z] at parseModuleItem (/home/ubuntu/crisispath/node_modules/.pnpm/@babel+parser@7.28.4/node_modules/@babel/parser/src/parser/statement.ts:414:17)
[2026-05-07T05:13:32.543Z] at parseBlockOrModuleBlockBody (/home/ubuntu/crisispath/node_modules/.pnpm/@babel+parser@7.28.4/node_modules/@babel/parser/src/parser/statement.ts:1438:16)
[2026-05-07T05:13:32.543Z] at parseBlockBody (/home/ubuntu/crisispath/node_modules/.pnpm/@babel+parser@7.28.4/node_modules/@babel/parser/src/parser/statement.ts:1412:10)
[2026-05-07T05:13:32.544Z] at parseProgram (/home/ubuntu/crisispath/node_modules/.pnpm/@babel+parser@7.28.4/node_modules/@babel/parser/src/parser/statement.ts:229:10)
[2026-05-07T05:13:32.545Z] at parseTopLevel (/home/ubuntu/crisispath/node_modules/.pnpm/@babel+parser@7.28.4/node_modules/@babel/parser/src/parser/statement.ts:203:25)
[2026-05-07T05:13:32.545Z] at parse (/home/ubuntu/crisispath/node_modules/.pnpm/@babel+parser@7.28.4/node_modules/@babel/parser/src/parser/index.ts:93:10)
[2026-05-07T05:13:32.545Z] at parse (/home/ubuntu/crisispath/node_modules/.pnpm/@babel+parser@7.28.4/node_modules/@babel/parser/src/plugins/typescript/index.ts:4309:20)
[2026-05-07T05:13:32.546Z] at parse (/home/ubuntu/crisispath/node_modules/.pnpm/@babel+parser@7.28.4/node_modules/@babel/parser/src/index.ts:92:38)
[2026-05-07T05:13:32.546Z] at parser (/home/ubuntu/crisispath/node_modules/.pnpm/@babel+core@7.28.4/node_modules/@babel/core/src/parser/index.ts:28:19)
[2026-05-07T05:13:32.547Z] at parser.next (<anonymous>)
[2026-05-07T05:13:32.547Z] at normalizeFile (/home/ubuntu/crisispath/node_modules/.pnpm/@babel+core@7.28.4/node_modules/@babel/core/src/transformation/normalize-file.ts:49:24)
[2026-05-07T05:13:32.548Z] at normalizeFile.next (<anonymous>)
[2026-05-07T05:13:32.548Z] at run (/home/ubuntu/crisispath/node_modules/.pnpm/@babel+core@7.28.4/node_modules/@babel/core/src/transformation/index.ts:40:36)
[2026-05-07T05:13:32.548Z] at run.next (<anonymous>)
[2026-05-07T05:13:32.549Z] at transform (/home/ubuntu/crisispath/node_modules/.pnpm/@babel+core@7.28.4/node_modules/@babel/core/src/transform.ts:29:20)
[2026-05-07T05:13:32.549Z] at transform.next (<anonymous>)
[2026-05-07T05:13:32.549Z] at step (/home/ubuntu/crisispath/node_modules/.pnpm/gensync@1.0.0-beta.2/node_modules/gensync/index.js:261:32)
[2026-05-07T05:13:32.549Z] at /home/ubuntu/crisispath/node_modules/.pnpm/gensync@1.0.0-beta.2/node_modules/gensync/index.js:273:13
[2026-05-07T05:13:32.550Z] at async.call.result.err.err (/home/ubuntu/crisispath/node_modules/.pnpm/gensync@1.0.0-beta.2/node_modules/gensync/index.js:223:11)
[2026-05-07T05:13:32.550Z] at /home/ubuntu/crisispath/node_modules/.pnpm/gensync@1.0.0-beta.2/node_modules/gensync/index.js:189:28
[2026-05-07T05:13:32.550Z] at <anonymous> (/home/ubuntu/crisispath/node_modules/.pnpm/@babel+core@7.28.4/node_modules/@babel/core/src/gensync-utils/async.ts:90:7)
[2026-05-07T05:13:32.551Z] at /home/ubuntu/crisispath/node_modules/.pnpm/gensync@1.0.0-beta.2/node_modules/gensync/index.js:113:33
[2026-05-07T05:13:32.551Z] at step (/home/ubuntu/crisispath/node_modules/.pnpm/gensync@1.0.0-beta.2/node_modules/gensync/index.js:287:14)
[2026-05-07T05:13:32.551Z] at /home/ubuntu/crisispath/node_modules/.pnpm/gensync@1.0.0-beta.2/node_modules/gensync/index.js:273:13
[2026-05-07T05:13:32.552Z] at async.call.result.err.err (/home/ubuntu/crisispath/node_modules/.pnpm/gensync@1.0.0-beta.2/node_modules/gensync/index.js:223:11)
[2026-05-07T05:13:32.640Z] 1:13:32 AM [vite] (client) Pre-transform error: /home/ubuntu/crisispath/client/src/pages/ActionGuide.tsx: Identifier 'useState' has already been declared. (8:9)
[2026-05-07T05:13:32.641Z] 
[2026-05-07T05:13:32.642Z] 6 | import { useLocation, useSearch } from 'wouter';
[2026-05-07T05:13:32.642Z] 7 | import { QuickSafetyShare } from '@/components/QuickSafetyShare';
[2026-05-07T05:13:32.643Z] >  8 | import { useState, useEffect, useMemo } from 'react';
[2026-05-07T05:13:32.643Z] |          ^
[2026-05-07T05:13:32.644Z] 9 |
[2026-05-07T05:13:32.644Z] 10 | interface ActionStep {
[2026-05-07T05:13:32.645Z] 11 |   id: number;
[2026-05-07T05:13:32.645Z] Plugin: vite:react-babel
[2026-05-07T05:13:32.645Z] File: /home/ubuntu/crisispath/client/src/pages/ActionGuide.tsx:8:9
[2026-05-07T05:13:32.646Z] 6  |  import { useLocation, useSearch } from 'wouter';
[2026-05-07T05:13:32.646Z] 7  |  import { QuickSafetyShare } from '@/components/QuickSafetyShare';
[2026-05-07T05:13:32.646Z] 8  |  import { useState, useEffect, useMemo } from 'react';
[2026-05-07T05:13:32.647Z] |           ^
[2026-05-07T05:13:32.647Z] 9  |
[2026-05-07T05:13:32.647Z] 10 |  interface ActionStep {
[2026-05-07T05:13:40.386Z] 1:13:40 AM [vite] (client) hmr update /src/pages/ActionGuide.tsx, /src/index.css
[2026-05-07T05:13:50.617Z] 1:13:50 AM [vite] (client) hmr update /src/pages/ActionGuide.tsx, /src/index.css
[2026-05-07T05:14:02.015Z] 1:14:02 AM [vite] (client) hmr update /src/pages/ActionGuide.tsx, /src/index.css
[2026-05-07T05:14:12.532Z] 1:14:12 AM [vite] (client) hmr update /src/pages/ActionGuide.tsx, /src/index.css
[2026-05-07T05:14:22.587Z] 1:14:22 AM [vite] (client) hmr update /src/pages/ActionGuide.tsx, /src/index.css
[2026-05-07T05:14:51.504Z] 1:14:51 AM [vite] (client) hmr update /src/index.css
